date,symbol,open,high,low,close
2023-01-02,159915.SZSE,2.491334542392167,2.521230556900873,2.4580132248679885,2.4878676365060612
2023-01-02,510300.SSE,3.3893081454404586,3.4299798431857442,3.3472343909037474,3.3878890596191775
2023-01-02,510500.SSE,4.280530684970983,4.338890885519402,4.229164316751331,4.287441586481623
2023-01-02,511010.SSE,100.29764442121402,101.50121615426859,99.09124457006371,100.29478195350578
2023-01-02,511260.SSE,100.29859517644519,101.50217831856253,99.07711493155556,100.28048069995502
2023-01-02,513100.SSE,5.938259132399311,6.011531444883766,5.867000022810519,5.940248463323879
2023-01-02,518880.SSE,6.270730901372068,6.3475210899934655,6.195482130555603,6.272254041495519
2023-01-03,159915.SZSE,2.4815753692882936,2.5352352902425737,2.4517964648568342,2.505173211702148
2023-01-03,510300.SSE,3.3880711110181108,3.450657937417957,3.347414257685893,3.409741044879404
2023-01-03,510500.SSE,4.28700179480233,4.356804930672607,4.235557773264702,4.305143212127082
2023-01-03,511010.SSE,100.27100440081495,101.48045361787355,99.06775234800517,100.27712808090271
2023-01-03,511260.SSE,100.26448067604962,101.49164232599338,99.06130690793702,100.28818411659425
2023-01-03,513100.SSE,5.943938135530585,6.015265393156953,5.865533101669198,5.936774394402022
2023-01-03,518880.SSE,6.27491852511067,6.350217547411998,6.1725479590174395,6.247518177143157
2023-01-04,159915.SZSE,2.49929350059604,2.570465350943736,2.4693019785888874,2.5399855246479603
2023-01-04,510300.SSE,3.41502858889031,3.4560089319569935,3.362420663381176,3.403259780750178
2023-01-04,510500.SSE,4.306630344510079,4.360830045388471,4.2549507803759585,4.309120598209951
2023-01-04,511010.SSE,100.27164525085863,101.5151829506297,99.06838550784832,100.31144560338902
2023-01-04,511260.SSE,100.28858656396416,101.49204960273173,99.06293856874093,100.2661321545961
2023-01-04,513100.SSE,5.935946822821482,6.00717818469534,5.807304713626086,5.8778387789737705
2023-01-04,518880.SSE,6.246914323421278,6.321877295302333,6.1251083888244615,6.199502417838524
2023-01-05,159915.SZSE,2.5423449415872463,2.58958813586187,2.511836802288199,2.558881557175761
2023-01-05,510300.SSE,3.409946193708956,3.4746514847063388,3.3690268393844485,3.4334500837019157
2023-01-05,510500.SSE,4.318433494720269,4.386572594688104,4.266612292783626,4.334557899889431
2023-01-05,511010.SSE,100.31005969291942,101.54230052963982,99.10633897660439,100.33824163007887
2023-01-05,511260.SSE,100.24304721250518,101.57796172135455,99.04013064595512,100.3734799618128
2023-01-05,513100.SSE,5.865067773868308,5.97741761939579,5.794686960581888,5.906539149600583
2023-01-05,518880.SSE,6.188287441876607,6.282998659604755,6.114027992574088,6.208496699214185
2023-01-06,159915.SZSE,2.5590620837395717,2.5950534739729494,2.528353338734697,2.5642820889060762
2023-01-06,510300.SSE,3.4379938143917608,3.479249740164462,3.3957727918321603,3.437016995781539
2023-01-06,510500.SSE,4.33499281762157,4.387012731433029,4.281887125267361,4.3338938514851835
2023-01-06,511010.SSE,100.3297055857243,101.53366205275299,99.10590674962306,100.30962221621768
2023-01-06,511260.SSE,100.37044839682729,101.57489377758921,99.11627069441668,100.32011203888328
2023-01-06,513100.SSE,5.901399898002811,5.972216696778845,5.794234347395113,5.8646096633553775
2023-01-06,518880.SSE,6.222169285070327,6.296835316491172,6.095619751651116,6.169655619080077
2023-01-09,159915.SZSE,2.565031449166529,2.604158657482537,2.5342510717765308,2.5732793058127834
2023-01-09,510300.SSE,3.4332436410703706,3.474442564763215,3.3877975261670557,3.4289448645415543
2023-01-09,510500.SSE,4.322107818549749,4.3759047749087445,4.270242524727152,4.324016575996783
2023-01-09,511010.SSE,100.3343973315581,101.53841009953679,99.0528043214337,100.25587481926487
2023-01-09,511260.SSE,100.33410637947941,101.53811565603316,99.09746809576217,100.30108106858519
2023-01-09,513100.SSE,5.854223073732271,5.924473750617058,5.76919105449996,5.839262200910891
2023-01-09,518880.SSE,6.176888147230717,6.251010804997486,6.086308085819252,6.16023085609236
2023-01-10,159915.SZSE,2.569300333010335,2.6245094405521026,2.538468729014211,2.5933887752491134
2023-01-10,510300.SSE,3.4297504262858536,3.474610999977565,3.388593421170423,3.433410079029214
2023-01-10,510500.SSE,4.323542474992294,4.385133821042423,4.271659965292387,4.333136186800814
2023-01-10,511010.SSE,100.26389292027993,101.54582134212927,99.06072620523656,100.34172069380362
2023-01-10,511260.SSE,100.29381019751843,101.49733591988864,99.07049214364407,100.27377747332396
2023-01-10,513100.SSE,5.840925091237175,5.911016192332021,5.763003396424262,5.8329993890933824
2023-01-10,518880.SSE,6.157820991300845,6.231714843196455,6.0717574663911,6.145503508493016
2023-01-11,159915.SZSE,2.5933184798160838,2.6244383015738766,2.559552876633922,2.590640563394658
2023-01-11,510300.SSE,3.435171076169179,3.4763931290832093,3.388973759992865,3.430135384608163
2023-01-11,510500.SSE,4.347007427088243,4.399171516213301,4.284607766919138,4.336647537367549
2023-01-11,511010.SSE,100.3646877775344,101.56906403086481,99.079001911656,100.2823905988421
2023-01-11,511260.SSE,100.26961561791394,101.55064917921136,99.06638023049898,100.34649128380569
2023-01-11,513100.SSE,5.836425553112734,5.906462659750087,5.757104032628247,5.827028373105513
2023-01-11,518880.SSE,6.143388116537364,6.217108773935812,6.0642536341502264,6.137908536589298
2023-01-12,159915.SZSE,2.596703080854717,2.6370174634139274,2.56554264388446,2.6057484816343157
2023-01-12,510300.SSE,3.422901253984468,3.4914431224760794,3.3818264389366544,3.4500426111423708
2023-01-12,510500.SSE,4.341033065853206,4.403698192541729,4.288940669062967,4.351480427412775
2023-01-12,511010.SSE,100.28679351465843,101.50520597142032,99.08335199248252,100.30158692828095
2023-01-12,511260.SSE,100.32759789531886,101.53979589284691,99.12366672057503,100.33576669253647
2023-01-12,513100.SSE,5.828772700198948,5.898717972601336,5.744435231250522,5.814205699646277
2023-01-12,518880.SSE,6.140483327361312,6.214169127289648,6.038052611937297,6.111389283337345
2023-01-13,159915.SZSE,2.6082552863963793,2.6442439170410474,2.576956222959623,2.6128892460879913
2023-01-13,510300.SSE,3.4519323284761856,3.505781318165841,3.4105091405344714,3.4642107887014237
2023-01-13,510500.SSE,4.3473657121272336,4.39953410067276,4.285154381324725,4.337200790814499
2023-01-13,511010.SSE,100.30294749236707,101.50658286227548,99.066234512714,100.26946813027733
2023-01-13,511260.SSE,100.32492502190061,101.52882412216341,99.12039011510704,100.32428149302332
2023-01-13,513100.SSE,5.808866999226127,5.880298415630473,5.739160595235413,5.8105715569471075
2023-01-13,518880.SSE,6.103340439480093,6.187815329167308,6.030100354206332,6.1144420248688816
2023-01-16,159915.SZSE,2.613406625779148,2.6775088284491266,2.5820457462697983,2.6457597119062517
2023-01-16,510300.SSE,3.4734094565412335,3.5150903700197285,3.4136637584024254,3.4551252615409163
2023-01-16,510500.SSE,4.340192861313615,4.392275175649378,4.287944079394848,4.340024371857133
2023-01-16,511010.SSE,100.25381732434771,101.57351579303352,99.05077151645554,100.36908675200941
2023-01-16,511260.SSE,100.35368266943277,101.59815027374691,99.14943847739957,100.39342912425585
2023-01-16,513100.SSE,5.812245220762543,5.881992163411693,5.739884556300164,5.8095997533402475
2023-01-16,518880.SSE,6.116744275614227,6.190145206921598,6.013887656043091,6.086930825954546
2023-01-17,159915.SZSE,2.6444048226052237,2.691306626431443,2.612671964733961,2.6593938996358135
2023-01-17,510300.SSE,3.4577057942714498,3.502284868439075,3.4162133247401925,3.4607557988528406
2023-01-17,510500.SSE,4.336268915201584,4.391956437734699,4.284233688219166,4.3398779028999
2023-01-17,511010.SSE,100.36928631159985,101.57371774733905,99.12912350563394,100.33312095711938
2023-01-17,511260.SSE,100.39464932832911,101.6350098380566,99.18991353638916,100.42985161863301
2023-01-17,513100.SSE,5.806414255381354,5.903554642416424,5.736737284316777,5.833552018198048
2023-01-17,518880.SSE,6.07748806888518,6.206260309372069,6.004558212058558,6.132668289893348
2023-01-18,159915.SZSE,2.6581699692919836,2.7198666450953897,2.6262719296604797,2.687615261951966
2023-01-18,510300.SSE,3.466709891552226,3.5083104102508527,3.415579131643472,3.4570638984245665
2023-01-18,510500.SSE,4.3330287273665276,4.398948666595174,4.281032382638129,4.346787219955705
2023-01-18,511010.SSE,100.33333924754079,101.53733931851129,99.09030647616689,100.29383246575595
2023-01-18,511260.SSE,100.413076083146,101.62775148498214,99.20811917014824,100.4226793329863
2023-01-18,513100.SSE,5.825810612425787,5.897575224567903,5.755900885076677,5.827643502537454
2023-01-18,518880.SSE,6.132163653876029,6.248015690106223,6.058577690029517,6.173928547535794
2023-01-19,159915.SZSE,2.6809473382894335,2.725142827369397,2.6487759702299605,2.6928288807997993
2023-01-19,510300.SSE,3.4578017163754877,3.5249475134685837,3.416308095778982,3.4831497168661896
2023-01-19,510500.SSE,4.345020910176225,4.39716116109834,4.280103459344175,4.332088521603415
2023-01-19,511010.SSE,100.27098288721166,101.4742346818582,99.05637761227112,100.25949151039588
2023-01-19,511260.SSE,100.41741109741365,101.69692151221075,99.21240216424468,100.49102916226359
2023-01-19,513100.SSE,5.832690006566478,5.92935059484604,5.762697726487681,5.859042089768814
2023-01-19,518880.SSE,6.165517159501888,6.285379394526978,6.091530953587865,6.210849204078041
2023-01-20,159915.SZSE,2.6936384142860614,2.7439038637569366,2.661314753314629,2.7113674543052735
2023-01-20,510300.SSE,3.4828521941252424,3.5246464204547454,3.431840052519327,3.473522320363691
2023-01-20,510500.SSE,4.332551130378179,4.396245503545721,4.280560516813641,4.344116110223045
2023-01-20,511010.SSE,100.25047645742849,101.48244035560042,99.04747073993934,100.27909126047471
2023-01-20,511260.SSE,100.464278199205,101.82806225279374,99.25870686081454,100.62061487430212
2023-01-20,513100.SSE,5.864636427745984,5.935012064878936,5.794110301248095,5.8644841105749945
2023-01-20,518880.SSE,6.202752859608338,6.310719849460701,6.128319825293038,6.235889179308993
2023-01-23,159915.SZSE,2.714043258404916,2.7552173208874877,2.6814747393040568,2.722546759770245
2023-01-23,510300.SSE,3.475067744517541,3.535426759200617,3.4333669315833304,3.4935047027674084
2023-01-23,510500.SSE,4.334638127116229,4.39211581353257,4.282622469590834,4.340035388866176
2023-01-23,511010.SSE,100.27368832516568,101.47697258506767,98.98977669992342,100.19208168008444
2023-01-23,511260.SSE,100.60360874961914,101.82458548250443,99.39636544462371,100.61717933053798
2023-01-23,513100.SSE,5.870979951721574,5.941431711142233,5.736086374402674,5.80575543967882
2023-01-23,518880.SSE,6.247873648587527,6.322848132370577,6.147370401505837,6.222034819337892
2023-01-24,159915.SZSE,2.7175467099375843,2.758526510697487,2.6849361494183333,2.7258167101753825
2023-01-24,510300.SSE,3.490181174744963,3.5397861350041513,3.4482990006480234,3.4978123863677384
2023-01-24,510500.SSE,4.334220663610602,4.38623131157393,4.262743659681159,4.314517874171214
2023-01-24,511010.SSE,100.19898648070637,101.40137431847485,98.96729886529128,100.16933083531507
2023-01-24,511260.SSE,100.63999417468085,101.84767410477703,99.41595410956931,100.62343533357217
2023-01-24,513100.SSE,5.8016363245426845,5.916368083594145,5.732016688648172,5.846213521338088
2023-01-24,518880.SSE,6.222464757363927,6.320255209472592,6.147795180275559,6.2453114718108615
2023-01-25,159915.SZSE,2.723714136754618,2.766898005222759,2.6910295671135627,2.734088937967153
2023-01-25,510300.SSE,3.4938816410699824,3.535808220762822,3.4401185375916157,3.4819013538376677
2023-01-25,510500.SSE,4.314569899618984,4.371371537592518,4.2627950608235565,4.319537092482725
2023-01-25,511010.SSE,100.17703332010619,101.37915771994747,98.84079587367947,100.04129137012092
2023-01-25,511260.SSE,100.62104585010783,101.82849840030913,99.4037280566937,100.61106078612723
2023-01-25,513100.SSE,5.854262995677593,5.924514151625725,5.74312800993703,5.81288260115084
2023-01-25,518880.SSE,6.246822859114916,6.321784733424295,6.156981069602709,6.231762216197074
2023-01-26,159915.SZSE,2.730399383214887,2.7908180316150895,2.6976345906163086,2.757725327682895
2023-01-26,510300.SSE,3.487049160948788,3.528893750880173,3.4369982471380305,3.478743165119464
2023-01-26,510500.SSE,4.317480609802729,4.401095901977904,4.265670842485096,4.348908994049312
2023-01-26,511010.SSE,100.03159919770955,101.2629384052005,98.83122000733704,100.06219210000049
2023-01-26,511260.SSE,100.64277051018883,101.89390815371328,99.43505726406656,100.68567999378783
2023-01-26,513100.SSE,5.809536239776504,5.905125144332805,5.739821804899186,5.83510389756206
2023-01-26,518880.SSE,6.217155846101391,6.291761716254608,6.126518080034194,6.20092923080384
2023-01-27,159915.SZSE,2.7546212069948264,2.7960057601241193,2.7215657525108883,2.7628515416246238
2023-01-27,510300.SSE,3.4843173238632916,3.5261291317496513,3.427708268990372,3.469340353229122
2023-01-27,510500.SSE,4.350912620131526,4.406263242997465,4.298701668689947,4.354015062250459
2023-01-27,511010.SSE,100.0700117589031,101.27085190000994,98.83058758061114,100.03095908968739
2023-01-27,511260.SSE,100.68407997950854,101.89228893926264,99.4415168857544,100.64930858882023
2023-01-27,513100.SSE,5.839554383371954,5.909629035972418,5.751538263523575,5.821395003566371
2023-01-27,518880.SSE,6.196611774605798,6.305112429937438,6.122252433310528,6.230348250926322
2023-01-30,159915.SZSE,2.7630239357638198,2.7961802229929855,2.7205357763505598,2.753578721002591
2023-01-30,510300.SSE,3.465331105612849,3.5069150788802035,3.4113838770539795,3.45281768932589
2023-01-30,510500.SSE,4.347849300514813,4.416533826787979,4.295675108908635,4.36416386046243
2023-01-30,511010.SSE,100.02792354742452,101.22825862999362,98.74861957403728,99.94799552028064
2023-01-30,511260.SSE,100.64870505214718,101.85648951277295,99.41948132870843,100.62700539342958
2023-01-30,513100.SSE,5.817926109026116,5.898303624029459,5.748110995717803,5.828363264851244
2023-01-30,518880.SSE,6.233701583830704,6.326397483015417,6.158897164824735,6.25138091207057
2023-01-31,159915.SZSE,2.746890696619087,2.791158331032118,2.713928008259658,2.7580615919289704
2023-01-31,510300.SSE,3.456719269295534,3.4981999005270805,3.408569816857263,3.449969450260388
2023-01-31,510500.SSE,4.367801303137573,4.4202149187752235,4.298324932358463,4.350531308055125
2023-01-31,511010.SSE,99.90020482138898,101.18540125256472,98.70140236353231,99.98557436024181
2023-01-31,511260.SSE,100.63775451083129,101.84540756496126,99.32710891599608,100.53351104857903
2023-01-31,513100.SSE,5.826840439508892,5.896762524782999,5.727245152135429,5.796806834145171
2023-01-31,518880.SSE,6.2527969621319075,6.3278305256774905,6.169106595121805,6.244035015305471
2023-02-01,159915.SZSE,2.7600388620021072,2.7931593283461327,2.7264098494023234,2.7595241390711776
2023-02-01,510300.SSE,3.4496194572122216,3.4910148906987684,3.3969373748966927,3.4381957235796485
2023-02-01,510500.SSE,4.344527143859983,4.396661469586303,4.267835185579765,4.319671240465349
2023-02-01,511010.SSE,99.977497484643,101.17722745445872,98.7346103547153,99.93381614849727
2023-02-01,511260.SSE,100.48874025160472,101.69460513462398,99.28271565290498,100.48857859605768
2023-02-01,513100.SSE,5.780455654924468,5.875477078296056,5.711090187065374,5.805807389620608
2023-02-01,518880.SSE,6.22836323818047,6.3031035970386355,6.150875081403771,6.2255820661981485
2023-02-02,159915.SZSE,2.761952201458815,2.7950956278763206,2.727904159497931,2.7610365986821166
2023-02-02,510300.SSE,3.4395590435869496,3.480833752109993,3.3676787367687075,3.4085817173772344
2023-02-02,510500.SSE,4.327957929551903,4.379893424706525,4.227210640225904,4.2785532795808745
2023-02-02,511010.SSE,99.95178900655637,101.16465820487085,98.75236753847769,99.96507727754036
2023-02-02,511260.SSE,100.49201099823225,101.69791513021103,99.24965934579072,100.45512079533474
2023-02-02,513100.SSE,5.803762758100991,5.8734079111982025,5.718509863085397,5.787965448467001
2023-02-02,518880.SSE,6.227086727782129,6.301811768515514,6.13695938204042,6.21149735024334
2023-02-03,159915.SZSE,2.760227863140467,2.7965076303942924,2.7271051287827817,2.7633474608639252
2023-02-03,510300.SSE,3.4104123504337074,3.451337298638912,3.357859109352048,3.3986428232308175
2023-02-03,510500.SSE,4.269997388571226,4.3212373572340805,4.215840622732318,4.267045164708824
2023-02-03,511010.SSE,99.93706089716176,101.1363056279277,98.71797843884345,99.91698222555004
2023-02-03,511260.SSE,100.45430064142019,101.65975224911723,99.23532967031555,100.44061707521817
2023-02-03,513100.SSE,5.7885805776623425,5.875657111336046,5.719117610730394,5.805985287881468
2023-02-03,518880.SSE,6.214154277199277,6.288724128525668,6.095340140568444,6.169372611911381
2023-02-06,159915.SZSE,2.7553614533405018,2.788425790780588,2.7164180528754733,2.7494109846917745
2023-02-06,510300.SSE,3.402587793449449,3.443418846970842,3.3309366229052757,3.371393343021534
2023-02-06,510500.SSE,4.2616096548026094,4.312748970660241,4.191847088427855,4.242760210959368
2023-02-06,511010.SSE,99.91885887061825,101.18489689515533,98.71983256417083,99.98507598335507
2023-02-06,511260.SSE,100.46549659999651,101.72541887374128,99.25991064079655,100.51918861041628
2023-02-06,513100.SSE,5.803208419762422,5.872846920799571,5.7323776116784915,5.802001631253534
2023-02-06,518880.SSE,6.178619541980222,6.26266116457325,6.104476107476459,6.188400360250247
2023-02-07,159915.SZSE,2.7462166833523263,2.779171283552554,2.7056193931399535,2.738481167145702
2023-02-07,510300.SSE,3.371718713582114,3.412179338145099,3.3191399670459805,3.3594534079412757
2023-02-07,510500.SSE,4.244826652303076,4.295764572130714,4.167149658731476,4.217762812481251
2023-02-07,511010.SSE,100.01149655065205,101.22497342324378,98.81135859204423,100.02467729569544
2023-02-07,511260.SSE,100.53535137470035,101.75683016915819,99.32892715820395,100.55022743987963
2023-02-07,513100.SSE,5.813901458160614,5.884691812241607,5.744134640662686,5.814912857946252
2023-02-07,518880.SSE,6.183671530017383,6.257875588377592,6.085668454176828,6.1595834556445626
2023-02-08,159915.SZSE,2.7424229932477364,2.779259326733291,2.7095139173287635,2.7463036825427776
2023-02-08,510300.SSE,3.364984892636844,3.4053647113484864,3.3041397343689773,3.3442709862034183
2023-02-08,510500.SSE,4.225959999063234,4.276671519051993,4.15360906984456,4.204057763000566
2023-02-08,511010.SSE,100.01199808851455,101.21214206557671,98.77398701764021,99.97367107048605
2023-02-08,511260.SSE,100.53123040852945,101.7376051734318,99.29991985212143,100.50599175315935
2023-02-08,513100.SSE,5.807031957749504,5.876716341242498,5.695267341579622,5.764440629129172
2023-02-08,518880.SSE,6.143492598662568,6.245095515181795,6.069770687478617,6.1710429991914975
2023-02-09,159915.SZSE,2.7374173387014094,2.7767164990259414,2.7045683306369925,2.74379100694263
2023-02-09,510300.SSE,3.345478424568414,3.385624165663235,3.289082545413052,3.329030916409972
2023-02-09,510500.SSE,4.2056032493136835,4.256070488305448,4.14969481723173,4.200095968858026
2023-02-09,511010.SSE,99.97370687906908,101.17339136161792,98.7288216634772,99.92795714926842
2023-02-09,511260.SSE,100.52680096937262,101.73312258100509,99.26633210531595,100.4719960580121
2023-02-09,513100.SSE,5.760651689223542,5.829779509494225,5.688015459892452,5.75710066790734
2023-02-09,518880.SSE,6.163870869200562,6.2378373196309695,6.085230374103774,6.159140054760905
2023-02-10,159915.SZSE,2.7426787788823606,2.7755909242289487,2.6883260208642135,2.7209777539111473
2023-02-10,510300.SSE,3.3314560495092853,3.386831664986749,3.291478576915174,3.3466716057181314
2023-02-10,510500.SSE,4.202854941451334,4.25328920074875,4.115511813302914,4.16549778674384
2023-02-10,511010.SSE,99.90624156236473,101.1581134809969,98.70736666361636,99.95861015908785
2023-02-10,511260.SSE,100.46760361003301,101.75071313424704,99.26199236671262,100.54418293897929
2023-02-10,513100.SSE,5.751026191678794,5.829671894130198,5.682013877378648,5.760545349931025
2023-02-10,518880.SSE,6.15126195736692,6.225077100855323,6.061912498376894,6.135538965968516
2023-02-13,159915.SZSE,2.7172344492996094,2.767761401167364,2.684627635908014,2.734942096015182
2023-02-13,510300.SSE,3.343419754303404,3.3879032926248813,3.303298717251763,3.3477305263091712
2023-02-13,510500.SSE,4.165583012528308,4.215570008678648,4.103970548285974,4.153816344419003
2023-02-13,511010.SSE,99.98572312939885,101.18555180695164,98.77358319950189,99.97326234767398
2023-02-13,511260.SSE,100.52902782949121,101.83930444944853,99.32267949553732,100.63172376427721
2023-02-13,513100.SSE,5.7567576557289994,5.842002862338674,5.6876765638602516,5.772730101125172
2023-02-13,518880.SSE,6.140814689900014,6.234994725970772,6.067124913621214,6.161061982184557
2023-02-14,159915.SZSE,2.737510496645782,2.7703606226055317,2.70201605727557,2.734834066068391
2023-02-14,510300.SSE,3.356172195190434,3.396446261532719,3.299994962669025,3.340075873146786
2023-02-14,510500.SSE,4.148845272234794,4.207424645381682,4.099059128967977,4.15753423456688
2023-02-14,511010.SSE,99.97187385155279,101.17153633777141,98.75241864354534,99.95184073233334
2023-02-14,511260.SSE,100.63502962522568,101.8426499807284,99.41578398281919,100.62326314050526
2023-02-14,513100.SSE,5.779680696272674,5.852262302224655,5.710324527917402,5.78286788757377
2023-02-14,518880.SSE,6.141565249944366,6.230009799858445,6.067866466945033,6.156136165868029
2023-02-15,159915.SZSE,2.732680868737015,2.765473039161859,2.6914357857683626,2.7241252892392334
2023-02-15,510300.SSE,3.3419071676995324,3.382010053711927,3.268158041047475,3.307852268266675
2023-02-15,510500.SSE,4.155157519378316,4.205019409610856,4.073418625424237,4.12289334557109
2023-02-15,511010.SSE,99.95261747514554,101.20084739565203,98.7531860654438,100.00083734748225
2023-02-15,511260.SSE,100.6198626455933,101.82730099734042,99.38261831257007,100.58969464835027
2023-02-15,513100.SSE,5.792848296428615,5.862362475985758,5.696942511236591,5.766136144976307
2023-02-15,518880.SSE,6.1529168406056165,6.250499902122105,6.079081838518349,6.176383302492198
2023-02-16,159915.SZSE,2.725409416731241,2.758114329732016,2.6734700224435874,2.7059413182627403
2023-02-16,510300.SSE,3.3106049848469974,3.3503322446651613,3.2475612800156983,3.287005344145444
2023-02-16,510500.SSE,4.11706812772383,4.166472945256516,4.065283519091018,4.1146594322783585
2023-02-16,511010.SSE,100.02341175852611,101.22369269962843,98.74473513807092,99.94406390493009
2023-02-16,511260.SSE,100.61549024803944,101.83797089538997,99.40810436506297,100.63040602311261
2023-02-16,513100.SSE,5.761423728449763,5.830560813191161,5.687340680315116,5.756417692626636
2023-02-16,518880.SSE,6.186665821484898,6.260905811342718,6.075833879760422,6.1496294329558925
2023-02-17,159915.SZSE,2.7077270270481835,2.7445930781732217,2.6752343027236054,2.7120484962185984
2023-02-17,510300.SSE,3.280843991387783,3.3206317134442207,3.2414738634911293,3.281256633838163
2023-02-17,510500.SSE,4.108525643327501,4.157827951047431,4.044630302546565,4.093755366949965
2023-02-17,511010.SSE,99.9550829854836,101.1545439813094,98.75281382847795,99.95224071708294
2023-02-17,511260.SSE,100.63611900744634,101.84375243553569,99.38081672955249,100.58787118375758
2023-02-17,513100.SSE,5.75156415093767,5.849514945415352,5.682545381126418,5.780153108117937
2023-02-17,518880.SSE,6.149681179476284,6.223477353629999,6.071383189514113,6.1451246857430295
2023-02-20,159915.SZSE,2.71786464630581,2.7504790220614797,2.6818476721329785,2.7144207207823667
2023-02-20,510300.SSE,3.2781087322383717,3.317446037025232,3.223609795653691,3.262762951066489
2023-02-20,510500.SSE,4.09567458878499,4.1448226838504105,4.040865718909663,4.0899450596251645
2023-02-20,511010.SSE,99.93765493911114,101.21204470231115,98.7384030798418,100.01190187975409
2023-02-20,511260.SSE,100.5913190416878,101.8310754658539,99.38422321318754,100.62359235756314
2023-02-20,513100.SSE,5.77235526190333,5.84162352504617,5.669505653847042,5.738366046403889
2023-02-20,518880.SSE,6.151554021770546,6.225372670031793,6.036766573874058,6.110087625378601
2023-02-21,159915.SZSE,2.713778115405593,2.764110987631714,2.681212778020726,2.7313349680155277
2023-02-21,510300.SSE,3.2674784298289867,3.3066881709869347,3.221842565976183,3.260974257060914
2023-02-21,510500.SSE,4.084589210529664,4.1367751439608895,4.035574140003308,4.087722474269654
2023-02-21,511010.SSE,100.00111321233128,101.24509268910897,98.8010998537833,100.04455799319068
2023-02-21,511260.SSE,100.63869788208422,101.94312124366266,99.43103350749921,100.73430952931093
2023-02-21,513100.SSE,5.747117981343122,5.81608339711924,5.677537336640226,5.746495280000229
2023-02-21,518880.SSE,6.09839537317876,6.1715761176569055,5.998292503223058,6.071146258322933
2023-02-22,159915.SZSE,2.732533517901588,2.765323920116407,2.6936828720156893,2.7263996680320743
2023-02-22,510300.SSE,3.262065908385233,3.3012106992858556,3.1930818248584116,3.2318641952008216
2023-02-22,510500.SSE,4.089246714491154,4.138317675065048,4.02776687768478,4.076687123162732
2023-02-22,511010.SSE,100.05281086416936,101.25344459453939,98.81709109801866,100.01729868220512
2023-02-22,511260.SSE,100.75265947841386,101.96169139215483,99.52083748648329,100.72959259765516
2023-02-22,513100.SSE,5.754015684287402,5.82306387249885,5.663012488836229,5.731794017040718
2023-02-22,518880.SSE,6.059809957248053,6.185776883162809,5.987092237761076,6.112427750160879
2023-02-23,159915.SZSE,2.7216800938037293,2.754340254929374,2.687826570250261,2.720472237095406
2023-02-23,510300.SSE,3.2246563226225415,3.263352198494012,3.174328259421809,3.2128828536657985
2023-02-23,510500.SSE,4.070500177971487,4.119346180107145,4.019197803747851,4.068013971404707
2023-02-23,511010.SSE,100.00689540629345,101.20697815116897,98.78420417996695,99.98401232790177
2023-02-23,511260.SSE,100.7427488270615,101.95166181298625,99.46796846049244,100.6760814377454
2023-02-23,513100.SSE,5.7310853506983594,5.79985837490674,5.637918741651518,5.706395487501537
2023-02-23,518880.SSE,6.122685561949221,6.234811499102278,6.04921333520583,6.160880927966678
2023-02-24,159915.SZSE,2.7242530968378147,2.7569441339998684,2.680814643246086,2.713375144985917
2023-02-24,510300.SSE,3.2167770997091716,3.2553784249056816,3.157521341395167,3.1958718030315456
2023-02-24,510500.SSE,4.069420853271139,4.118253903510393,3.9887841237580877,4.037230894491992
2023-02-24,511010.SSE,99.9487368052698,101.14812164693303,98.70325248901544,99.90207741803182
2023-02-24,511260.SSE,100.69990192535813,101.91488189160299,99.49150310225383,100.70640503122824
2023-02-24,513100.SSE,5.697108576220573,5.7854321424077675,5.6287432733059255,5.71683018024483
2023-02-24,518880.SSE,6.161608476041206,6.252278490622419,6.0876691743287115,6.178140801010295
2023-02-27,159915.SZSE,2.7109687425895848,2.7478216288858524,2.67843711767851,2.715238763721198
2023-02-27,510300.SSE,3.193844942546484,3.2321710818570417,3.1490073570621404,3.1872544099819233
2023-02-27,510500.SSE,4.034929805421371,4.08743278946494,3.986510647756315,4.038965206981167
2023-02-27,511010.SSE,99.90119094423363,101.10000523556444,98.65770967041864,99.85598144779215
2023-02-27,511260.SSE,100.71662191905786,101.92522138208655,99.48593166269515,100.69426281649307
2023-02-27,513100.SSE,5.708121856933464,5.815498927341356,5.639624394650262,5.746540442036913
2023-02-27,518880.SSE,6.178885229998985,6.253031852758974,6.102776413313597,6.176899203758701
2023-02-28,159915.SZSE,2.713462999631555,2.7465309468304135,2.6809014436359764,2.7139633861960606
2023-02-28,510300.SSE,3.19250666347712,3.2308167434388455,3.1305611893346215,3.168584199731398
2023-02-28,510500.SSE,4.045598798258112,4.094145983837209,3.96385976255613,4.0120038082551925
2023-02-28,511010.SSE,99.8313498049182,101.07407696946018,98.63337360725919,99.87557012792507
2023-02-28,511260.SSE,100.69707644591044,101.90544136326136,99.42517218983441,100.63276537432633
2023-02-28,513100.SSE,5.74768450644971,5.841212381519409,5.678712292372314,5.771948993596253
2023-02-28,518880.SSE,6.168846620379122,6.260368541994996,6.094820460934572,6.1861349229199565
2023-03-01,159915.SZSE,2.7138929441261683,2.7466364514368737,2.6813262287966544,2.7140676397597567
2023-03-01,510300.SSE,3.168259515833704,3.2062786300237085,3.1114027018334878,3.149193018050089
2023-03-01,510500.SSE,4.013519316101831,4.061681547895054,3.9470462475852885,3.9949860805519117
2023-03-01,511010.SSE,99.90247826229366,101.10130800144118,98.6550820580929,99.85332192114666
2023-03-01,511260.SSE,100.6535510725709,101.86552489685168,99.44570845970006,100.65763329728426
2023-03-01,513100.SSE,5.775649388103461,5.844957180760702,5.69686632851262,5.766059036956093
2023-03-01,518880.SSE,6.186862323284401,6.286970350758804,6.1126199754049875,6.21242129521621
2023-03-02,159915.SZSE,2.709123412564392,2.7416328935151646,2.6672893597685126,2.6996855868102356
2023-03-02,510300.SSE,3.1499452122117897,3.187744554758331,3.095775710310806,3.133376225010937
2023-03-02,510500.SSE,4.00074999263624,4.048758992547874,3.9345770543675287,3.9823654396432477
2023-03-02,511010.SSE,99.8562641033091,101.05459409414351,98.6579889340694,99.85631827484536
2023-03-02,511260.SSE,100.6561084104454,101.9269695613376,99.44823510952006,100.71834936891067
2023-03-02,513100.SSE,5.7521766769960925,5.857009120400371,5.683150556872139,5.787558419367955
2023-03-02,518880.SSE,6.204121289925773,6.290441949675535,6.129671834446664,6.215851728928394
2023-03-03,159915.SZSE,2.7004062246492477,2.7328110993450387,2.653025705900374,2.685248690182565
2023-03-03,510300.SSE,3.1376889832709827,3.1753412510702343,3.074176806303665,3.111514986137313
2023-03-03,510500.SSE,3.978856181800626,4.026602455982234,3.92481043341601,3.9724801957651925
2023-03-03,511010.SSE,99.8412548363679,101.10479380928729,98.64315977833148,99.90592273644988
2023-03-03,511260.SSE,100.7189074594983,101.92753434901228,99.49720610647152,100.70567419683353
2023-03-03,513100.SSE,5.7853892927634964,5.878622866775448,5.715964621250334,5.808915876260324
2023-03-03,518880.SSE,6.22446466983232,6.310199159974228,6.149771093794332,6.235374664006154
2023-03-06,159915.SZSE,2.6882812701124394,2.720540645353789,2.6382350556125673,2.670278396368995
2023-03-06,510300.SSE,3.1082587012553873,3.145557805670452,3.065941029875093,3.1031791800355193
2023-03-06,510500.SSE,3.9727404039787766,4.020413288826522,3.9136448318425217,3.961178979597694
2023-03-06,511010.SSE,99.89429049434473,101.09302198027687,98.64811986379527,99.84627516578469
2023-03-06,511260.SSE,100.73457377006146,101.9433886553022,99.48341195961328,100.69171250973004
2023-03-06,513100.SSE,5.819893538110257,5.88973226056758,5.742587921868856,5.812335953308559
2023-03-06,518880.SSE,6.255250161388478,6.3303131633251395,6.175786176610062,6.250795725313828
2023-03-07,159915.SZSE,2.671191136331208,2.7032454299671826,2.6367914886794255,2.6688172962342365
2023-03-07,510300.SSE,3.0995867825455297,3.136781823936076,3.0572993238306094,3.0944325139985924
2023-03-07,510500.SSE,3.9566476012715137,4.004127372486772,3.8896244775688755,3.9368668801304407
2023-03-07,511010.SSE,99.81483856382172,101.04302418358134,98.61706050105586,99.84488555689856
2023-03-07,511260.SSE,100.7189352419989,101.92756246490289,99.45135795233048,100.65926918252073
2023-03-07,513100.SSE,5.810861197755152,5.880591532128213,5.7390177137358656,5.808722382323751
2023-03-07,518880.SSE,6.254325907901363,6.3346235697496445,6.179273997006546,6.259509456274352
2023-03-08,159915.SZSE,2.6638746552524486,2.7034942786835208,2.631908159389419,2.6714370342722535
2023-03-08,510300.SSE,3.093723202354692,3.130847880782948,3.0426834938264933,3.079639163791997
2023-03-08,510500.SSE,3.934967644816731,3.982187256554532,3.856108380915253,3.9029437053798106
2023-03-08,511010.SSE,99.82659129206037,101.05296006642234,98.62867219655564,99.85470362294699
2023-03-08,511260.SSE,100.65913202082253,101.8670416050724,99.44977507016937,100.65766707507021
2023-03-08,513100.SSE,5.818826202690948,5.8886521171232395,5.732872387161402,5.802502416155265
2023-03-08,518880.SSE,6.254874311554841,6.339999356146388,6.1798158198161826,6.264821498168367
2023-03-09,159915.SZSE,2.671051188616434,2.703103802879831,2.6249585425521467,2.656840630113509
2023-03-09,510300.SSE,3.0826125576494694,3.119603908341263,3.0260629246137936,3.062816725317605
2023-03-09,510500.SSE,3.9017504134724033,3.9487128058966117,3.8549294085107344,3.9018901244037663
2023-03-09,511010.SSE,99.87161916424043,101.07007859421131,98.62965146233823,99.82758245175934
2023-03-09,511260.SSE,100.65005845537065,101.8578591568351,99.43535104087378,100.64306785513541
2023-03-09,513100.SSE,5.806897853789654,5.900123195947351,5.737215079544178,5.83016126081754
2023-03-09,518880.SSE,6.246330437442229,6.367599718691556,6.171374472192922,6.292094583687309
2023-03-10,159915.SZSE,2.659141653929587,2.691051353776742,2.6086446070166263,2.64032854961197
2023-03-10,510300.SSE,3.058064810104779,3.0947615878260364,3.020199868475292,3.0568824579709433
2023-03-10,510500.SSE,3.8985872675610063,3.9453703147717385,3.842222801644291,3.888889475348473
2023-03-10,511010.SSE,99.86472166113785,101.09647117338486,98.66634500120419,99.8976987879297
2023-03-10,511260.SSE,100.66761389291732,101.87562525963233,99.38933172364982,100.59648959883584
2023-03-10,513100.SSE,5.822790811171378,5.906411919910496,5.752917321437322,5.83637541493132
2023-03-10,518880.SSE,6.279741450448513,6.362781108207197,6.2043845530431305,6.287333110876677
2023-03-13,159915.SZSE,2.634549957086785,2.6661645565718266,2.599509151915575,2.6310821375663718
2023-03-13,510300.SSE,3.0509394258777065,3.087550698988239,3.00424336195764,3.040732147730405
2023-03-13,510500.SSE,3.8833786013995715,3.937046078164984,3.8367780581827766,3.8903617373171775
2023-03-13,511010.SSE,99.90979374340542,101.1450133487624,98.71087621848454,99.94566536438973
2023-03-13,511260.SSE,100.60991037350493,101.9084019445782,99.40259144902286,100.70000192151996
2023-03-13,513100.SSE,5.834382925653549,5.904395520761391,5.754468558335903,5.824360889003951
2023-03-13,518880.SSE,6.298748718385439,6.39201954206836,6.223163733764814,6.316224843941067
2023-03-14,159915.SZSE,2.627785107789567,2.6593185290830417,2.586112719338443,2.617522995281825
2023-03-14,510300.SSE,3.043655719447163,3.080179588080529,2.988863333227725,3.0251653170321102
2023-03-14,510500.SSE,3.883951415083029,3.9305588320640252,3.830999060543319,3.8775294135053837
2023-03-14,511010.SSE,99.94413216735565,101.16824036381809,98.74480258134737,99.96861696029455
2023-03-14,511260.SSE,100.70529856629622,101.94659656767811,99.49683498350066,100.73774364395071
2023-03-14,513100.SSE,5.823486466012071,5.893368303604215,5.732846402715941,5.802476116109252
2023-03-14,518880.SSE,6.308645353684348,6.403770509487251,6.232941609440136,6.327836471825347
2023-03-15,159915.SZSE,2.6202011329727593,2.6516435465684323,2.5768860125058652,2.608184223184074
2023-03-15,510300.SSE,3.023037938140671,3.059314393398359,2.9704364296355648,3.0065146048942966
2023-03-15,510500.SSE,3.866959330849862,3.9133628428200606,3.7910718966238535,3.8371173042751554
2023-03-15,511010.SSE,99.96142015579707,101.234192954787,98.76188311392751,100.03378750473024
2023-03-15,511260.SSE,100.73233966714054,101.95657869584429,99.52355159113485,100.74760740696075
2023-03-15,513100.SSE,5.796031617645519,5.887729763636787,5.726479238233773,5.817914786202358
2023-03-15,518880.SSE,6.325099384384826,6.413364175184032,6.249198191772208,6.337316378640348
2023-03-16,159915.SZSE,2.609006221112972,2.6403142957663275,2.542332467552712,2.5732109995472796
2023-03-16,510300.SSE,3.005139147511919,3.0449650768866263,2.969077477741776,3.008858771627101
2023-03-16,510500.SSE,3.832391337513818,3.880409366195573,3.7864026414636522,3.834396606912622
2023-03-16,511010.SSE,100.01784179260385,101.2180558941151,98.75350184892613,99.95293709405479
2023-03-16,511260.SSE,100.75317716703029,102.0014310569698,99.54413904102593,100.79192792190692
2023-03-16,513100.SSE,5.81133546476818,5.883696555582729,5.741599439190962,5.813929402749732
2023-03-16,518880.SSE,6.342163407332185,6.460529372949651,6.266057446444199,6.383922305286216
2023-03-17,159915.SZSE,2.5744480682528716,2.605341445071906,2.5201758522886455,2.550785275595795
2023-03-17,510300.SSE,3.0023477994877883,3.0383759730816418,2.943198627053822,2.978945978799415
2023-03-17,510500.SSE,3.8372047052044898,3.883251161666944,3.7677674994813652,3.813529857774661
2023-03-17,511010.SSE,99.98725625973253,101.18710333484933,98.74533951436933,99.94467562183131
2023-03-17,511260.SSE,100.7915632496459,102.03856132235462,99.58206449065015,100.82861790746504
2023-03-17,513100.SSE,5.824158678378079,5.897361918877843,5.754268774237541,5.8274327261638765
2023-03-17,518880.SSE,6.394971816768295,6.472027386514696,6.318232154967075,6.395283978769462
2023-03-20,159915.SZSE,2.5563249830110544,2.587000882807187,2.4979856558258557,2.528325562576777
2023-03-20,510300.SSE,2.9765871633672356,3.0123062093276425,2.935098141348872,2.970747106628413
2023-03-20,510500.SSE,3.806424576347398,3.8521016712635667,3.7563049272922777,3.80192806406101
2023-03-20,511010.SSE,99.94153159998709,101.15230107934111,98.74223322078724,99.95286667919082
2023-03-20,511260.SSE,100.8174544754227,102.02726392912778,99.59370834833474,100.80334853070319
2023-03-20,513100.SSE,5.8207917592742575,5.929378168738402,5.750942258162967,5.859069336698026
2023-03-20,518880.SSE,6.393795001252273,6.507364428734904,6.317069461237246,6.430202004678759
2023-03-21,159915.SZSE,2.52970803669877,2.560064533139155,2.463708748229893,2.4936323362650743
2023-03-21,510300.SSE,2.970720879465519,3.0063695300191053,2.901316443910449,2.936555105172519
2023-03-21,510500.SSE,3.795864482436038,3.8414148562252706,3.734031910908185,3.779384525210714
2023-03-21,511010.SSE,99.98811677122892,101.18797417248366,98.70449681983938,99.90333686218561
2023-03-21,511260.SSE,100.80551653715413,102.0287833588223,99.59585033870829,100.81895588816433
2023-03-21,513100.SSE,5.866445713150756,5.936843061708565,5.771664431279564,5.841765618704013
2023-03-21,518880.SSE,6.427166949841069,6.504292953239162,6.330515024241428,6.407403870689704
2023-03-22,159915.SZSE,2.4955470235860133,2.5254935878690454,2.4466364654092962,2.4763526977826884
2023-03-22,510300.SSE,2.939744292518617,2.9750212240288403,2.8955491851513564,2.9307177987361905
2023-03-22,510500.SSE,3.7872893571778823,3.8413410814563758,3.741841884891748,3.7957915824667743
2023-03-22,511010.SSE,99.9265424316979,101.14261870131898,98.72742392251752,99.94329911197528
2023-03-22,511260.SSE,100.82341594933905,102.04630045926989,99.61353495794698,100.83626527595838
2023-03-22,513100.SSE,5.8387915626550955,5.933776541373518,5.768726063903234,5.863415554716916
2023-03-22,518880.SSE,6.4079392820561605,6.505420696771677,6.331044010671486,6.428281320920629
2023-03-23,159915.SZSE,2.4841966503037507,2.5140070101073957,2.423239015846707,2.4526710686707562
2023-03-23,510300.SSE,2.9280820170730832,2.9659377184420346,2.892945032868206,2.930768496484224
2023-03-23,510500.SSE,3.792973954678473,3.838489642134615,3.7233989335441966,3.7686224023726687
2023-03-23,511010.SSE,99.91430649496048,101.11327817290001,98.67718984713476,99.8756982258449
2023-03-23,511260.SSE,100.8299565672234,102.06182489463936,99.61999708841672,100.85160562711398
2023-03-23,513100.SSE,5.863240167620142,5.936945897843361,5.792881285608701,5.866547329884744
2023-03-23,518880.SSE,6.423575972667493,6.5198455663734505,6.346493060995483,6.442535144637797
2023-03-24,159915.SZSE,2.4520593540035938,2.481484066251637,2.4114323736909324,2.440721026002968
2023-03-24,510300.SSE,2.9364409288466713,2.9716782199928313,2.891302634500282,2.9264196705468444
2023-03-24,510500.SSE,3.7700342181359425,3.8152746287535737,3.7124380994533754,3.757528440742283
2023-03-24,511010.SSE,99.86461343093315,101.1268097674907,98.66623806976195,99.92767763586038
2023-03-24,511260.SSE,100.8667988167354,102.10282086223039,99.65639723093457,100.89211547651225
2023-03-24,513100.SSE,5.8703940251564015,5.9653091894217285,5.799949296854525,5.894574297847558
2023-03-24,518880.SSE,6.438223595879819,6.592611716628621,6.360964912729261,6.514438455166622
2023-03-27,159915.SZSE,2.4384501056813646,2.467711506949541,2.4031887786046964,2.432377306280057
2023-03-27,510300.SSE,2.924083422341271,2.959172423409366,2.874958566997965,2.9098770921032036
2023-03-27,510500.SSE,3.760345275139678,3.8054694184413544,3.696070658973099,3.7409622054383593
2023-03-27,511010.SSE,99.91653556950197,101.15560763978897,98.71753714266795,99.95613403141202
2023-03-27,511260.SSE,100.91378997542108,102.12475545512613,99.6435005578323,100.85374550387884
2023-03-27,513100.SSE,5.890459444756461,5.993379539558741,5.819773931419383,5.922311797982945
2023-03-27,518880.SSE,6.517569569687943,6.595780404524199,6.400137088947879,6.477871547518096
2023-03-28,159915.SZSE,2.433591598571546,2.4627946977544046,2.387616052336111,2.416615437587157
2023-03-28,510300.SSE,2.907559017193595,2.9424497253999182,2.8563651166325466,2.8910578103568287
2023-03-28,510500.SSE,3.7438548893204557,3.7887811479923013,3.670876810249367,3.715462358551991
2023-03-28,511010.SSE,99.95480385128413,101.16700706078302,98.75534620506872,99.96739828140615
2023-03-28,511260.SSE,100.87004979082765,102.08049038831759,99.58037966183464,100.78985795732251
2023-03-28,513100.SSE,5.926236955641092,5.9973517991087855,5.836173923787023,5.907058627314801
2023-03-28,518880.SSE,6.479272042647504,6.572365130367476,6.401520778135734,6.494431947003435
2023-03-29,159915.SZSE,2.4178534391668696,2.446867680436872,2.3672213679414367,2.3959730444751384
2023-03-29,510300.SSE,2.896247817806181,2.931002791619855,2.845848681329759,2.880413645070606
2023-03-29,510500.SSE,3.708869430156415,3.7559240166889443,3.6643629969945377,3.711387368269708
2023-03-29,511010.SSE,99.96639337662982,101.16599009714939,98.6823748678197,99.88094622248958
2023-03-29,511260.SSE,100.78521755823078,102.01851787120061,99.57579494753202,100.80881212569231
2023-03-29,513100.SSE,5.892972339274367,6.006477450994636,5.822256671203075,5.935254398216043
2023-03-29,518880.SSE,6.510602872722292,6.62928757610269,6.432475638249625,6.550679423026373
2023-03-30,159915.SZSE,2.3945011682282993,2.423235182247039,2.356428190535425,2.385048775845572
2023-03-30,510300.SSE,2.881124340892213,2.9156978329829193,2.834407495624455,2.868833497595602
2023-03-30,510500.SSE,3.7103870257998937,3.771229829072265,3.665862381490295,3.726511688806586
2023-03-30,511010.SSE,99.93083654439009,101.13000658292277,98.64791161366185,99.84606438629741
2023-03-30,511260.SSE,100.82151183690448,102.03136997894734,99.60755417216114,100.81736252243032
2023-03-30,513100.SSE,5.938299917058769,6.048544690845648,5.867040318054064,5.976822817041154
2023-03-30,518880.SSE,6.554034165982772,6.638046328304597,6.475385755990978,6.5593343165065185
2023-03-31,159915.SZSE,2.3821778017283557,2.412607188199177,2.353591668107615,2.3839991978252737
2023-03-31,510300.SSE,2.866986480885696,2.901390318656324,2.818595604298166,2.8528295590062407
2023-03-31,510500.SSE,3.71948292583274,3.764116720942733,3.670892383841339,3.715478121296902
2023-03-31,511010.SSE,99.82813983479552,101.08884973782817,98.63020215677797,99.89016772512664
2023-03-31,511260.SSE,100.8186725080194,102.02849657811564,99.5344679114267,100.74338857431853
2023-03-31,513100.SSE,5.959634617812054,6.066454093037736,5.88811900239831,5.994519854780371
2023-03-31,518880.SSE,6.568149441131309,6.661347058874398,6.489331647837734,6.582358753828457
2023-04-03,159915.SZSE,2.3904323070873055,2.4191174947723533,2.338246680458716,2.366646437711251
2023-04-03,510300.SSE,2.852313275949089,2.886541035260478,2.8084763105881985,2.8425873588949377
2023-04-03,510500.SSE,3.7260973818688417,3.7708105504512677,3.6724120813679515,3.71701627668821
2023-04-03,511010.SSE,99.89397977207611,101.10787474917225,98.69525201481119,99.90896714345084
2023-04-03,511260.SSE,100.72264183798357,102.00149416822775,99.51397013592776,100.79199028481003
2023-04-03,513100.SSE,5.992933587954252,6.0865859944154765,5.921018384898801,6.014413037959957
2023-04-03,518880.SSE,6.574137045524349,6.698327013736712,6.495247400978057,6.618900211202285
2023-04-04,159915.SZSE,2.367549053215835,2.395959641854425,2.318902167716363,2.347066971372837
2023-04-04,510300.SSE,2.8470781706833597,2.88124310873156,2.7998217810816617,2.8338277136454066
2023-04-04,510500.SSE,3.710106500281891,3.7546277782852737,3.6294146398541316,3.673496599042643
2023-04-04,511010.SSE,99.91923344617739,101.11826424753151,98.5771916205091,99.77448544585941
2023-04-04,511260.SSE,100.80329187387109,102.05582760996224,99.59365237138464,100.84567945648442
2023-04-04,513100.SSE,6.020410091018775,6.110807062666534,5.94816516992655,6.038346899868116
2023-04-04,518880.SSE,6.622956744741861,6.722982906634434,6.543481263804959,6.64326374173363
2023-04-05,159915.SZSE,2.3450626510355033,2.3732034028479294,2.3116154989495468,2.3396918005562215
2023-04-05,510300.SSE,2.8386793225186855,2.8727434743889098,2.781900275509358,2.8156885379649372
2023-04-05,510500.SSE,3.6690085658071645,3.7130366685968506,3.6213024230096007,3.6652858532485837
2023-04-05,511010.SSE,99.77445930487333,101.03323872641816,98.57716579321485,99.83521613282427
2023-04-05,511260.SSE,100.84813561049819,102.18857610798239,99.63795798317221,100.97685386164267
2023-04-05,513100.SSE,6.042732399057059,6.13319677381465,5.970219610268375,6.060471120370207
2023-04-05,518880.SSE,6.637662655869263,6.779642617077446,6.558010703998831,6.699251597902615
2023-04-06,159915.SZSE,2.342193297237357,2.370299616804205,2.302102298039171,2.3300630546955174
2023-04-06,510300.SSE,2.813006674917337,2.846762755016345,2.7686215343385325,2.8022485165369764
2023-04-06,510500.SSE,3.6608387703929344,3.70476883563765,3.616164507795581,3.6600855342060536
2023-04-06,511010.SSE,99.83704946662343,101.06070988186892,98.63900487302395,99.86236154334873
2023-04-06,511260.SSE,101.02051134954345,102.23275748573798,99.77065289346046,100.98244219985877
2023-04-06,513100.SSE,6.05129759446382,6.171027364892629,5.978682023330254,6.0978531273642576
2023-04-06,518880.SSE,6.702343092053998,6.821008117795568,6.62191497494935,6.740126598612221
2023-04-07,159915.SZSE,2.3297663726522777,2.357723569124105,2.2971394445318407,2.3250399236152233
2023-04-07,510300.SSE,2.8021097915426365,2.8357351090411482,2.7471498400350574,2.7805160324241474
2023-04-07,510500.SSE,3.653700220951329,3.697544623602745,3.600821047981376,3.64455571658034
2023-04-07,511010.SSE,99.84497354339626,101.04311322591703,98.6276434017606,99.82555000178198
2023-04-07,511260.SSE,101.00697164036153,102.21905530004587,99.75245508218941,100.96402336253989
2023-04-07,513100.SSE,6.089537620381953,6.201270351080776,6.01646316893737,6.12773750106796
2023-04-07,518880.SSE,6.7455428951695495,6.875205231479841,6.664596380427515,6.793681058774546
2023-04-10,159915.SZSE,2.3243540720912854,2.352246320956381,2.2843650700767966,2.3121103948145714
2023-04-10,510300.SSE,2.780808510727968,2.8141782128567034,2.7395947484032463,2.772869178545796
2023-04-10,510500.SSE,3.6503114612543226,3.6941151987893743,3.6054881003598824,3.649279453805549
2023-04-10,511010.SSE,99.8273216913276,101.06084198099295,98.62939383103166,99.86249207607999
2023-04-10,511260.SSE,100.97599083525822,102.18770272528131,99.68888653177333,100.89968272446694
2023-04-10,513100.SSE,6.122816143298249,6.196289937017828,6.043648638160279,6.117053277490162
2023-04-10,518880.SSE,6.7940763287973045,6.880122449266979,6.712547412851737,6.798539969631403
2023-04-11,159915.SZSE,2.3136276021699995,2.3413911333960393,2.278223078339171,2.305893803987015
2023-04-11,510300.SSE,2.769680512752536,2.8029166789055666,2.7345844515248214,2.767798027859131
2023-04-11,510500.SSE,3.659607595818374,3.7035228869681944,3.5937545231042383,3.637403363465828
2023-04-11,511010.SSE,99.87100403519264,101.06945608361495,98.62090514602733,99.81872990488596
2023-04-11,511260.SSE,100.9038730155618,102.11538656923312,99.69302653937505,100.90453218303668
2023-04-11,513100.SSE,6.1183823629344145,6.223935941374614,6.0449617745792015,6.150134329421555
2023-04-11,518880.SSE,6.8176608247967625,6.899472754694323,6.713999726194677,6.79554628157356
2023-04-12,159915.SZSE,2.3024209878809048,2.3300500397354758,2.2594093399837534,2.2868515586880096
2023-04-12,510300.SSE,2.7676182212244536,2.8008296398791472,2.727882309236689,2.761014483033086
2023-04-12,510500.SSE,3.6353850169619313,3.6790096371654744,3.5855724538214115,3.629121916823291
2023-04-12,511010.SSE,99.82418016605,101.0220703280426,98.58102550414581,99.77836589488443
2023-04-12,511260.SSE,100.907285606862,102.12383475733856,99.69639817957966,100.91288019499858
2023-04-12,513100.SSE,6.13557215762287,6.263450304520158,6.061945291731395,6.189180142806481
2023-04-12,518880.SSE,6.806876936966935,6.888559460210538,6.724883909666566,6.806562661605836
2023-04-13,159915.SZSE,2.2877925593205495,2.315246070032396,2.2531404451692105,2.280506523450618
2023-04-13,510300.SSE,2.761031628996922,2.7998442234183214,2.727899249448959,2.7666444895437956
2023-04-13,510500.SSE,3.6235355814398877,3.6687296124291073,3.580053154462609,3.6252268897520823
2023-04-13,511010.SSE,99.78784863120339,101.01112132690199,98.59039444762895,99.81336099496244
2023-04-13,511260.SSE,100.89600074209163,102.10675275099673,99.68259462699864,100.8933143997962
2023-04-13,513100.SSE,6.189084659934445,6.2926621157203995,6.1148156440152315,6.218045568893675
2023-04-13,518880.SSE,6.815917577550409,6.897708588481014,6.7252271767159915,6.80691009789068
2023-04-14,159915.SZSE,2.2856017973402345,2.3130290189083174,2.244920541254773,2.2721867826465316
2023-04-14,510300.SSE,2.770327251804779,2.803571178826436,2.7300840945111307,2.763243010638796
2023-04-14,510500.SSE,3.6157783014447524,3.6591676410620897,3.5578689166060884,3.601081899398875
2023-04-14,511010.SSE,99.83686328520238,101.11322018043113,98.63882092577995,99.91424919014933
2023-04-14,511260.SSE,100.86407660617148,102.11127626826345,99.65370768689742,100.90047062081369
2023-04-14,513100.SSE,6.220305208415132,6.294948870916114,6.1336025042144415,6.208099700621904
2023-04-14,518880.SSE,6.8129823033155805,6.925676948203108,6.731226515675793,6.843554296643387
2023-04-17,159915.SZSE,2.27342290193874,2.300703976762005,2.230909100049012,2.2580051619929273
2023-04-17,510300.SSE,2.7671382304185035,2.8003438891835257,2.732065956567171,2.765248943893898
2023-04-17,510500.SSE,3.6000564806863857,3.6432571584546225,3.546957178392654,3.590037629952079
2023-04-17,511010.SSE,99.92985312657343,101.21682970001277,98.73069488905455,100.01663013835254
2023-04-17,511260.SSE,100.88579808360241,102.09642766060564,99.61592620713417,100.82583624203863
2023-04-17,513100.SSE,6.2060500621686625,6.307357116839205,6.131577461422639,6.232566320987356
2023-04-17,518880.SSE,6.857647719968034,6.946307950556914,6.775355947328417,6.863940662605646
2023-04-18,159915.SZSE,2.2570143091074244,2.2840984808167133,2.211904963657583,2.238770206131157
2023-04-18,510300.SSE,2.76418707756185,2.797357322492592,2.7301913895074534,2.763351608813212
2023-04-18,510500.SSE,3.5887128167204674,3.6444690174010055,3.545648262919822,3.6012539697638393
2023-04-18,511010.SSE,100.01781858657819,101.23892334774888,98.81760476353925,100.03846180607597
2023-04-18,511260.SSE,100.82503439385046,102.09054448713367,99.61513398112425,100.8799846710807
2023-04-18,513100.SSE,6.236387272484949,6.330853825914739,6.1615506252151295,6.255784412959228
2023-04-18,518880.SSE,6.8524431522235325,6.9506129710383435,6.77021383439685,6.868194635413383
2023-04-19,159915.SZSE,2.237446090299628,2.266298071923076,2.2105967372160324,2.239424972256004
2023-04-19,510300.SSE,2.7626619291679364,2.7958138723179515,2.727119338257314,2.76024224519971
2023-04-19,510500.SSE,3.5985186125658792,3.64170083591667,3.5342094622825115,3.5771350832818944
2023-04-19,511010.SSE,100.01892689646571,101.27619708466,98.81869977370812,100.075293561917
2023-04-19,511260.SSE,100.84458975354136,102.06861381968916,99.63445467649886,100.85831405107625
2023-04-19,513100.SSE,6.257417457857923,6.332506467352219,6.179323132868037,6.254375640554693
2023-04-19,518880.SSE,6.879183349722011,6.988265009455993,6.796633149525347,6.905400206972325
2023-04-20,159915.SZSE,2.2383531489861066,2.2652133867739397,2.2070369064206177,2.2338430226929327
2023-04-20,510300.SSE,2.762382283320101,2.795530870719942,2.7220555794640386,2.755116983263197
2023-04-20,510500.SSE,3.5780590733155635,3.6209957821953505,3.529791221143313,3.5726631792948513
2023-04-20,511010.SSE,100.06528644495134,101.33820633327221,98.86450300761193,100.13656752299626
2023-04-20,511260.SSE,100.84916456972606,102.09217724445071,99.63897459488935,100.88159806763905
2023-04-20,513100.SSE,6.250424561682234,6.349184541624952,6.175419466942047,6.273897768404103
2023-04-20,518880.SSE,6.8974190609766115,6.9896232586146025,6.814650032244892,6.9067423504096865
2023-04-21,159915.SZSE,2.2331812558527084,2.259979430922941,2.1945351414639873,2.221189414437234
2023-04-21,510300.SSE,2.7532366521328773,2.8074092375112634,2.7201978123072825,2.7741197999123157
2023-04-21,510500.SSE,3.574310683003961,3.6172024112000085,3.52666870729933,3.5695027401815085
2023-04-21,511010.SSE,100.13290207180492,101.33449689666658,98.87982352645577,100.08079304297142
2023-04-21,511260.SSE,100.87743488713045,102.08796410577601,99.61004135130388,100.8198799102266
2023-04-21,513100.SSE,6.259741733078728,6.338739214415972,6.184624832281783,6.263576298830012
2023-04-21,518880.SSE,6.902196478022585,7.0299172782028165,6.819370120286314,6.946558575299226
2023-04-24,159915.SZSE,2.2202105869909214,2.2468531140348125,2.1918433347959647,2.218464913761098
2023-04-24,510300.SSE,2.776025572245601,2.8093378791125483,2.7372968566461173,2.7705433771721837
2023-04-24,510500.SSE,3.5708484481216725,3.640402293395515,3.5279982667442122,3.5972354677821294
2023-04-24,511010.SSE,100.08500229330667,101.3344935619047,98.883982265787,100.13289877658566
2023-04-24,511260.SSE,100.81626009533537,102.02605521647939,99.60361081889714,100.81337127418739
2023-04-24,513100.SSE,6.264551291557795,6.379169104564584,6.189376676059101,6.303526783166585
2023-04-24,518880.SSE,6.951109768635575,7.045887580948945,6.867696451411948,6.962339506866547
2023-04-25,159915.SZSE,2.2208377874508325,2.249609177132588,2.1941877340014226,2.222933969498605
2023-04-25,510300.SSE,2.770259251549593,2.8035023625681883,2.7287376957951945,2.7618802589020186
2023-04-25,510500.SSE,3.5959090075359836,3.6520181564518253,3.5527580994455517,3.608713593331843
2023-04-25,511010.SSE,100.12491628711562,101.32641528256102,98.89735458911302,100.0985370335152
2023-04-25,511260.SSE,100.8022534561447,102.01398660896247,99.59262641467096,100.80433459383643
2023-04-25,513100.SSE,6.296521653025272,6.40149167859072,6.220963393188969,6.325584662639051
2023-04-25,518880.SSE,6.972363830144773,7.0927335257702735,6.888695464183035,7.0086299661761595
2023-04-26,159915.SZSE,2.2184435667089835,2.245064889509491,2.1760198083706914,2.2024491987557604
2023-04-26,510300.SSE,2.7587584346444305,2.798732646589988,2.7256533334286974,2.7655460934683678
2023-04-26,510500.SSE,3.604078561883809,3.648744854118823,3.560829619141203,3.605479104860497
2023-04-26,511010.SSE,100.08292733004131,101.32354145028786,98.88193220208082,100.122076531905
2023-04-26,511260.SSE,100.7985970783225,102.02364924521687,99.58901391338263,100.81388265337635
2023-04-26,513100.SSE,6.32131802111247,6.39717383736582,6.234251162331591,6.30997081207651
2023-04-26,518880.SSE,6.999203820264307,7.10351772762229,6.915213374421135,7.019286292116887
2023-04-27,159915.SZSE,2.204665242743592,2.231121225656515,2.162502716256368,2.1887679314335706
2023-04-27,510300.SSE,2.7624606105934117,2.801298084874086,2.729311083266291,2.768081111535658
2023-04-27,510500.SSE,3.608280948171322,3.6699440783936756,3.564981576793266,3.626426954934462
2023-04-27,511010.SSE,100.10225100834367,101.31982349880676,98.90102399624355,100.1184026668051
2023-04-27,511260.SSE,100.8428522198977,102.05828982464551,99.63273799325891,100.84811247494616
2023-04-27,513100.SSE,6.313498934525666,6.414553996839031,6.237736947311357,6.338492091738172
2023-04-27,518880.SSE,7.015090231026222,7.139445782351229,6.930909148253908,7.054788322481452
2023-04-28,159915.SZSE,2.187798592836955,2.2140521759509983,2.15194738349193,2.1780843962468928
2023-04-28,510300.SSE,2.772758230280639,2.8060313290440067,2.7195645856474586,2.7525957344609906
2023-04-28,510500.SSE,3.626479898927822,3.6699976577149562,3.5752219127586313,3.618645660686874
2023-04-28,511010.SSE,100.09085424429824,101.34022971617824,98.88976399336666,100.1385669132196
2023-04-28,511260.SSE,100.8592424393764,102.12883483275256,99.64893153010388,100.91782098098079
2023-04-28,513100.SSE,6.348981811197931,6.428127413773102,6.272794029463556,6.35190455906433
2023-04-28,518880.SSE,7.055591114301564,7.15691113065799,6.970924020929946,7.072046571796433
2023-05-01,159915.SZSE,2.1790424683368843,2.2169960819643943,2.1528939587168416,2.1907075908739073
2023-05-01,510300.SSE,2.752093454347721,2.800998817170359,2.7190683328955485,2.7677853924608287
2023-05-01,510500.SSE,3.6223980311475765,3.684788776985951,3.5789292547738056,3.641095629432758
2023-05-01,511010.SSE,100.13464571886551,101.36890649486051,98.93302997023913,100.16690365104793
2023-05-01,511260.SSE,100.90839736540948,102.19104937029387,99.69749659702457,100.97929779673306
2023-05-01,513100.SSE,6.351622518675953,6.467734583636579,6.2754030484518415,6.391042078692272
2023-05-01,518880.SSE,7.070509085039351,7.202811204858063,6.985662976018879,7.117402376341959
2023-05-02,159915.SZSE,2.1878290991720593,2.21880288395847,2.1615751499819944,2.192492968338409
2023-05-02,510300.SSE,2.773087303548898,2.8063643511914846,2.7355073253191864,2.76873211064695
2023-05-02,510500.SSE,3.644453374105457,3.6881868145947228,3.5863938024854023,3.6299532413819864
2023-05-02,511010.SSE,100.14237134957105,101.3440798057659,98.82032509220065,100.02057195566867
2023-05-02,511260.SSE,100.97814751800554,102.24956877799482,99.76640974778948,101.03712329841386
2023-05-02,513100.SSE,6.39517464117584,6.4794961709147065,6.3184325454817305,6.402664200508603
2023-05-02,518880.SSE,7.124497481891886,7.224293734857908,7.039003512109184,7.138630172784494
2023-05-03,159915.SZSE,2.195894120318697,2.2263538209280855,2.1695433908748725,2.1999543685060132
2023-05-03,510300.SSE,2.767073466251922,2.800278347846945,2.7289625699672015,2.762107864339273
2023-05-03,510500.SSE,3.6239371474734146,3.6963869151609643,3.5804499017037337,3.6525562402776326
2023-05-03,511010.SSE,100.00389448769594,101.24558721589571,98.8038477538436,100.04504665602343
2023-05-03,511260.SSE,101.03664651654125,102.34093722635832,99.82420675834275,101.12740832644103
2023-05-03,513100.SSE,6.391883351615967,6.485689869812919,6.315180751396576,6.4087844563368765
2023-05-03,518880.SSE,7.167303389839471,7.253311030517545,7.033935254485616,7.119367666483417
2023-05-04,159915.SZSE,2.203153756100778,2.229591601173987,2.168321694964753,2.1946575859967137
2023-05-04,510300.SSE,2.7630464206347343,2.813355443763618,2.7298898635871174,2.779995497790136
2023-05-04,510500.SSE,3.646449677147898,3.7029296877578366,3.602692281022123,3.6590214305907476
2023-05-04,511010.SSE,100.03847888307287,101.30175410487496,98.838017136476,100.10054753446143
2023-05-04,511260.SSE,101.11446559762454,102.39533292656243,99.90109201045306,101.18115901834233
2023-05-04,513100.SSE,6.41062047827769,6.496173608145814,6.333693032538358,6.4191438815670105
2023-05-04,518880.SSE,7.122851366549888,7.2565547338593195,7.037377150151289,7.17050863029577
2023-05-05,159915.SZSE,2.1971159298899203,2.2234813210485993,2.1638256131553364,2.190106895906211
2023-05-05,510300.SSE,2.7877665746581664,2.826550262615277,2.754313375762268,2.7930338563392065
2023-05-05,510500.SSE,3.655797555369591,3.701896905183203,3.6119279847051557,3.6580008944498053
2023-05-05,511010.SSE,100.07826233979647,101.34777965211926,98.87732319171892,100.14602732422851
2023-05-05,511260.SSE,101.16818960181304,102.41827170349981,99.95417132659128,101.20382579397214
2023-05-05,513100.SSE,6.418695261605414,6.511616964223193,6.341670918466149,6.434404114845052
2023-05-05,518880.SSE,7.164360912738766,7.279964826087942,7.078388581785901,7.193641132497966
2023-05-08,159915.SZSE,2.186239926433631,2.2252113079650675,2.1600050473164276,2.198825403127537
2023-05-08,510300.SSE,2.789590444229976,2.823065529560736,2.755539355471041,2.7890074448087456
2023-05-08,510500.SSE,3.6534958810292952,3.712982080386961,3.6096539304569437,3.6689546248883014
2023-05-08,511010.SSE,100.15236597032694,101.36988030481497,98.95053757868301,100.16786591384879
2023-05-08,511260.SSE,101.2208720455547,102.49850317502256,100.00622158100805,101.28310590417249
2023-05-08,513100.SSE,6.443638306137304,6.541430794486712,6.366314646463656,6.463864421429557
2023-05-08,518880.SSE,7.182768306053302,7.32738362661184,7.096575086380662,7.240497654754782
2023-05-09,159915.SZSE,2.20095337338173,2.2296412389796636,2.1745419329011493,2.203202805315873
2023-05-09,510300.SSE,2.7828390874968822,2.846606277141387,2.7494450184469197,2.812852052511252
2023-05-09,510500.SSE,3.672188864813054,3.7277327802106575,3.628122598435297,3.6835304152279225
2023-05-09,511010.SSE,100.18022443693538,101.46836495352987,98.97806174369215,100.26518276040501
2023-05-09,511260.SSE,101.27601997446143,102.56963812047778,100.0607077347679,101.35339735225077
2023-05-09,513100.SSE,6.459790014059007,6.568177383203892,6.3822725338902995,6.490293856920842
2023-05-09,518880.SSE,7.237750675744452,7.365321043754608,7.150897667635518,7.277985221101391
2023-05-10,159915.SZSE,2.2042436919602992,2.237696362645315,2.1777927676567757,2.211162413681141
2023-05-10,510300.SSE,2.817077375175469,2.859244284803545,2.7832724466733634,2.8253402023750445
2023-05-10,510500.SSE,3.6850404611842507,3.731565102283592,3.6408199756500395,3.6873172947466326
2023-05-10,511010.SSE,100.25600178067607,101.49438333652022,99.05292975930796,100.29089262501998
2023-05-10,511260.SSE,101.33490717274732,102.61379209888186,100.11888828667435,101.39702776569354
2023-05-10,513100.SSE,6.48846443246734,6.584472693267031,6.4106028592777315,6.506395941963469
2023-05-10,518880.SSE,7.270005952792989,7.362262876729963,7.182765881359473,7.274963316926841
2023-05-11,159915.SZSE,2.2070251876698803,2.241560737925251,2.180540885417842,2.2149809663292994
2023-05-11,510300.SSE,2.822616163232129,2.8670187037779518,2.7887447692733436,2.8330224345631936
2023-05-11,510500.SSE,3.6920488747852764,3.7512398469048134,3.647744288287853,3.7067587420008037
2023-05-11,511010.SSE,100.28358791458942,101.53265440678797,99.08018485961435,100.3287098881304
2023-05-11,511260.SSE,101.39629871787025,102.6130543024847,100.1236176438771,101.33969397153552
2023-05-11,513100.SSE,6.51443815198996,6.597946489654206,6.436264894166081,6.519709970014038
2023-05-11,518880.SSE,7.2789327082795126,7.366279900778867,7.183579394409716,7.270829346568539
2023-05-12,159915.SZSE,2.214918179269533,2.2453834648642736,2.1883391611182987,2.2187583644903888
2023-05-12,510300.SSE,2.832953996863443,2.8859911788953068,2.7989585489010818,2.851769939619868
2023-05-12,510500.SSE,3.7084737664338414,3.7529754516310474,3.660417354639781,3.7048758650200213
2023-05-12,511010.SSE,100.33769689653047,101.57586562141907,99.13364453377211,100.37140871681726
2023-05-12,511260.SSE,101.34168716984817,102.55778741588635,100.07199092434186,101.28744020682375
2023-05-12,513100.SSE,6.5190099683557685,6.600127605313885,6.440781848735499,6.5218652226421785
2023-05-12,518880.SSE,7.274664691984667,7.379633098038325,7.187368715680852,7.292127567231547
2023-05-15,159915.SZSE,2.219702181445367,2.249522002501401,2.1930657552680226,2.2228478285586966
2023-05-15,510300.SSE,2.8498212178112645,2.891990380185105,2.8156233631975294,2.857698004135479
2023-05-15,510500.SSE,3.7057778323962025,3.7648386713863657,3.661308498407448,3.7201963155991757
2023-05-15,511010.SSE,100.35946531183801,101.58857271798662,99.15515172809594,100.38396513635041
2023-05-15,511260.SSE,101.2541439872308,102.48303418308535,100.03909425938403,101.26782033901715
2023-05-15,513100.SSE,6.513433677829043,6.670361924518003,6.435272473695094,6.591266723832019
2023-05-15,518880.SSE,7.288188236423626,7.3780274429044,7.200729977586542,7.290540951486561
2023-05-16,159915.SZSE,2.2242903789393718,2.2594869953661445,2.197598894392099,2.232694659452712
2023-05-16,510300.SSE,2.858592193622623,2.8970939992066636,2.8242890872991517,2.8627411059354384
2023-05-16,510500.SSE,3.7254070634772676,3.7790964121353574,3.6807021787155403,3.734284992228614
2023-05-16,511010.SSE,100.37087033489895,101.57532077891774,99.1314257498386,100.33545116380425
2023-05-16,511260.SSE,101.26713262554516,102.5192734842378,100.05192703403861,101.30362992513616
2023-05-16,513100.SSE,6.610917536692854,6.6902485471331685,6.507061270666313,6.5860944035084135
2023-05-16,518880.SSE,7.307443810708784,7.409022215554408,7.219754484980278,7.32116819718815
2023-05-17,159915.SZSE,2.2331564394587895,2.271184923008421,2.206358562185284,2.244253876490535
2023-05-17,510300.SSE,2.8595682033180947,2.897458916659593,2.8252533848782777,2.8631016963039455
2023-05-17,510500.SSE,3.7363319981203333,3.7886674085775396,3.6914960141428894,3.7437424985944068
2023-05-17,511010.SSE,100.35546169472303,101.55972723505971,99.01256066054164,100.21514236896927
2023-05-17,511260.SSE,101.31828590487724,102.53410533573577,100.08849665879097,101.30414641578034
2023-05-17,513100.SSE,6.577811949692276,6.667134209142363,6.498878206295968,6.588077281761228
2023-05-17,518880.SSE,7.314889168900126,7.413472711483753,7.227110498873325,7.325565920438492
2023-05-18,159915.SZSE,2.245016536156548,2.2719567345904266,2.2141916227166396,2.2410846383771656
2023-05-18,510300.SSE,2.862500708156244,2.915847075940202,2.828150699658369,2.88127181417016
2023-05-18,510500.SSE,3.7440399549603915,3.7999988627425885,3.699111475500867,3.7549395876903047
2023-05-18,511010.SSE,100.22991162386137,101.43267056334771,99.01313921213874,100.21572794750885
2023-05-18,511260.SSE,101.31176527022066,102.60261621483632,100.09602408697802,101.38598440201217
2023-05-18,513100.SSE,6.587580009869076,6.77064029952731,6.508529049750647,6.690356027200899
2023-05-18,518880.SSE,7.324545274692307,7.461064297541687,7.236650731395999,7.3725931793890185
2023-05-19,159915.SZSE,2.2449408547530414,2.271880145010078,2.2032676280409222,2.230027963604172
2023-05-19,510300.SSE,2.8827842579146568,2.929170353520083,2.848190846819681,2.894437108221426
2023-05-19,510500.SSE,3.761430705445973,3.8137017308198686,3.716293536980621,3.768479971165878
2023-05-19,511010.SSE,100.22577591309353,101.46064976395066,99.02306660213641,100.2575590552872
2023-05-19,511260.SSE,101.42366973292049,102.6731777535072,100.20658569612544,101.45570924259604
2023-05-19,513100.SSE,6.693062619590986,6.795920901597449,6.612745868155894,6.715336859286016
2023-05-19,518880.SSE,7.378092897038689,7.480836467094173,7.289555782274225,7.392130896338116
2023-05-22,159915.SZSE,2.233220017527641,2.273269016392505,2.206421377317309,2.246313257304847
2023-05-22,510300.SSE,2.8910342090319023,2.94012447322649,2.8563417985235193,2.905261337180326
2023-05-22,510500.SSE,3.7689864048515718,3.8355931255546034,3.723758567993353,3.790111784144865
2023-05-22,511010.SSE,100.27302739348747,101.47630372220932,99.04909474326816,100.25212018549409
2023-05-22,511260.SSE,101.47686681503403,102.74643725627313,100.25914441325362,101.52810005560585
2023-05-22,513100.SSE,6.717433851973976,6.798043058197663,6.621461986073972,6.7018846012894455
2023-05-22,518880.SSE,7.39982811864289,7.501193220337583,7.3110301812191745,7.412246265155714
2023-05-23,159915.SZSE,2.2388121220851813,2.296449212062507,2.2119463766201592,2.269218588994572
2023-05-23,510300.SSE,2.902889391064992,2.949185539150232,2.8680547183722123,2.9142149596346165
2023-05-23,510500.SSE,3.788766290628573,3.886226790541939,3.74330109514103,3.8401450499426275
2023-05-23,511010.SSE,100.2190878978937,101.53554339455015,99.01645884311897,100.3315646191207
2023-05-23,511260.SSE,101.55262093602133,102.84760128899804,100.33398948478907,101.6280645148202
2023-05-23,513100.SSE,6.700401185009611,6.834880219392663,6.6199963707894955,6.753834208886031
2023-05-23,518880.SSE,7.423302499900923,7.518638955573976,7.334222869902112,7.429485133966379
2023-05-24,159915.SZSE,2.268378350878742,2.2978769528046867,2.241157810668197,2.270629400004631
2023-05-24,510300.SSE,2.913034125976104,2.962332391176904,2.8780777164643907,2.9272059201352807
2023-05-24,510500.SSE,3.8363932938580603,3.9146165958247665,3.7903565743317635,3.868198217218149
2023-05-24,511010.SSE,100.35420591318147,101.55845638413965,99.1475796363608,100.35180125137734
2023-05-24,511260.SSE,101.67550346907862,102.89560951070756,100.36807936219937,101.58712486052568
2023-05-24,513100.SSE,6.752378551381837,6.833407093998419,6.6696608897774174,6.750668916778762
2023-05-24,518880.SSE,7.433200155406023,7.5364528017174495,7.344001753541151,7.447087748732658
2023-05-25,159915.SZSE,2.2701932701868226,2.2974355894290643,2.241532326836574,2.268757415826492
2023-05-25,510300.SSE,2.9223304749983208,2.9777421357859404,2.887262509298341,2.942432940499941
2023-05-25,510500.SSE,3.8713722008170213,3.9491754925189317,3.824915734407217,3.90234732462345
2023-05-25,511010.SSE,100.3583588222232,101.6522199745307,99.15405851635651,100.44685768234258
2023-05-25,511260.SSE,101.5999621573698,102.86075907988437,100.38076261148136,101.64106628447072
2023-05-25,513100.SSE,6.748818898534954,6.8806130418759395,6.6678330717525345,6.799024744936699
2023-05-25,518880.SSE,7.456223960664373,7.588983442978029,7.366749273136401,7.498995497013863
2023-05-26,159915.SZSE,2.26412455142498,2.305623010077584,2.23695505680788,2.2782836067960313
2023-05-26,510300.SSE,2.940982714420188,2.97627450699323,2.9038588880412406,2.939128429191539
2023-05-26,510500.SSE,3.9079833583638015,4.005810910859508,3.861087558063436,3.9583111767386447
2023-05-26,511010.SSE,100.46378074340002,101.66934611232082,99.23037868634955,100.43560595784368
2023-05-26,511260.SSE,101.6438287603126,102.86355470543636,100.39297463013199,101.61232250013359
2023-05-26,513100.SSE,6.790178699049455,6.888429901958943,6.708696554660861,6.806748914979192
2023-05-26,518880.SSE,7.493178837000541,7.592623612445126,7.403260690956535,7.502592502416133
2023-05-29,159915.SZSE,2.2785339588873628,2.3244315557662536,2.2511915513807144,2.296869126251239
2023-05-29,510300.SSE,2.9395358087571397,2.9748102384622253,2.9020325491581764,2.9372799080548346
2023-05-29,510500.SSE,3.9580775695097232,4.030568433950069,3.9105806386756066,3.982775132361729
2023-05-29,511010.SSE,100.4420869715897,101.68006408253956,99.23678192793062,100.47437162306281
2023-05-29,511260.SSE,101.62881450712963,102.8483602812152,100.32387994436469,101.54238860765658
2023-05-29,513100.SSE,6.823845686422632,6.905731834659703,6.732658221744452,6.814431398526773
2023-05-29,518880.SSE,7.510632801583112,7.617751607207907,7.420505207964115,7.527422536766706
2023-05-30,159915.SZSE,2.300217837036513,2.3487292243897704,2.2726152229920746,2.320878680227046
2023-05-30,510300.SSE,2.935911042196668,2.989519636978513,2.900680109690308,2.954070787528175
2023-05-30,510500.SSE,3.9888570942110655,4.051587785800611,3.9409908090805326,4.003545242885979
2023-05-30,511010.SSE,100.47519090823917,101.70911667708346,99.2694886173403,100.5030797204382
2023-05-30,511260.SSE,101.53292468150389,102.75131977768193,100.31100333526423,101.52935560249416
2023-05-30,513100.SSE,6.812682657762273,6.946884530894977,6.730930465869125,6.8645104060227045
2023-05-30,518880.SSE,7.535372056483592,7.625796521161395,7.441660231278671,7.532044768500679
2023-05-31,159915.SZSE,2.317938453351862,2.3646748304545366,2.29012319191164,2.3366352079590285
2023-05-31,510300.SSE,2.9531356593043236,2.9885732872159756,2.9053156699090694,2.9406029047662647
2023-05-31,510500.SSE,3.9943542572921262,4.078972841785683,3.9464220062046205,4.030605574887039
2023-05-31,511010.SSE,100.4984682556176,101.79874836992347,99.29248663655018,100.59164858688091
2023-05-31,511260.SSE,101.53117783928421,102.82724494974389,100.3128037052128,101.6079495550829
2023-05-31,513100.SSE,6.8692926499005775,6.976949071744501,6.786861138101771,6.894218450340416
2023-05-31,518880.SSE,7.5453508263961435,7.635895036312897,7.452976347647167,7.543498327578104
2023-06-01,159915.SZSE,2.3375524419298586,2.376945615499321,2.3095018126267,2.3487604896238348
2023-06-01,510300.SSE,2.9405346288290803,2.9960186135606044,2.9052482132831314,2.9604927011468423
2023-06-01,510500.SSE,4.030344820860028,4.0878778294079705,3.981980683009708,4.039404969770722
2023-06-01,511010.SSE,100.5978040515644,101.80497770018317,99.3313716455062,100.53782555213178
2023-06-01,511260.SSE,101.59698110086059,102.88161789153062,100.37781732765026,101.66167775842946
2023-06-01,513100.SSE,6.891527277506129,7.026424635574213,6.808828950176055,6.943107347405349
2023-06-01,518880.SSE,7.528829124272173,7.698629032327532,7.438483174780907,7.607340941035111
2023-06-02,159915.SZSE,2.346252271496628,2.377791727480783,2.3180972442386687,2.3495965686569003
2023-06-02,510300.SSE,2.9582286895901366,2.999992328902602,2.922729945315055,2.9644192973345866
2023-06-02,510500.SSE,4.039216021338261,4.092346800483108,3.9907454290822013,4.0438209490939805
2023-06-02,511010.SSE,100.53260194502339,101.73899316836366,99.29931478086749,100.50537933286184
2023-06-02,511260.SSE,101.66842127838568,102.97367026307008,100.44840022304506,101.75263859987162
2023-06-02,513100.SSE,6.9402342527168335,7.040549798627845,6.856951441684231,6.957065018406961
2023-06-02,518880.SSE,7.599293740486519,7.724975619077952,7.5081022156006805,7.6333751176659606
2023-06-05,159915.SZSE,2.3477554478265703,2.3925455353530265,2.3195823824526514,2.3641754301907376
2023-06-05,510300.SSE,2.966810293469934,3.0308010656160884,2.9312085699482946,2.994862713059376
2023-06-05,510500.SSE,4.040392595610639,4.10659121003938,3.991907884463311,4.057896452608083
2023-06-05,511010.SSE,100.5199180870981,101.78017163194413,99.31367907005293,100.573292126427
2023-06-05,511260.SSE,101.74158362214699,103.0063971279613,100.52068461868123,101.78497739917125
2023-06-05,513100.SSE,6.953369357304762,7.050610645359682,6.8699289250171045,6.967006566560951
2023-06-05,518880.SSE,7.640709206438746,7.740262339772225,7.549020695961481,7.648480572897456
2023-06-06,159915.SZSE,2.3682538980765315,2.4043337650926864,2.339834851299613,2.375823878550085
2023-06-06,510300.SSE,2.9998842350822996,3.042061337765841,2.963885624261312,3.005989464195495
2023-06-06,510500.SSE,4.069197865696952,4.136569152673484,4.020367491308589,4.087518925566684
2023-06-06,511010.SSE,100.54670311384848,101.88112813973927,99.3401426764823,100.6730515214815
2023-06-06,511260.SSE,101.77332489924797,103.1526951545721,100.55204500045699,101.92954066657322
2023-06-06,513100.SSE,6.954420531985005,7.0844477895901905,6.870967485601185,7.000442479832204
2023-06-06,518880.SSE,7.624858398477253,7.756588406126533,7.5333600976955255,7.664613049532147
2023-06-07,159915.SZSE,2.3743204956137784,2.4078159944777804,2.345828649666413,2.3792648166776487
2023-06-07,510300.SSE,3.0043613289511635,3.0627144279053558,2.9683089930037494,3.02639765603296
2023-06-07,510500.SSE,4.087203280176,4.150599583280817,4.038156840813889,4.101382987431638
2023-06-07,511010.SSE,100.66396491580532,101.90190417269058,99.45599733681566,100.69358119831085
2023-06-07,511260.SSE,101.93656509907906,103.16802238310568,100.71332631789011,101.94468614931391
2023-06-07,513100.SSE,6.999130780508713,7.125511831244011,6.9151412111426085,7.04101959609092
2023-06-07,518880.SSE,7.669013855555238,7.7610420218219005,7.555951491196977,7.647724181373459
2023-06-08,159915.SZSE,2.380548176236113,2.4348551506180436,2.3519815981212795,2.4059833504130865
2023-06-08,510300.SSE,3.0281112775863197,3.069014298169668,2.991773942255284,3.032622824278328
2023-06-08,510500.SSE,4.099432481324082,4.164881232349185,4.050239291548193,4.1154952888825935
2023-06-08,511010.SSE,100.7279038092525,101.93663865496353,99.46531400012447,100.67339473696808
2023-06-08,511260.SSE,101.94234635123051,103.16565450744528,100.71451685925875,101.93777010046432
2023-06-08,513100.SSE,7.037677016071398,7.1318684579004685,6.953224891878541,7.047300847727736
2023-06-08,518880.SSE,7.657185970210774,7.749072201853304,7.544735701542067,7.636372167552699
2023-06-09,159915.SZSE,2.400736606643751,2.4644172368557,2.371927767364026,2.435194898078755
2023-06-09,510300.SSE,3.0317751629033665,3.086433501231027,2.995393860948526,3.04983547552473
2023-06-09,510500.SSE,4.115619945551901,4.200633436288208,4.066232506205279,4.150823553644474
2023-06-09,511010.SSE,100.66289034408615,101.93909747168374,99.45493565995712,100.73033347004322
2023-06-09,511260.SSE,101.90502749235227,103.1278878222605,100.66632645487068,101.88899438752094
2023-06-09,513100.SSE,7.0569395331461955,7.192317554619153,6.972256258748441,7.107033156738294
2023-06-09,518880.SSE,7.631238908429962,7.742825761535485,7.539664041528803,7.651013598355222
2023-06-12,159915.SZSE,2.440491607346797,2.4868432313459965,2.4112057080586355,2.4573549716857674
2023-06-12,510300.SSE,3.0511362084717364,3.1084312432014927,3.0145225739700754,3.071572374705032
2023-06-12,510500.SSE,4.141135995258223,4.230140175207808,4.0914423633151245,4.179980410284395
2023-06-12,511010.SSE,100.72632643457526,101.9924095697105,99.51761051736035,100.78301340880485
2023-06-12,511260.SSE,101.86427984692948,103.17532802320082,100.64190848876632,101.95190516126563
2023-06-12,513100.SSE,7.097117594838757,7.223161792179754,7.011952183700692,7.137511652351535
2023-06-12,518880.SSE,7.647174607344018,7.765918378461036,7.55540851205589,7.673832389783632
2023-06-13,159915.SZSE,2.4590833320308967,2.4936706738260463,2.429574332046526,2.464101456349848
2023-06-13,510300.SSE,3.0771884754074255,3.120233167078236,3.0402622137025364,3.0832343548203913
2023-06-13,510500.SSE,4.176276447115878,4.248273044271884,4.126161129750487,4.197898265090794
2023-06-13,511010.SSE,100.76818963808967,101.99529632501073,99.55897136243259,100.78586593380507
2023-06-13,511260.SSE,101.9324126908245,103.1680920881802,100.70922373853462,101.94475502784604
2023-06-13,513100.SSE,7.132707309518175,7.243755778066867,7.047114821803957,7.157861440777537
2023-06-13,518880.SSE,7.664221871173853,7.79258134047072,7.572251208719766,7.700179190188459
2023-06-14,159915.SZSE,2.4635768643829006,2.5153462466718013,2.434013942010306,2.485520006592689
2023-06-14,510300.SSE,3.0850646005079048,3.147189036140216,3.04804382530181,3.1098705890713596
2023-06-14,510500.SSE,4.2027164930113265,4.257572049662623,4.152283895095191,4.207087005595477
2023-06-14,511010.SSE,100.79150750785544,102.02968050610225,99.58200941776117,100.81984239733424
2023-06-14,511260.SSE,101.9297537392386,103.15291078410947,100.70334578933141,101.92646334952572
2023-06-14,513100.SSE,7.150362640409647,7.2627455455869825,7.064558288724732,7.176626033188718
2023-06-14,518880.SSE,7.695495274690109,7.78784121798639,7.581644451844247,7.673729202271505
2023-06-15,159915.SZSE,2.4871895214715307,2.5399408698477854,2.4573432472138723,2.5098229939207366
2023-06-15,510300.SSE,3.103442969348349,3.1581546846946207,3.0662016537161687,3.1207062101725502
2023-06-15,510500.SSE,4.204001105435474,4.301793360526926,4.153553092170248,4.250783953089847
2023-06-15,511010.SSE,100.80747147134184,102.13301451553129,99.59778181368574,100.92195110230364
2023-06-15,511260.SSE,101.9335037100476,103.25631847356193,100.71030166552703,102.03193525055526
2023-06-15,513100.SSE,7.188714120214033,7.291839942032936,7.102449550771465,7.205375436791439
2023-06-15,518880.SSE,7.669320658926195,7.809783145531433,7.577288811019081,7.717177021276119
2023-06-16,159915.SZSE,2.505698256922287,2.5571388160572206,2.4756298778392196,2.5268170119142495
2023-06-16,510300.SSE,3.1223595661443126,3.176245575949261,3.084891251350581,3.1385825849301
2023-06-16,510500.SSE,4.246675342518417,4.3310673926253065,4.195715238408196,4.2797108622779705
2023-06-16,511010.SSE,100.91882911431237,102.24233351106096,99.70780316494063,101.02997382515905
2023-06-16,511260.SSE,102.03565844419553,103.3260208706918,100.81123054286519,102.10081113704724
2023-06-16,513100.SSE,7.198070658776595,7.284447506681913,7.096244690970731,7.182433897743655
2023-06-16,518880.SSE,7.711031594647958,7.80662345329845,7.618499215512182,7.7140547957494565
2023-06-19,159915.SZSE,2.5303054629892436,2.5790515947930004,2.499941797433373,2.5484699553290517
2023-06-19,510300.SSE,3.14310018519624,3.1982096019420507,3.105382982973885,3.1602861679269276
2023-06-19,510500.SSE,4.286254315756448,4.337689367545526,4.217481135918856,4.268705603156737
2023-06-19,511010.SSE,101.04426833029858,102.27989906364617,99.831737110335,101.06709393640925
2023-06-19,511260.SSE,102.11894039438295,103.38108845137883,100.89351310965034,102.1552257424692
2023-06-19,513100.SSE,7.187147238632316,7.273393005495904,7.094928143037872,7.181101359350072
2023-06-19,518880.SSE,7.707418746866413,7.79990777182881,7.586504117968287,7.678647892680453
2023-06-20,159915.SZSE,2.547506860979404,2.599014489401092,2.516936778647651,2.56819613577183
2023-06-20,510300.SSE,3.1594692483340627,3.221725296822734,3.121555617354054,3.1835230205758243
2023-06-20,510500.SSE,4.275385500956653,4.334211875618055,4.224080874945173,4.282818058911122
2023-06-20,511010.SSE,101.05532429042428,102.30110789346764,99.84266039893919,101.08805127813008
2023-06-20,511260.SSE,102.16804365325827,103.39406017709737,100.92679616969363,102.15262770211906
2023-06-20,513100.SSE,7.189233926780332,7.283469955801666,7.102963119658968,7.197104699408761
2023-06-20,518880.SSE,7.67622050106382,7.808678322057106,7.584105855051054,7.716085298475401
2023-06-21,159915.SZSE,2.5675847695887795,2.619875728712442,2.536773752353714,2.588810008609132
2023-06-21,510300.SSE,3.187223066477838,3.2595462251006175,3.1489763896801035,3.220895479348436
2023-06-21,510500.SSE,4.285402043590669,4.3556005468018135,4.233977219067581,4.303953109487958
2023-06-21,511010.SSE,101.10133867820404,102.31761643431477,99.8881226140656,101.10436406552843
2023-06-21,511260.SSE,102.170878949637,103.39692949703264,100.94022319875937,102.16621781250949
2023-06-21,513100.SSE,7.195877865110569,7.282901798469937,7.109527330729242,7.196543279120491
2023-06-21,518880.SSE,7.7135371860818776,7.849749639750123,7.6209747398488945,7.756669604496169
2023-06-22,159915.SZSE,2.587325497599988,2.6431757345792017,2.5562775916287883,2.6118337298213454
2023-06-22,510300.SSE,3.218303267997071,3.2711248158744657,3.179683628781106,3.2323367745795113
2023-06-22,510500.SSE,4.301668445143482,4.3920175980695575,4.25004842380176,4.339938338013397
2023-06-22,511010.SSE,101.11822017692613,102.38371604811566,99.90480153480301,101.16967988944235
2023-06-22,511260.SSE,102.17657792739062,103.42396947886667,100.95045899226194,102.19759829927536
2023-06-22,513100.SSE,7.184992898225972,7.310655173965212,7.09877298344726,7.223967563206731
2023-06-22,518880.SSE,7.773648018207221,7.867857796760531,7.680364241988735,7.774563040277204
2023-06-23,159915.SZSE,2.610065003241449,2.6618164050147413,2.5787442232025515,2.6302533646390724
2023-06-23,510300.SSE,3.2267395696550607,3.273214214643062,3.1880186948192,3.234401397868638
2023-06-23,510500.SSE,4.338726002775089,4.427466515210948,4.286661290741788,4.374966912263782
2023-06-23,511010.SSE,101.18746971508696,102.4064193304104,99.97322007850592,101.19211396285613
2023-06-23,511260.SSE,102.20116981531477,103.49024353264714,100.97475577753099,102.26308649471062
2023-06-23,513100.SSE,7.212479670098129,7.324870837356915,7.125929914056951,7.238014661419877
2023-06-23,518880.SSE,7.770988475494909,7.89246785260913,7.67773661378897,7.798881277281748
2023-06-26,159915.SZSE,2.632385915016533,2.6639745459967314,2.5956844709708444,2.6272110030069276
2023-06-26,510300.SSE,3.2349341385550368,3.2773977250027975,3.1961149288923765,3.2385353013861633
2023-06-26,510500.SSE,4.3708643526372555,4.450316569833326,4.318413980405609,4.397546017621864
2023-06-26,511010.SSE,101.19448426401209,102.43653181903731,99.98015045284394,101.2218693864005
2023-06-26,511260.SSE,102.28182539509672,103.58815777627684,101.05444349035555,102.35983969987831
2023-06-26,513100.SSE,7.245278452870606,7.353320818217539,7.158335111436158,7.266127290728794
2023-06-26,518880.SSE,7.802013223781947,7.91337208498883,7.708389065096564,7.819537633388172
2023-06-27,159915.SZSE,2.6279954949503317,2.6761189418952154,2.5964595490109277,2.6443863062205684
2023-06-27,510300.SSE,3.23190561604692,3.304555198446663,3.193122748654357,3.2653707494532243
2023-06-27,510500.SSE,4.392445324050855,4.483358756267429,4.339735980162245,4.430196399473744
2023-06-27,511010.SSE,101.2765652091709,102.49188399168095,99.99153493113225,101.20600701531605
2023-06-27,511260.SSE,102.37552605936433,103.6426585019429,101.14701974665196,102.41369417188034
2023-06-27,513100.SSE,7.255448902266264,7.387895514423795,7.168383515439069,7.300292010300193
2023-06-27,518880.SSE,7.81427661958633,7.961499629466293,7.720505300151294,7.867094495520052
2023-06-28,159915.SZSE,2.6463977903662044,2.678506149860574,2.61464101688181,2.6467452073721085
2023-06-28,510300.SSE,3.2644574457389566,3.318948916785111,3.225283956390089,3.2795937912896354
2023-06-28,510500.SSE,4.424801555051766,4.493462048083454,4.371703936391144,4.440179889410527
2023-06-28,511010.SSE,101.22379610265129,102.48115886118849,100.00911054941947,101.26596725413883
2023-06-28,511260.SSE,102.42011392574022,103.73607835325822,101.19107255863135,102.50600627792315
2023-06-28,513100.SSE,7.303631667488066,7.391275247497923,7.210133588887798,7.297706061627326
2023-06-28,518880.SSE,7.86168488296961,7.964973056751779,7.767344664373974,7.8705267359207305
2023-06-29,159915.SZSE,2.6467180506588086,2.6784786672667145,2.6118543297693626,2.6435772568515814
2023-06-29,510300.SSE,3.2845211957036997,3.330439151296612,3.2451069413552553,3.2909477779610787
2023-06-29,510500.SSE,4.436979391891297,4.4942716316720475,4.383735639188601,4.440979873193723
2023-06-29,511010.SSE,101.27145057706736,102.48670798399216,99.9964869517915,101.2110191819752
2023-06-29,511260.SSE,102.52772399510255,103.78233569489873,101.29739130716132,102.5517151135363
2023-06-29,513100.SSE,7.298679693794558,7.386263850120092,7.172788442248478,7.25990733021101
2023-06-29,518880.SSE,7.854892275572372,7.94915098287924,7.7279641854488546,7.821826098632444
2023-06-30,159915.SZSE,2.6451605280229704,2.6983980954928874,2.613418601686695,2.6664012801313115
2023-06-30,510300.SSE,3.283623522096837,3.325946653086996,3.2442200398316747,3.2865085504812215
2023-06-30,510500.SSE,4.435622070136286,4.499339016595547,4.3823946052946505,4.4459871705489595
2023-06-30,511010.SSE,101.19624472666435,102.41059966338432,99.97259098991792,101.18683298574688
2023-06-30,511260.SSE,102.51162884894396,103.7646660705283,101.28148930275663,102.53425501040347
2023-06-30,513100.SSE,7.263102304402985,7.3867197118437495,7.17594507675015,7.299130150043231
2023-06-30,518880.SSE,7.807499788792421,7.955559573764018,7.713809791326912,7.861224875260887
2023-07-03,159915.SZSE,2.665098643130344,2.7232492547141858,2.6331174594127797,2.6909577615752824
2023-07-03,510300.SSE,3.281606286955872,3.345047220654111,3.2422270115124014,3.305382629104853
2023-07-03,510500.SSE,4.437883649470091,4.511019245805942,4.3846290456764505,4.4575288990177295
2023-07-03,511010.SSE,101.18519614805949,102.41205733885515,99.97097379428277,101.1976851174458
2023-07-03,511260.SSE,102.52929139302204,103.81065624994719,101.29893989630577,102.57969985172647
2023-07-03,513100.SSE,7.303147107008624,7.390784872292728,7.2053453187409815,7.292859634353221
2023-07-03,518880.SSE,7.850162766673548,7.973555184992044,7.755960813473465,7.87900709979451
2023-07-04,159915.SZSE,2.697967007626123,2.740843510546262,2.6655914035346098,2.708343389867848
2023-07-04,510300.SSE,3.3014052190292333,3.341022081657584,3.257176921541555,3.2967377748396305
2023-07-04,510500.SSE,4.45867003775779,4.515782858098979,4.405165997304697,4.462236025789505
2023-07-04,511010.SSE,101.22174480846185,102.5033920335687,100.00708387076031,101.28793679206393
2023-07-04,511260.SSE,102.57447200258247,103.88537876290597,101.34357833855148,102.65353632698219
2023-07-04,513100.SSE,7.284919974433541,7.3723390141267435,7.191253765464588,7.278596928607883
2023-07-04,518880.SSE,7.880695854191868,7.97526420444217,7.749188956438564,7.843308660362919
2023-07-05,159915.SZSE,2.7033936754103425,2.7538423071145255,2.670952951305418,2.7211880505084243
2023-07-05,510300.SSE,3.296494243365988,3.3628936325162937,3.256936312445596,3.323017423435073
2023-07-05,510500.SSE,4.463457483929924,4.517018973737083,4.3946960218046565,4.448072896563417
2023-07-05,511010.SSE,101.31680010945391,102.53260171076735,100.0726614768103,101.28811890365415
2023-07-05,511260.SSE,102.67325938373018,104.00837605995045,101.44118027112542,102.77507515805381
2023-07-05,513100.SSE,7.270317751692141,7.361622545957504,7.183073938671835,7.274330579009391
2023-07-05,518880.SSE,7.853162400773367,7.947400349582647,7.717875562468187,7.81161494176942
2023-07-06,159915.SZSE,2.7251941186099584,2.773932448911918,2.6924917891866387,2.7410399692805516
2023-07-06,510300.SSE,3.3215998954054218,3.40570424491038,3.281740696660557,3.3653204001090713
2023-07-06,510500.SSE,4.456907784213854,4.510390677624421,4.3983219952932,4.451742910215789
2023-07-06,511010.SSE,101.31307817397986,102.52883511206763,100.04646221887768,101.26160143611101
2023-07-06,511260.SSE,102.8019953895788,104.07454895725589,101.56837144490386,102.84046339649791
2023-07-06,513100.SSE,7.280400495759508,7.367765301708623,7.170867664928111,7.257963223611449
2023-07-06,518880.SSE,7.795349042453723,7.9068755145297125,7.701804853944278,7.813118097361376
2023-07-07,159915.SZSE,2.7454178655057144,2.778362879891783,2.710341278006225,2.7432604028403085
2023-07-07,510300.SSE,3.3708181852190195,3.4132754256948994,3.3303683669963915,3.372801804046343
2023-07-07,510500.SSE,4.448273114115233,4.50847144161821,4.39489383674585,4.455011305946847
2023-07-07,511010.SSE,101.27485394164167,102.49015218894137,100.0055635781967,101.22020605080638
2023-07-07,511260.SSE,102.81561021367656,104.05906878196691,101.58182289111244,102.82516678059972
2023-07-07,513100.SSE,7.252636126144286,7.3688704085922945,7.165604492630554,7.281492498608986
2023-07-07,518880.SSE,7.808114697886276,7.901812074260911,7.687428388722235,7.780797964293761
2023-07-10,159915.SZSE,2.740534449022182,2.781015877851313,2.7076480356339157,2.748039404991416
2023-07-10,510300.SSE,3.376559194469815,3.4245794897806183,3.336040484136177,3.3839718278464606
2023-07-10,510500.SSE,4.456550558519684,4.51002916522192,4.401172000139225,4.454627530505289
2023-07-10,511010.SSE,101.19902523640734,102.51312544593465,99.98463693357044,101.29755478847297
2023-07-10,511260.SSE,102.849353541458,104.0835457839555,101.57079469064142,102.80444806745083
2023-07-10,513100.SSE,7.258167221720939,7.391781877680857,7.171069215060287,7.304132290198475
2023-07-10,518880.SSE,7.76839976880169,7.861839329203088,7.67517897157607,7.768615937947715
2023-07-11,159915.SZSE,2.7551958609621967,2.7882582112937433,2.7110180940686353,2.743945439340724
2023-07-11,510300.SSE,3.385927714178323,3.4276997277635717,3.3452965816081828,3.387055066960051
2023-07-11,510500.SSE,4.456253014743293,4.514583225204816,4.402777978566373,4.46105061779132
2023-07-11,511010.SSE,101.30577983920134,102.52144919727175,99.95555019838726,101.16958522103974
2023-07-11,511260.SSE,102.78437839742601,104.08004687443268,101.5509658566569,102.84589612098091
2023-07-11,513100.SSE,7.309662743155334,7.401242012032993,7.22194679023747,7.31348024904446
2023-07-11,518880.SSE,7.766221062044906,7.872696358432394,7.673026409300367,7.779344227699994
2023-07-12,159915.SZSE,2.7471341235184608,2.788170760864938,2.7141685140362393,2.755109447494998
2023-07-12,510300.SSE,3.3876305833924905,3.4282821503932004,3.3353844035226996,3.3758951452658903
2023-07-12,510500.SSE,4.45972970081465,4.534717009107699,4.406212944404874,4.480945661173616
2023-07-12,511010.SSE,101.14865535903277,102.36243922334117,99.92752445695092,101.14121908598271
2023-07-12,511260.SSE,102.82633643042519,104.1874657171785,101.59242039326008,102.9520412225084
2023-07-12,513100.SSE,7.304643802419828,7.400157329371253,7.2169880767907895,7.312408428232463
2023-07-12,518880.SSE,7.789113935291787,7.882583302515288,7.665514114475274,7.758617524772545
2023-07-13,159915.SZSE,2.7582327431288007,2.799270315880139,2.725133950211255,2.766077387233339
2023-07-13,510300.SSE,3.377444253490365,3.4235255288636472,3.3369149224484804,3.38293036448977
2023-07-13,510500.SSE,4.484838555961986,4.53865661863353,4.427883438505509,4.481663399297074
2023-07-13,511010.SSE,101.1161480855014,102.53592042522932,99.90275430847538,101.32007947157048
2023-07-13,511260.SSE,102.94802126911307,104.24920299818763,101.71264501388372,103.01304644089686
2023-07-13,513100.SSE,7.316394717433886,7.427326222492376,7.22859798082468,7.339255160565589
2023-07-13,518880.SSE,7.754573524488408,7.847628406782269,7.640318598614136,7.733115990500138
2023-07-14,159915.SZSE,2.7661678188390697,2.7993618326651384,2.732883916877157,2.7660768389444907
2023-07-14,510300.SSE,3.379530043871873,3.427733030745376,3.3389756833454105,3.387087975044838
2023-07-14,510500.SSE,4.48571860183718,4.539547225059227,4.424079147768234,4.477812902599427
2023-07-14,511010.SSE,101.32411814821495,102.62190742402179,100.10822873043637,101.4050468616816
2023-07-14,511260.SSE,103.00758334941546,104.32690547808896,101.77149234922247,103.08982754751874
2023-07-14,513100.SSE,7.351190842871634,7.447673182891878,7.262976552757174,7.359360852659958
2023-07-14,518880.SSE,7.732687305748838,7.8492404123618185,7.639895058079852,7.756166415377291
2023-07-17,159915.SZSE,2.7653759194795287,2.8022796485303054,2.7321914084457743,2.7690510360971397
2023-07-17,510300.SSE,3.390477024114396,3.431162748403769,3.3355765832631974,3.3760896591732767
2023-07-17,510500.SSE,4.479523662547287,4.533449463968095,4.425769378596719,4.479693146213533
2023-07-17,511010.SSE,101.4138897579706,102.63085643506625,100.14658993587696,101.36294527922769
2023-07-17,511260.SSE,103.06305486315156,104.34142645777575,101.82629820479374,103.10417634167564
2023-07-17,513100.SSE,7.359504775200973,7.447818832503385,7.26155122318816,7.34974820160745
2023-07-17,518880.SSE,7.7693457591528,7.862577908262633,7.637642030605207,7.730406913568023
2023-07-18,159915.SZSE,2.7683746110449117,2.8015951063774507,2.7330398526395254,2.766234668663487
2023-07-18,510300.SSE,3.371712411316071,3.43685759553862,3.3312518623802783,3.396104343417609
2023-07-18,510500.SSE,4.47835729342299,4.544457449655646,4.424617005901914,4.490570602426527
2023-07-18,511010.SSE,101.37820792209233,102.59474641715744,100.13526787782497,101.35148570630058
2023-07-18,511260.SSE,103.11534446868797,104.35272860231223,101.83845860466728,103.07536296018955
2023-07-18,513100.SSE,7.358291562657935,7.44659106140983,7.252405351394142,7.340491246350346
2023-07-18,518880.SSE,7.734537737454925,7.827352190304384,7.616916470622351,7.709429626135982
2023-07-19,159915.SZSE,2.7674953049804585,2.810293838445248,2.7342853613206928,2.7769701960921425
2023-07-19,510300.SSE,3.3994158221934603,3.440208812059782,3.35273365646157,3.393455117876083
2023-07-19,510500.SSE,4.488697893130372,4.56304511110594,4.434833518412807,4.508937856824051
2023-07-19,511010.SSE,101.35988363696569,102.57620224060928,100.11059942242669,101.32651763403511
2023-07-19,511260.SSE,103.08703522961189,104.32407965236723,101.79938100915119,103.03581073800729
2023-07-19,513100.SSE,7.3418084734712235,7.429910175152878,7.212810147185693,7.300415128730458
2023-07-19,518880.SSE,7.70259613601344,7.795027289645602,7.545782137032874,7.63743131278631
2023-07-20,159915.SZSE,2.78151346984364,2.8195352593580223,2.748135308205516,2.7861020349387573
2023-07-20,510300.SSE,3.39815434349946,3.4418248106303513,3.357376491377466,3.4010126587256435
2023-07-20,510500.SSE,4.5017486241032225,4.579442179237279,4.447727640613984,4.525140493317469
2023-07-20,511010.SSE,101.3354953245235,102.59594698636694,100.11946938062923,101.3793942553033
2023-07-20,511260.SSE,103.05391299974086,104.29055995573775,101.8141027081778,103.05071124309494
2023-07-20,513100.SSE,7.313948031599883,7.401715407979081,7.210778416588316,7.298358721243235
2023-07-20,518880.SSE,7.638847432734208,7.730513601927019,7.524960436621913,7.616356717228657
2023-07-21,159915.SZSE,2.7866914505069613,2.8201317479130448,2.748788224821429,2.782174316620879
2023-07-21,510300.SSE,3.401849440360347,3.442671633644671,3.354384889031935,3.3951264059027686
2023-07-21,510500.SSE,4.5208877865377435,4.575138439976197,4.445016678406685,4.4990047352294384
2023-07-21,511010.SSE,101.36275837328458,102.68219375336072,100.14640527280517,101.46461833336039
2023-07-21,511260.SSE,103.04326686532767,104.36647606002315,101.80674766294374,103.12892891306635
2023-07-21,513100.SSE,7.289320743531447,7.376792592453825,7.197390430102917,7.284808127634531
2023-07-21,518880.SSE,7.609006872623817,7.701963596870711,7.5176987901523304,7.610635965287264
2023-07-24,159915.SZSE,2.7792174614408944,2.814411245701319,2.7458668519036036,2.781038780337272
2023-07-24,510300.SSE,3.394428501099054,3.4351616431122425,3.3509365080040294,3.3916361417044834
2023-07-24,510500.SSE,4.495741102280525,4.549689995507891,4.439702494762304,4.493626006844437
2023-07-24,511010.SSE,101.46284311234926,102.69998462389779,100.24528899500108,101.48219824495828
2023-07-24,511260.SSE,103.12824856147743,104.36578754421517,101.8749969925784,103.11234513418867
2023-07-24,513100.SSE,7.284738309320316,7.37215516903216,7.196704917848178,7.284114289320018
2023-07-24,518880.SSE,7.61437037264256,7.70574281711427,7.513824849295087,7.605085879853327
2023-07-25,159915.SZSE,2.783714958051127,2.8171195375477405,2.743101716686366,2.776418741585391
2023-07-25,510300.SSE,3.393220501457771,3.440812613238371,3.352501855440278,3.4000124636742797
2023-07-25,510500.SSE,4.487737375037777,4.547880276235938,4.433884526537324,4.493952842130374
2023-07-25,511010.SSE,101.45671052543678,102.67419105174201,100.23157462087691,101.44896216687947
2023-07-25,511260.SSE,103.11182223279306,104.34916409958657,101.86986847510867,103.10715432703307
2023-07-25,513100.SSE,7.289837153343752,7.377315199183878,7.16284767664868,7.2498458265674905
2023-07-25,518880.SSE,7.609659661813995,7.700975577755764,7.469500798947513,7.560223480716106
2023-07-26,159915.SZSE,2.779404095670871,2.8127569448189216,2.7369081065206604,2.770149905385284
2023-07-26,510300.SSE,3.388680658320273,3.438385350104137,3.3480164904204295,3.397613982316341
2023-07-26,510500.SSE,4.496259931284106,4.550215050459515,4.440717087807414,4.494652922881998
2023-07-26,511010.SSE,101.4150945348057,102.70805726427689,100.19811340038804,101.49017516232894
2023-07-26,511260.SSE,103.13616580886028,104.37379979856661,101.82525118382152,103.06199512532542
2023-07-26,513100.SSE,7.248235473579492,7.339763602872072,7.161256647896538,7.252730832877542
2023-07-26,518880.SSE,7.548174387526276,7.638752480176592,7.419262396533659,7.5093748952769825
2023-07-27,159915.SZSE,2.772266469435128,2.8055336670683495,2.7254802326836405,2.7585832314611745
2023-07-27,510300.SSE,3.398812309797411,3.4468740580542248,3.358026562079842,3.4060020336504198
2023-07-27,510500.SSE,4.500932136400355,4.560726926365243,4.44692095076355,4.506647160439964
2023-07-27,511010.SSE,101.50270392865043,102.72073637579425,100.25740323400721,101.47510448786156
2023-07-27,511260.SSE,103.01332280167513,104.35527609484555,101.77716292805503,103.11786175379994
2023-07-27,513100.SSE,7.262486912023718,7.349636754968002,7.13771049084993,7.224403330819767
2023-07-27,518880.SSE,7.5109095251430125,7.601040439444729,7.4102068865436355,7.500209399335663
2023-07-28,159915.SZSE,2.760983549392973,2.7941153519856887,2.7192106961704696,2.7522375467312448
2023-07-28,510300.SSE,3.405551632161356,3.4464182517472923,3.360376559064644,3.4011908492557126
2023-07-28,510500.SSE,4.501875318733024,4.55589782255782,4.436006070063533,4.489884686299122
2023-07-28,511010.SSE,101.46236805779591,102.67991647448946,100.21064352596345,101.42777684814115
2023-07-28,511260.SSE,103.10141672273558,104.43017771389948,101.86419972206275,103.19187521136313
2023-07-28,513100.SSE,7.220762815854247,7.307411969644498,7.10967836533258,7.196030734142288
2023-07-28,518880.SSE,7.499180675161187,7.589170843263122,7.4067581822571835,7.496718807952615
2023-07-31,159915.SZSE,2.7513677492015134,2.7843841621919316,2.7055248236485263,2.73838544903697
2023-07-31,510300.SSE,3.400989960001328,3.441801839521344,3.3518308452014214,3.3925413412969854
2023-07-31,510500.SSE,4.491369654400241,4.545266090253044,4.432148707233435,4.485980472908335
2023-07-31,511010.SSE,101.44252718448163,102.65983751069541,100.12196944214442,101.33802575115833
2023-07-31,511260.SSE,103.19197050640012,104.51291457927569,101.95366686032332,103.27363100718941
2023-07-31,513100.SSE,7.213424857525599,7.299985955815906,7.079475152926151,7.1654606810993435
2023-07-31,518880.SSE,7.501484164050536,7.591501974019143,7.396036026316822,7.485866423397593
2023-08-01,159915.SZSE,2.73541913798148,2.7682441676372576,2.6836000751112996,2.716194408007388
2023-08-01,510300.SSE,3.395338925031311,3.4360829921316864,3.3265716277158157,3.3669753316961697
2023-08-01,510500.SSE,4.48057156694499,4.535828315562276,4.42680470814165,4.482043790081301
2023-08-01,511010.SSE,101.35674710615054,102.57302807142435,100.02858917034715,101.24351130601939
2023-08-01,511260.SSE,103.25494756744371,104.50635190792924,102.01588819663438,103.26714615408028
2023-08-01,513100.SSE,7.183223604847735,7.2694222881059085,7.027957573529629,7.113317382115009
2023-08-01,518880.SSE,7.493130524042836,7.58304809033135,7.353502709722983,7.442816507816785
2023-08-02,159915.SZSE,2.713444588379828,2.7460059234403857,2.675551642202804,2.7080482208530405
2023-08-02,510300.SSE,3.366681641872131,3.4070818215745966,3.291613455360432,3.3315925661542836
2023-08-02,510500.SSE,4.480449620045321,4.534215015485865,4.426387369066558,4.480149158974249
2023-08-02,511010.SSE,101.23306153524608,102.44785827366903,99.95801145068639,101.17207636709148
2023-08-02,511260.SSE,103.26270024877181,104.50809519505235,102.02354784578654,103.26886876981457
2023-08-02,513100.SSE,7.115658646236223,7.201046549991057,7.021962860725149,7.107249859033552
2023-08-02,518880.SSE,7.446963494123892,7.536327056053379,7.32596593617152,7.41494527952583
2023-08-03,159915.SZSE,2.702886081640752,2.735320714620441,2.669528429134262,2.7019518513504677
2023-08-03,510300.SSE,3.3271636904087476,3.3670896546936526,3.280564734523999,3.3204096503279343
2023-08-03,510500.SSE,4.47654236886482,4.530260877291198,4.404749781610532,4.458248766812279
2023-08-03,511010.SSE,101.18203068995217,102.3962150582316,99.89195187387824,101.10521444724519
2023-08-03,511260.SSE,103.26669884627577,104.50589923243108,102.01323596506946,103.25226312253993
2023-08-03,513100.SSE,7.111833390150578,7.197175390832386,6.976744559473889,7.0614823476456365
2023-08-03,518880.SSE,7.412322887544903,7.51775229438696,7.323375012894364,7.4286089865483795
2023-08-04,159915.SZSE,2.702698882296594,2.735131268884153,2.6440130062189913,2.676126524513149
2023-08-04,510300.SSE,3.3198619282497166,3.3597002713887134,3.2741557463288005,3.3139228201708506
2023-08-04,510500.SSE,4.461380500208675,4.514917066211178,4.391733049291093,4.445073936529447
2023-08-04,511010.SSE,101.09407399558356,102.33372207082024,99.88094510763655,101.12027872610696
2023-08-04,511260.SSE,103.24094581296153,104.51695562295755,102.002054463206,103.27762413335726
2023-08-04,513100.SSE,7.071306636610511,7.156162316249837,6.9413991603671645,7.0257076521934865
2023-08-04,518880.SSE,7.436702293166039,7.525942720684032,7.323146458510506,7.412091557196869
2023-08-07,159915.SZSE,2.6758659977761248,2.7079763897494384,2.639180072217692,2.671234890908595
2023-08-07,510300.SSE,3.314184016400815,3.353954224597625,3.258840803178694,3.2984218655654796
2023-08-07,510500.SSE,4.44155518910579,4.494853851375059,4.351448434052528,4.404300034466122
2023-08-07,511010.SSE,101.08917421323308,102.30224430379188,99.87483053230905,101.08788515415895
2023-08-07,511260.SSE,103.27873383890544,104.5615477128797,102.03938903283857,103.32168746331986
2023-08-07,513100.SSE,7.015983335987423,7.1375671120009825,6.931791535955574,7.052931928854726
2023-08-07,518880.SSE,7.404545642777126,7.493400190490452,7.275581625016536,7.363949013174632
2023-08-08,159915.SZSE,2.6698640471861905,2.703006817397439,2.637825678619956,2.6709553531595245
2023-08-08,510300.SSE,3.298864179167865,3.3384505493178795,3.2507477718768967,3.29023053833694
2023-08-08,510500.SSE,4.409501368680387,4.462415385104552,4.333755720209822,4.386392429362168
2023-08-08,511010.SSE,101.08996268999299,102.30304224227291,99.71924866902415,100.93041363261554
2023-08-08,511260.SSE,103.33250493678511,104.57249499602653,102.08522771310551,103.32512926427684
2023-08-08,513100.SSE,7.042144499014928,7.126650233003107,6.936560641876596,7.020810366271859
2023-08-08,518880.SSE,7.352612781698623,7.440844135079006,7.2603680848640915,7.348550693182279
2023-08-09,159915.SZSE,2.6617611671590713,2.7055176727090555,2.6298200331531625,2.6734364354832563
2023-08-09,510300.SSE,3.2908521411021368,3.3303423667953624,3.2463245851967706,3.285753628741671
2023-08-09,510500.SSE,4.385135143888238,4.437756765614897,4.321253093271203,4.373737948655063
2023-08-09,511010.SSE,100.92249302751203,102.13356294384218,99.68165949670723,100.89236791164699
2023-08-09,511260.SSE,103.32106063422182,104.58659343222085,102.08120790661116,103.34643619784669
2023-08-09,513100.SSE,7.031109171292913,7.115482481348428,6.920793572174886,7.004851793699277
2023-08-09,518880.SSE,7.321207509734008,7.4765286779992435,7.2333530196172,7.387874187746288
2023-08-10,159915.SZSE,2.6695488701372763,2.702364338442508,2.637514283695629,2.6703204925321224
2023-08-10,510300.SSE,3.289740341104097,3.3292172251973464,3.210573819765093,3.249568643486936
2023-08-10,510500.SSE,4.370424475277392,4.422869568980722,4.29294191714744,4.3450829120925505
2023-08-10,511010.SSE,100.88496791264349,102.09558752759521,99.64854030603209,100.85884646359523
2023-08-10,511260.SSE,103.33863048253293,104.59945935570796,102.09856691674254,103.35914956097625
2023-08-10,513100.SSE,7.00709127502885,7.091176370329197,6.872474302539393,6.955945650343516
2023-08-10,518880.SSE,7.387269654533454,7.475916890387856,7.240094745876459,7.328031119308157
2023-08-11,159915.SZSE,2.673814614294248,2.705900389665779,2.62346695537843,2.655330926496387
2023-08-11,510300.SSE,3.2454539163325067,3.2843993633284967,3.185803095363218,3.224497060084229
2023-08-11,510500.SSE,4.3387342202266534,4.390799030869373,4.278306780967312,4.330270021221976
2023-08-11,511010.SSE,100.89205706819615,102.1027617530145,99.5974481743868,100.80713377974372
2023-08-11,511260.SSE,103.35629404695304,104.59656957551648,102.08180294002395,103.32166289476108
2023-08-11,513100.SSE,6.954107741982832,7.0375570348866265,6.862610645298053,6.94596219159722
2023-08-11,518880.SSE,7.3210107800538635,7.40886290941451,7.208492906091796,7.296045451509915
2023-08-14,159915.SZSE,2.6532727889017567,2.6851120623685776,2.600920428548233,2.632510555210762
2023-08-14,510300.SSE,3.2251580977046896,3.263859994877146,3.176143493942723,3.2147201355695576
2023-08-14,510500.SSE,4.331549394729704,4.3835279874664606,4.260852358781372,4.312603602005437
2023-08-14,511010.SSE,100.7815008277356,102.07609745628665,99.57212281780276,100.86570894889985
2023-08-14,511260.SSE,103.32153483889022,104.5613932569569,102.0507095191691,103.29019182102137
2023-08-14,513100.SSE,6.9460523312302325,7.029404959204995,6.8544835994610365,6.937736436701454
2023-08-14,518880.SSE,7.299431944386872,7.3870251277195145,7.172313944319004,7.259427069148789
2023-08-15,159915.SZSE,2.633618259825192,2.665221678943094,2.5767504924660973,2.6080470571519205
2023-08-15,510300.SSE,3.219561667848521,3.2581964078627035,3.1666471206724496,3.2051084217332484
2023-08-15,510500.SSE,4.3171101307438295,4.368915452312756,4.211429265620796,4.26258022836113
2023-08-15,511010.SSE,100.87214558234867,102.08261132933686,99.61038372369936,100.82022644099125
2023-08-15,511260.SSE,103.26023650859386,104.60348909007455,102.02111367049073,103.36313151193137
2023-08-15,513100.SSE,6.91845061093776,7.011650376301964,6.835429203606506,6.928508276978225
2023-08-15,518880.SSE,7.242751273285746,7.3296642885651755,7.146275049556515,7.233071912506594
2023-08-16,159915.SZSE,2.6038190194535744,2.63655961146612,2.5725731912201315,2.605296058760988
2023-08-16,510300.SSE,3.198628759530833,3.2370123046452033,3.150449406334124,3.188713974022393
2023-08-16,510500.SSE,4.263939674510959,4.315106950605091,4.212565179673281,4.2637299389405685
2023-08-16,511010.SSE,100.80351171153835,102.10653764223272,99.59386957099989,100.89578818402443
2023-08-16,511260.SSE,103.37108309415478,104.77742954860602,102.13063009702492,103.53500943538144
2023-08-16,513100.SSE,6.926968083526058,7.0210234493655195,6.843844466523745,6.937770206882925
2023-08-16,518880.SSE,7.227612703232413,7.320704418443459,7.140881350793625,7.23389764668326
2023-08-17,159915.SZSE,2.609672693478391,2.640988765800132,2.562216592433712,2.593336632017927
2023-08-17,510300.SSE,3.189382359590963,3.2276549479060543,3.1371455921938276,3.175248575094967
2023-08-17,510500.SSE,4.2748812318953044,4.326179806678049,4.181440181950248,4.232226904807943
2023-08-17,511010.SSE,100.91106263188874,102.1219953834714,99.66747645142048,100.87801260265232
2023-08-17,511260.SSE,103.52722732510586,104.76955405300713,102.21380904554243,103.45527231330206
2023-08-17,513100.SSE,6.931677674149093,7.014857806238882,6.827999561357752,6.9109307301191825
2023-08-17,518880.SSE,7.237867600730689,7.324722011939457,7.1461655233656,7.232961056038056
2023-08-18,159915.SZSE,2.5929009043857865,2.6256580950579282,2.561786093533157,2.594523809345779
2023-08-18,510300.SSE,3.1730808061123548,3.2154014860867415,3.1350038364390063,3.177274195737887
2023-08-18,510500.SSE,4.239292511932759,4.2901640220759525,4.178887417732153,4.22964313535643
2023-08-18,511010.SSE,100.88303025243722,102.0961483908411,99.67243388940797,100.88552212533705
2023-08-18,511260.SSE,103.47702667599579,104.71875099610774,102.15916426588642,103.39996383186885
2023-08-18,513100.SSE,6.918336880089996,7.001356922651076,6.8005974801713025,6.883195830132897
2023-08-18,518880.SSE,7.224276048963699,7.310967361551263,7.13302199426905,7.219657888936285
2023-08-21,159915.SZSE,2.5954018940674977,2.6265467167963075,2.557288338151865,2.5883485203966243
2023-08-21,510300.SSE,3.1759003362248373,3.2140111402595353,3.1314763192592805,3.1695104445944136
2023-08-21,510500.SSE,4.228125886071743,4.278863396704604,4.141383658560985,4.191683864940268
2023-08-21,511010.SSE,100.89190071909726,102.10260352772643,99.61472618679949,100.82462164655819
2023-08-21,511260.SSE,103.41015015158294,104.65107195340194,102.0913105784911,103.33128601061853
2023-08-21,513100.SSE,6.89119096020739,6.973885251729879,6.752025938651178,6.834034350861516
2023-08-21,518880.SSE,7.223105854680355,7.309783124936519,7.13470971740892,7.221366110737773
2023-08-22,159915.SZSE,2.5953813076286765,2.6265258833202205,2.5456204245023883,2.5765388911967495
2023-08-22,510300.SSE,3.1661664469111312,3.204160444274065,3.120773726579773,3.1586778609107014
2023-08-22,510500.SSE,4.190128904554762,4.24041045140942,4.131691666603009,4.181874156480778
2023-08-22,511010.SSE,100.80874487370873,102.0421738449525,99.59903993522423,100.83218759382657
2023-08-22,511260.SSE,103.35143871993299,104.59165598457218,102.09682285354238,103.33686523637893
2023-08-22,513100.SSE,6.8386337925432565,6.932419302273541,6.756570187032738,6.850216701851325
2023-08-22,518880.SSE,7.216674760489833,7.303274857615711,7.117272592819639,7.203717199210161
2023-08-23,159915.SZSE,2.5811012872347994,2.612074502681617,2.5223510136110896,2.5529868558816697
2023-08-23,510300.SSE,3.1580531072630897,3.195949744550247,3.103662094691529,3.1413583954367703
2023-08-23,510500.SSE,4.184166365799984,4.234376362189584,4.114341403354017,4.164313161289491
2023-08-23,511010.SSE,100.81932243061311,102.02915429978047,99.58551363018466,100.79505428156342
2023-08-23,511260.SSE,103.31945437615983,104.62546101653736,102.0796209236459,103.38484290171675
2023-08-23,513100.SSE,6.853377904715886,6.935618439572477,6.766932806756383,6.849122274044922
2023-08-23,518880.SSE,7.2034414724040925,7.289882770072942,7.089458289883339,7.175565070732125
2023-08-24,159915.SZSE,2.552073918150127,2.5826988051679285,2.5056574627449404,2.536090549336984
2023-08-24,510300.SSE,3.1481136995596635,3.1858910639543794,3.0825796851413694,3.1200199242321554
2023-08-24,510500.SSE,4.160243747571379,4.210166672542236,4.102380935861879,4.152207424961416
2023-08-24,511010.SSE,100.8106325294807,102.02036011983446,99.58650931875464,100.79606206351684
2023-08-24,511260.SSE,103.37844380817111,104.64884987381973,102.13790248247305,103.40795442077048
2023-08-24,513100.SSE,6.8371679558146425,6.919213971284418,6.726858305250102,6.808561037702532
2023-08-24,518880.SSE,7.180549161722326,7.2667157516629945,7.049321425830513,7.134940714403354
2023-08-25,159915.SZSE,2.5343359531211767,2.5647479845586307,2.4940277344782893,2.5243195693100096
2023-08-25,510300.SSE,3.1154207614305256,3.152805810567692,3.0735661686527886,3.1108969318348065
2023-08-25,510500.SSE,4.15786105324317,4.207755385882089,4.088074073033037,4.137726794567851
2023-08-25,511010.SSE,100.82581469330182,102.03572446962144,99.56888613406143,100.77822483204598
2023-08-25,511260.SSE,103.38654328927704,104.65208106175338,102.14590476980571,103.4111472942227
2023-08-25,513100.SSE,6.813254322254776,6.895013374121834,6.704985484278056,6.786422554937303
2023-08-25,518880.SSE,7.142876299488884,7.22859081508275,6.982335948498163,7.0671416482774925
2023-08-28,159915.SZSE,2.5233610084362983,2.553641340537534,2.476958193982414,2.507042706459933
2023-08-28,510300.SSE,3.1066548678737704,3.1439347262882555,3.0591561554592195,3.0963118982380764
2023-08-28,510500.SSE,4.139472734348908,4.189146407161095,4.065047941060986,4.114420992976707
2023-08-28,511010.SSE,100.78629258315748,101.99572809415537,99.50601847866706,100.71459360188973
2023-08-28,511260.SSE,103.39899390311254,104.66355870034923,102.15820597627518,103.42248883433719
2023-08-28,513100.SSE,6.7914076387966595,6.872904530462219,6.670202141041613,6.751216741944952
2023-08-28,518880.SSE,7.067904289225104,7.1527191406958055,6.961785184704733,7.046341280065519
2023-08-29,159915.SZSE,2.5085345429477717,2.538636957463145,2.460034414539816,2.4899133750402997
2023-08-29,510300.SSE,3.0916124068089315,3.1287117556906385,3.05326948998511,3.090353734802743
2023-08-29,510500.SSE,4.1156522204082,4.165040047053099,4.0290647802284125,4.078000789704871
2023-08-29,511010.SSE,100.69953083452404,101.97524579466217,99.49113646450975,100.7660531567808
2023-08-29,511260.SSE,103.44407372968685,104.68540261444309,102.14811752239078,103.38878291739957
2023-08-29,513100.SSE,6.761031529050568,6.842163907399175,6.6250539741897665,6.705520216791261
2023-08-29,518880.SSE,7.039652696503742,7.163867611124932,6.955176864145697,7.078920564352699
2023-08-30,159915.SZSE,2.489607728325717,2.5194830210656254,2.447749557681794,2.4774793093945284
2023-08-30,510300.SSE,3.096588070600228,3.133747127447431,3.038635347254298,3.07554184944767
2023-08-30,510500.SSE,4.081270396936193,4.130245641699427,3.9896250687231145,4.0380820533634765
2023-08-30,511010.SSE,100.77174556708927,101.98364211564349,99.5624846202842,100.77434991664377
2023-08-30,511260.SSE,103.41441773497283,104.65539074779251,102.12286615378733,103.36322485201147
2023-08-30,513100.SSE,6.722111690985287,6.8027770312771105,6.6031545920694805,6.683354850272754
2023-08-30,518880.SSE,7.075138750727099,7.160040415735824,6.979761136450685,7.064535563209196
2023-08-31,159915.SZSE,2.476337162023912,2.506053207968199,2.426935407020223,2.456412355283627
2023-08-31,510300.SSE,3.073883360814059,3.1107699611438275,3.0284167446110044,3.0651991342216642
2023-08-31,510500.SSE,4.046206632205968,4.09476111179244,3.959032835522396,4.007118254577324
2023-08-31,511010.SSE,100.81512931819378,102.0249108700121,99.51727826103047,100.72599014274338
2023-08-31,511260.SSE,103.34344761766177,104.58356898907371,102.09637464517101,103.33641158418119
2023-08-31,513100.SSE,6.670170557580826,6.750212604271796,6.561581567442921,6.641276890124415
2023-08-31,518880.SSE,7.069787273729365,7.154624721014118,6.9648675170720225,7.0494610496680385
2023-09-01,159915.SZSE,2.460620625104924,2.490148072606183,2.40523967489236,2.4344531122392308
2023-09-01,510300.SSE,3.065107448629755,3.101888738013312,3.0103094834284767,3.046871946789956
2023-09-01,510500.SSE,4.007917545647688,4.05601255619546,3.9361408247666168,3.983948203205078
2023-09-01,511010.SSE,100.72770959725644,101.93644211242352,99.49807692860954,100.70655559575864
2023-09-01,511260.SSE,103.32851909063898,104.56846131972665,101.98916539569845,103.22790019807536
2023-09-01,513100.SSE,6.638267592925509,6.717926804040615,6.507620411964556,6.586660335996514
2023-09-01,518880.SSE,7.041066882743643,7.125559685336567,6.923054443111254,7.007140124606533
2023-09-04,159915.SZSE,2.434128755451582,2.463338300517001,2.3959328592808413,2.4250332583814185
2023-09-04,510300.SSE,3.045440517089099,3.081985803294168,3.004716201420345,3.0412107301825353
2023-09-04,510500.SSE,3.9834228330360357,4.0312239070324685,3.911802572231318,3.9593143443636825
2023-09-04,511010.SSE,100.73109474462791,101.93986788156344,99.49044594271648,100.6988319258264
2023-09-04,511260.SSE,103.226589286528,104.46530835796634,101.92720749012393,103.16518976733192
2023-09-04,513100.SSE,6.580958903755545,6.659930410600611,6.453474309748597,6.53185658881437
2023-09-04,518880.SSE,7.005684581942295,7.089752796925603,6.89776062545155,6.981539094586589
2023-09-05,159915.SZSE,2.431548003565147,2.460726579607929,2.384947086312869,2.413914054972539
2023-09-05,510300.SSE,3.0378616883962675,3.078084794624057,3.0014073481355124,3.0415857654387914
2023-09-05,510500.SSE,3.9662895591420693,4.013885033851774,3.9108929636977683,3.958393687953207
2023-09-05,511010.SSE,100.68640764195061,101.89464453365402,99.46612452975178,100.6742151110848
2023-09-05,511260.SSE,103.17525927824848,104.41336238958746,101.89019593128285,103.1277286753875
2023-09-05,513100.SSE,6.533171312027051,6.611569367771375,6.408751357380807,6.4865904426931245
2023-09-05,518880.SSE,6.978396726245343,7.082030536941185,6.894655965530399,6.998053890258088
2023-09-06,159915.SZSE,2.414169620708566,2.443139656157069,2.3755911518604056,2.4044444856886695
2023-09-06,510300.SSE,3.0407514438861996,3.077240461212834,2.982820718778761,3.019049310504819
2023-09-06,510500.SSE,3.962864480516191,4.010418854282386,3.8908942955999413,3.938152121052572
2023-09-06,511010.SSE,100.67350895019217,101.88197598552617,99.46542684278987,100.67388931376104
2023-09-06,511260.SSE,103.09748557155167,104.40204113880561,101.86031574469305,103.16407227154706
2023-09-06,513100.SSE,6.486691864579017,6.564532166953965,6.380170327752721,6.457662275053361
2023-09-06,518880.SSE,6.9972100545861515,7.112415213433208,6.913243533931118,7.028078274143486
2023-09-07,159915.SZSE,2.409457853773064,2.438371348018341,2.3660118330668656,2.394748818893589
2023-09-07,510300.SSE,3.027720223544619,3.0640528662271542,2.9494070227999334,2.985229780161876
2023-09-07,510500.SSE,3.9366776518010713,3.983917783622684,3.860363425512439,3.907250430680606
2023-09-07,511010.SSE,100.68428552367666,101.89249694996079,99.42661191829383,100.63422258936623
2023-09-07,511260.SSE,103.13651395033322,104.40708576936169,101.89887578292922,103.16905708434949
2023-09-07,513100.SSE,6.455898955707137,6.533369743175623,6.356078327315326,6.433277659226039
2023-09-07,518880.SSE,7.019807608385851,7.127830011194641,6.935569917085221,7.04331028774174
2023-09-08,159915.SZSE,2.395747332315356,2.4244963003031406,2.3463114144141732,2.374809123900985
2023-09-08,510300.SSE,2.9900819794461895,3.025962963199544,2.9523048869118247,2.988162841003871
2023-09-08,510500.SSE,3.9072740729648507,3.954161361840429,3.8411285011246243,3.8877818837293767
2023-09-08,511010.SSE,100.64088694759444,101.84857759096558,99.37774194664118,100.58475905530484
2023-09-08,511260.SSE,103.17747647247207,104.43799279290816,101.9393467548024,103.19959762145075
2023-09-08,513100.SSE,6.440994959205701,6.51828689871617,6.317800442692874,6.394534861025177
2023-09-08,518880.SSE,7.0281089272053965,7.130004313927895,6.943771620078931,7.045458808229145
2023-09-11,159915.SZSE,2.3774786119582596,2.4060083553017586,2.335355899614852,2.3637205461688784
2023-09-11,510300.SSE,2.985190816696124,3.0210131064964774,2.9456576083578123,2.981434826273089
2023-09-11,510500.SSE,3.8886681828553162,3.93533220104958,3.8334359946863117,3.879995946038777
2023-09-11,511010.SSE,100.57191203901769,101.7787749834859,99.31143806427481,100.51764986262633
2023-09-11,511260.SSE,103.16607973304009,104.40407268983657,101.88314186739699,103.12058893461233
2023-09-11,513100.SSE,6.3863232678701,6.474845574117885,6.309687388655659,6.398068749128345
2023-09-11,518880.SSE,7.049740457811441,7.134337343305178,6.953131116762091,7.0375821019859215
2023-09-12,159915.SZSE,2.361723149531451,2.394239755810187,2.3333824717370732,2.36584956107726
2023-09-12,510300.SSE,2.9836881606805337,3.0194924186087,2.915177950361535,2.950584970001554
2023-09-12,510500.SSE,3.8816340966431815,3.9282137058028996,3.8221430453761367,3.8685658354009482
2023-09-12,511010.SSE,100.50408897874233,101.71013804648724,99.29067809588287,100.4966377488693
2023-09-12,511260.SSE,103.11291021857583,104.35026514119875,101.8056114446773,103.04211684683938
2023-09-12,513100.SSE,6.390302105749062,6.466985731018051,6.300929566551784,6.3774590754572715
2023-09-12,518880.SSE,7.045502568758745,7.13004859958385,6.940899300812569,7.025201721470212
2023-09-13,159915.SZSE,2.3634942240958545,2.391856154785005,2.3170411627958054,2.3451833631536494
2023-09-13,510300.SSE,2.947723966275502,2.9830966538708084,2.8931432091939646,2.9282826003987497
2023-09-13,510500.SSE,3.862447899631047,3.9218526741990973,3.8160985248354744,3.875348492291598
2023-09-13,511010.SSE,100.51319232215934,101.71935063002526,99.30589323644476,100.51203768870927
2023-09-13,511260.SSE,103.0449005982874,104.30071943344618,101.80836179110794,103.06395200933416
2023-09-13,513100.SSE,6.369843012816832,6.446281128970634,6.290240398487139,6.366640079440424
2023-09-13,518880.SSE,7.010528277923766,7.0946546172588505,6.900521934975002,6.98433394228239
2023-09-14,159915.SZSE,2.3464414777190186,2.3745987754516467,2.293760493252016,2.321619932441312
2023-09-14,510300.SSE,2.9222202269640096,2.961979490896696,2.8871535842404414,2.9268572044433756
2023-09-14,510500.SSE,3.868380820596562,3.9148013904437207,3.808556899928688,3.854814676041182
2023-09-14,511010.SSE,100.53200053757091,101.73838454402176,99.28263160586238,100.48849352820079
2023-09-14,511260.SSE,103.07109228625833,104.30794539369343,101.69840056512832,102.93360381085863
2023-09-14,513100.SSE,6.3639642198518755,6.440331790490098,6.274561041085658,6.350770284499654
2023-09-14,518880.SSE,6.987340743413015,7.071188832333972,6.856584310683403,6.939862662635024
2023-09-15,159915.SZSE,2.3242990294591936,2.352190617812704,2.271366171296693,2.298953614672766
2023-09-15,510300.SSE,2.9303405656589363,2.9655046524468434,2.8776324370678372,2.9125834383277707
2023-09-15,510500.SSE,3.8508258964057966,3.8970358071626663,3.7933455612264897,3.839418584237338
2023-09-15,511010.SSE,100.51382222447782,101.82316050688839,99.30765635778408,100.615771251866
2023-09-15,511260.SSE,102.93117258052126,104.23431374523756,101.69599850955501,102.99833374035332
2023-09-15,513100.SSE,6.341673895294777,6.417773982038314,6.2409040144665235,6.316704468083526
2023-09-15,518880.SSE,6.948638203797111,7.032021862242676,6.815462655964355,6.898241554619792
2023-09-18,159915.SZSE,2.2990615896775717,2.3266503287537024,2.267636069882172,2.295178208382765
2023-09-18,510300.SSE,2.9165281189205268,2.951526456347573,2.8653694485800827,2.9001715066600027
2023-09-18,510500.SSE,3.8350996414143506,3.8820890022084726,3.7890784457173785,3.8360563262929572
2023-09-18,511010.SSE,100.64602644263603,101.88696151090863,99.4382741253244,100.67881572224174
2023-09-18,511260.SSE,102.99205520962046,104.22795987213591,101.6894068580068,102.92450086842794
2023-09-18,513100.SSE,6.316346531194807,6.392142689569145,6.2356233958355824,6.311359712384193
2023-09-18,518880.SSE,6.903039083521733,6.985875552523994,6.812018685939274,6.894755754999266
2023-09-19,159915.SZSE,2.2917362062853726,2.319237040760797,2.2607803891177154,2.2882392602406028
2023-09-19,510300.SSE,2.9037130199969132,2.9385575762368763,2.8679954567905486,2.902829409707033
2023-09-19,510500.SSE,3.8331760387819114,3.879174151247294,3.7748387220057276,3.8206869655928415
2023-09-19,511010.SSE,100.68107463515312,101.95020343282306,99.47290173953128,100.74130773994374
2023-09-19,511260.SSE,102.93898972717373,104.2013823354152,101.70372185044765,102.96579282155652
2023-09-19,513100.SSE,6.310141283838412,6.385862979244473,6.190672423116721,6.265862776433929
2023-09-19,518880.SSE,6.891404923879145,6.974101782965695,6.789859704207629,6.8723276358376815
2023-09-20,159915.SZSE,2.284610777447882,2.3120261067772563,2.2495190821074247,2.27684117622209
2023-09-20,510300.SSE,2.9012385839984987,2.9360534470064805,2.8416841088972205,2.8761984907866602
2023-09-20,510500.SSE,3.823517215814326,3.869399422404098,3.747356004189176,3.7928704495841865
2023-09-20,511010.SSE,100.73608277230682,101.9646970170659,99.52724977903914,100.75562946350385
2023-09-20,511260.SSE,102.97068734693885,104.20633559510212,101.66017021060132,102.89490912004183
2023-09-20,513100.SSE,6.26011585179041,6.335237242011894,6.174849799000418,6.249847974696779
2023-09-20,518880.SSE,6.864767112169429,6.947144317515463,6.729031202648389,6.810760326567195
2023-09-21,159915.SZSE,2.2730534069887383,2.3035844564051082,2.2457767661048735,2.276269225696747
2023-09-21,510300.SSE,2.8756389184267195,2.91014658544784,2.817967621134628,2.85219394851683
2023-09-21,510500.SSE,3.7921230091016116,3.837628485210831,3.7060863711719554,3.751099565963518
2023-09-21,511010.SSE,100.7783186748906,102.030954451532,99.56897885079191,100.82110123669169
2023-09-21,511260.SSE,102.88381393219768,104.15658893203296,101.6492081650113,102.92153056524997
2023-09-21,513100.SSE,6.256222280404646,6.331296947769502,6.126640079098053,6.201052711637705
2023-09-21,518880.SSE,6.811403799634442,6.893140645230055,6.701587017627405,6.7829828113637705
2023-09-22,159915.SZSE,2.2715798814805486,2.2988388400583153,2.226643236639048,2.2536874864767693
2023-09-22,510300.SSE,2.8546899295788193,2.888946208733765,2.8149304577170815,2.849119896474779
2023-09-22,510500.SSE,3.7519591427731145,3.796982652486392,3.6922797503369553,3.737125253377485
2023-09-22,511010.SSE,100.83308402043289,102.04308102867809,99.59277627855532,100.80240514023818
2023-09-22,511260.SSE,102.92217765032811,104.34665273207078,101.68711151852418,103.10934064433872
2023-09-22,513100.SSE,6.20062226634706,6.290193475783446,6.126214799150895,6.2156062013670415
2023-09-22,518880.SSE,6.784943936907967,6.866363264150863,6.692393955954109,6.77367809307096
2023-09-25,159915.SZSE,2.253975374944756,2.28330899275933,2.226927670445419,2.256234182568508
2023-09-25,510300.SSE,2.8504215160474775,2.8846265742400474,2.8143447140779387,2.848527038540424
2023-09-25,510500.SSE,3.7317911260719767,3.7765726195848406,3.6719462258858657,3.7165447630423745
2023-09-25,511010.SSE,100.78590084933293,101.99533165952492,99.48739755954665,100.69574651775977
2023-09-25,511260.SSE,103.11592557214507,104.35331667901082,101.7799781389108,103.01617220537531
2023-09-25,513100.SSE,6.223316810483575,6.297996612209378,6.129377074841602,6.203822950244537
2023-09-25,518880.SSE,6.7744352661662255,6.85572848936022,6.664357251871862,6.745300862218484
2023-09-26,159915.SZSE,2.2591975499073667,2.2906364202287675,2.232087179308478,2.2634747235462127
2023-09-26,510300.SSE,2.8472191707346783,2.8813858007834945,2.808846559195037,2.842962104448418
2023-09-26,510500.SSE,3.7145436357466117,3.759118159375571,3.635445694229703,3.6796009050907923
2023-09-26,511010.SSE,100.67840089272958,101.88654170344235,99.45719450015349,100.66517661958855
2023-09-26,511260.SSE,103.04567746718617,104.2822255967924,101.80825971121733,103.04479727856005
2023-09-26,513100.SSE,6.202411380323854,6.283263596389114,6.127982443759968,6.208758494455646
2023-09-26,518880.SSE,6.743883438509351,6.824810039771463,6.640460111000551,6.721113472672623
2023-09-27,159915.SZSE,2.2634392964797603,2.2906005680375174,2.222564917680238,2.249559633279593
2023-09-27,510300.SSE,2.837597053311638,2.8754299419972797,2.803545888671898,2.8413339347799207
2023-09-27,510500.SSE,3.6821227883670113,3.7263082618274157,3.6105664087193756,3.6544194420236598
2023-09-27,511010.SSE,100.67343033137212,101.89031292088333,99.46534916739564,100.68212739217721
2023-09-27,511260.SSE,103.05830259066869,104.29500222175672,101.7060634140402,102.94135973080992
2023-09-27,513100.SSE,6.208583240008343,6.283086238888443,6.091339548677651,6.16532342983568
2023-09-27,518880.SSE,6.712629435929751,6.793180989160907,6.61671985421767,6.697084872689949
2023-09-28,159915.SZSE,2.2436350213353347,2.2741807944563415,2.2167114010793108,2.2472142237710884
2023-09-28,510300.SSE,2.841711443551901,2.875811980874524,2.805357765288334,2.8394309365266537
2023-09-28,510500.SSE,3.6569568960280217,3.700840378780358,3.591063089885781,3.6346792407750823
2023-09-28,511010.SSE,100.67915270444699,101.91709064950652,99.47100287199363,100.7085875983266
2023-09-28,511260.SSE,102.96219986240285,104.21944473667543,101.72665346405402,102.98364104414568
2023-09-28,513100.SSE,6.161276733666809,6.235212054470811,6.072064316208399,6.145814085231173
2023-09-28,518880.SSE,6.700388263055775,6.780792922212444,6.601403069774509,6.681582054427641
2023-09-29,159915.SZSE,2.2467141531963772,2.2736747230347336,2.20887803939572,2.235706517607004
2023-09-29,510300.SSE,2.8430075895216476,2.8771236805959073,2.798234293790322,2.832220945131905
2023-09-29,510500.SSE,3.631608013374042,3.67518730953453,3.581502744772345,3.625002778109661
2023-09-29,511010.SSE,100.70814397873497,101.9166417064798,99.49178566929545,100.70018792438812
2023-09-29,511260.SSE,102.9731611485933,104.20883908237643,101.71583435038787,102.95124934249785
2023-09-29,513100.SSE,6.145763560922765,6.219512723653838,6.057132107925776,6.130700514094915
2023-09-29,518880.SSE,6.685253457838588,6.765476499332651,6.601993653950704,6.682179811690996
2023-10-02,159915.SZSE,2.2352819253560057,2.262105308460278,2.197700629124095,2.2243933493158856
2023-10-02,510300.SSE,2.8282665678676477,2.8622057666820595,2.7850908515928574,2.8189178659846736
2023-10-02,510500.SSE,3.6256865402881977,3.669194778771656,3.573566256883718,3.6169698956312932
2023-10-02,511010.SSE,100.71819025191184,101.9571364743695,99.50957196888889,100.74815857151137
2023-10-02,511260.SSE,102.94225552119036,104.17756258744464,101.70467720958486,102.93995668986322
2023-10-02,513100.SSE,6.135796854142992,6.2094264163927075,6.061030181330613,6.134645932520864
2023-10-02,518880.SSE,6.6837455795855725,6.763950526540599,6.53977170227327,6.619202127806953
2023-10-03,159915.SZSE,2.229839385244935,2.2565974578678745,2.1956476226556694,2.222315407546224
2023-10-03,510300.SSE,2.82101936086325,2.854871593193609,2.7808360915880583,2.8146114287328525
2023-10-03,510500.SSE,3.6262605014759894,3.6697756274937015,3.5539618916190463,3.597127420667051
2023-10-03,511010.SSE,100.76090464349697,101.98324822851366,99.551773787775,100.77396070011231
2023-10-03,511260.SSE,102.93591843469648,104.17114945591284,101.66587742456646,102.90068565239521
2023-10-03,513100.SSE,6.131702683940983,6.235114150871565,6.058122251733691,6.161179990979807
2023-10-03,518880.SSE,6.620059320906064,6.699500032756936,6.488817673610386,6.56762922430201
2023-10-04,159915.SZSE,2.218540693577347,2.2585951554374435,2.191918205254419,2.2318133947010312
2023-10-04,510300.SSE,2.8157003271964305,2.8494887311227877,2.7741595742806453,2.807853820122111
2023-10-04,510500.SSE,3.5970535690989895,3.6402182119281776,3.538543270743095,3.581521529092201
2023-10-04,511010.SSE,100.79629927472229,102.01402666303446,99.58674368342562,100.80437417295894
2023-10-04,511260.SSE,102.89822339455807,104.16688317063331,101.66344471382338,102.93170273777996
2023-10-04,513100.SSE,6.164907485732367,6.238886375561155,6.071899696903393,6.14564746650141
2023-10-04,518880.SSE,6.580508639049476,6.65947474271807,6.475777610600969,6.554430779960494
2023-10-05,159915.SZSE,2.2307963870656264,2.273267012250536,2.204026830420839,2.2463112769274067
2023-10-05,510300.SSE,2.8103122535201006,2.8440360005623417,2.770444529949126,2.804093653794662
2023-10-05,510500.SSE,3.5786262586789546,3.621569773783102,3.505713283388976,3.548292796952405
2023-10-05,511010.SSE,100.77192818105699,101.98119131922968,99.54476947713921,100.75381526026236
2023-10-05,511260.SSE,102.9144112361246,104.14938417095809,101.62051034788159,102.85476755858461
2023-10-05,513100.SSE,6.139822896028217,6.246366273229639,6.066145021275878,6.172298688962094
2023-10-05,518880.SSE,6.549657996408048,6.628253892364945,6.468506819052259,6.547071679202692
2023-10-06,159915.SZSE,2.250786250542333,2.277795685548841,2.217108329966015,2.244036771220663
2023-10-06,510300.SSE,2.806947723070166,2.8406310957470082,2.7722363308492026,2.805907217458707
2023-10-06,510500.SSE,3.5475735500517556,3.5901444326523766,3.4896977620538254,3.532082755115208
2023-10-06,511010.SSE,100.75807048460698,101.96716733042226,99.48493291493259,100.69325193819088
2023-10-06,511260.SSE,102.8764710662548,104.14890374796276,101.64195341345973,102.91393650984463
2023-10-06,513100.SSE,6.177767044492605,6.251900249026517,6.078692892860982,6.152523170911925
2023-10-06,518880.SSE,6.55686692136694,6.635549324423343,6.467618491390652,6.546172562136287
2023-10-09,159915.SZSE,2.245215143102938,2.288609910151256,2.2182725613857026,2.261472243232466
2023-10-09,510300.SSE,2.803634765623634,2.8416163290018805,2.7699911484361506,2.807921273717273
2023-10-09,510500.SSE,3.532462615573828,3.574852166960714,3.4873025972327563,3.5296584992234377
2023-10-09,511010.SSE,100.70491102086449,101.98694216273954,99.4964520886141,100.77761083274657
2023-10-09,511260.SSE,102.92908915763763,104.16423822752928,101.6619996778847,102.8967608075756
2023-10-09,513100.SSE,6.148362047309481,6.241028123741471,6.074581702741767,6.167023837689201
2023-10-09,518880.SSE,6.540569069140551,6.619055897970237,6.449935413991825,6.528274710518041
2023-10-10,159915.SZSE,2.262958968075696,2.294996848940824,2.2358034604587873,2.2677834475699843
2023-10-10,510300.SSE,2.8026292563751554,2.8428906352672945,2.7689977052986534,2.809180469631714
2023-10-10,510500.SSE,3.529036052560361,3.5800894610664864,3.486687619929637,3.537637807377951
2023-10-10,511010.SSE,100.75197314850072,102.01304914911724,99.54294947071871,100.80340825011585
2023-10-10,511260.SSE,102.89151873081255,104.12621695558231,101.6122931898257,102.84645059698958
2023-10-10,513100.SSE,6.173154601456523,6.247232456674001,6.072336797602233,6.146089876115621
2023-10-10,518880.SSE,6.53672629954669,6.6151670151412505,6.432677628377354,6.510807316171411
2023-10-11,159915.SZSE,2.2680866293057167,2.312329633881638,2.2408695897540483,2.2849107054166384
2023-10-11,510300.SSE,2.8074324689634325,2.8411216585909935,2.7647236591318727,2.7983032987164704
2023-10-11,510500.SSE,3.5375084012411904,3.5799585020560847,3.4793886986086964,3.5216484803731745
2023-10-11,511010.SSE,100.7924062317759,102.0019151065572,99.56262545972774,100.77188811713334
2023-10-11,511260.SSE,102.85745079565137,104.16417082823502,101.62316138610356,102.92902255754449
2023-10-11,513100.SSE,6.146527120196542,6.2202854456389005,6.07170144808275,6.145446809800354
2023-10-11,518880.SSE,6.5201826479846385,6.598424839760455,6.426441812305915,6.504495761443233
2023-10-12,159915.SZSE,2.2857904148318022,2.317015171081516,2.2583609298538208,2.2895406828868734
2023-10-12,510300.SSE,2.801207527312842,2.834822017640596,2.7649883657290157,2.7985712203734976
2023-10-12,510500.SSE,3.515722940219261,3.572797271867455,3.47353426493663,3.5304320868255488
2023-10-12,511010.SSE,100.75777289300241,101.96686616771844,99.54081637827157,100.74981414804815
2023-10-12,511260.SSE,102.93284642740163,104.17078923225345,101.69765227027281,102.9355624824639
2023-10-12,513100.SSE,6.156361254129538,6.230237589179093,6.017317662010474,6.090402491913435
2023-10-12,518880.SSE,6.502272299529187,6.580299567123538,6.415385847616144,6.4933055137815225
2023-10-13,159915.SZSE,2.2916187221186326,2.319118146784056,2.261778815262785,2.289249813019013
2023-10-13,510300.SSE,2.796802137148259,2.8303637627940383,2.7560803443848356,2.7895550044380926
2023-10-13,510500.SSE,3.5264693939940708,3.5687870267219997,3.4549353472443283,3.496898124741223
2023-10-13,511010.SSE,100.75017849649055,101.95918063844843,99.47517495979223,100.68337546537676
2023-10-13,511260.SSE,102.94791253962676,104.23577666247176,101.71253758915124,102.99977931074285
2023-10-13,513100.SSE,6.082207816742193,6.1551943105430995,5.9702805870096896,6.042794116406569
2023-10-13,518880.SSE,6.505900376925027,6.585201361406397,6.427829572401927,6.507115969769167
2023-10-16,159915.SZSE,2.2870888644421097,2.324579174941252,2.2596437980688044,2.2970149950012373
2023-10-16,510300.SSE,2.7872971679673877,2.823583948409152,2.753849601951779,2.79010271581932
2023-10-16,510500.SSE,3.4962889326819524,3.5382443998741357,3.4342142543713328,3.475925358675438
2023-10-16,511010.SSE,100.71069547668039,101.91922382240055,99.43888373381886,100.64664345528224
2023-10-16,511260.SSE,102.97670467294787,104.2988101040637,101.7409842168725,103.06206532022105
2023-10-16,513100.SSE,6.0323961350035,6.116697854997412,5.960007381383458,6.044167840906534
2023-10-16,518880.SSE,6.510677693577004,6.588805825899928,6.416628737230283,6.494563499220934
2023-10-17,159915.SZSE,2.2993692666645567,2.3539710675136747,2.271776835464582,2.326058367108374
2023-10-17,510300.SSE,2.7841802967230675,2.8421062144697387,2.7507701331623906,2.8084053502665403
2023-10-17,510500.SSE,3.4752552209670475,3.517895183818108,3.433552158315443,3.4761810116779723
2023-10-17,511010.SSE,100.68057698020453,101.888743903967,99.36189321371288,100.5687178276446
2023-10-17,511260.SSE,103.05956332875132,104.29627808869634,101.77152361609065,103.00761499604316
2023-10-17,513100.SSE,6.0398241286133745,6.112302018156735,5.9309503223631,6.002986156237956
2023-10-17,518880.SSE,6.487919814484154,6.565774852257964,6.404907516982825,6.4826999159745196
2023-10-18,159915.SZSE,2.3223353836957115,2.363986104086699,2.294467359091363,2.335954648307015
2023-10-18,510300.SSE,2.814153727507519,2.847923572237609,2.765788085256745,2.799380653093871
2023-10-18,510500.SSE,3.4738855640878263,3.529111383414818,3.4321989373187725,3.487264212860492
2023-10-18,511010.SSE,100.55507011123676,101.7617309525716,99.26867410747353,100.47436650554
2023-10-18,511260.SSE,103.00661859913937,104.24269802232905,101.74831936945323,102.98412891645063
2023-10-18,513100.SSE,5.993296883858991,6.068454925956732,5.921377321252684,5.9964969624078375
2023-10-18,518880.SSE,6.4798707311015376,6.604458149207602,6.402112282328319,6.526144416213046
2023-10-19,159915.SZSE,2.336849714552109,2.364891911126734,2.306699170132029,2.334715759242944
2023-10-19,510300.SSE,2.802078687028821,2.8357036312731667,2.767866860006796,2.801484676120239
2023-10-19,510500.SSE,3.4865441118846174,3.5283826412272328,3.444274359698063,3.486107651516258
2023-10-19,511010.SSE,100.48318447682693,101.68898269054885,99.24617736090083,100.45159651913039
2023-10-19,511260.SSE,102.99483367916673,104.23077168331673,101.74155497199843,102.97728236032229
2023-10-19,513100.SSE,5.986831267615218,6.075286870280933,5.914989292403836,6.0032478955345185
2023-10-19,518880.SSE,6.5347747831790635,6.613192080577212,6.433991755538472,6.512137404391166
2023-10-20,159915.SZSE,2.3352026709104066,2.377547309661821,2.3071802388594818,2.3493550490729453
2023-10-20,510300.SSE,2.8040021336489445,2.846224638680689,2.770354108045157,2.8124749394077955
2023-10-20,510500.SSE,3.4863558154288374,3.5281920852139836,3.4396398373159616,3.481416839388625
2023-10-20,511010.SSE,100.46095231085317,101.66648373858341,99.21306161600481,100.41807855870933
2023-10-20,511260.SSE,102.96649712576892,104.288830192348,101.7308991602597,103.05220374737945
2023-10-20,513100.SSE,6.007602684775672,6.07969391699298,5.913276223802438,5.985097392512589
2023-10-20,518880.SSE,6.519154160116488,6.598473848745094,6.440924310195091,6.520231075835073
2023-10-23,159915.SZSE,2.347666449712897,2.3855129131158033,2.3194944523163423,2.357226198731031
2023-10-23,510300.SSE,2.8156520532032627,2.8526853360787827,2.7818642285648236,2.8188590277458325
2023-10-23,510500.SSE,3.4850312031003368,3.5268515775375406,3.415012019763357,3.456489898545908
2023-10-23,511010.SSE,100.42456620746793,101.69641582277828,99.21947141297832,100.4905294691485
2023-10-23,511260.SSE,103.00927546275655,104.3292037086762,101.77316415720347,103.09209852635989
2023-10-23,513100.SSE,5.985068213683899,6.0568890322481055,5.895314276355896,5.9669172837610285
2023-10-23,518880.SSE,6.512187595325354,6.619409848098651,6.43404134418145,6.540918822231869
2023-10-24,159915.SZSE,2.357163812843715,2.386581689297038,2.3288778470895903,2.358282301676915
2023-10-24,510300.SSE,2.820756268764401,2.8746294823350773,2.7869071935392284,2.840542966734266
2023-10-24,510500.SSE,3.456089843278227,3.497562921397566,3.3841857630529857,3.4252892338592975
2023-10-24,511010.SSE,100.4972119704516,101.70317851409702,99.28071209165887,100.48655070005958
2023-10-24,511260.SSE,103.07351441930028,104.31896857474759,101.83663224626868,103.08198475765572
2023-10-24,513100.SSE,5.963578965127102,6.035141912708627,5.872499182768722,5.94382508377401
2023-10-24,518880.SSE,6.5398562259823665,6.625273892494671,6.4613779512705785,6.546713332504615
2023-10-25,159915.SZSE,2.356570110536892,2.4038299910961007,2.3282912692104496,2.3753260781582024
2023-10-25,510300.SSE,2.8397333844125936,2.874717428467869,2.8056565837996423,2.8406298700275388
2023-10-25,510500.SSE,3.4268844897866906,3.468007103664131,3.3851933672008543,3.426309076114225
2023-10-25,511010.SSE,100.49163783488547,101.70954532044416,99.28573818086684,100.5035032810713
2023-10-25,511260.SSE,103.08093593840266,104.3179071696635,101.8384008884365,103.07530454295193
2023-10-25,513100.SSE,5.941142311739092,6.012436019479961,5.8499623787679,5.921014553408806
2023-10-25,518880.SSE,6.548267991464744,6.63242050858839,6.4696887755671675,6.553775206115009
2023-10-26,159915.SZSE,2.3723580205917774,2.412815492261475,2.343889724344676,2.3842050318789276
2023-10-26,510300.SSE,2.8400871964635095,2.8807957768515706,2.8060061501059472,2.846636143133963
2023-10-26,510500.SSE,3.424144788257457,3.465234525716547,3.379037901050739,3.4200788472173476
2023-10-26,511010.SSE,100.5317750416287,101.73815634212825,99.25647914136137,100.46202342243053
2023-10-26,511260.SSE,103.07640202979447,104.313318854152,101.83145518296169,103.06827447668188
2023-10-26,513100.SSE,5.916890362011046,5.987893046355178,5.842297371992993,5.913256449385621
2023-10-26,518880.SSE,6.5498951743507385,6.633990184905633,6.47129643225853,6.555326269669598
2023-10-27,159915.SZSE,2.3832216296904045,2.424889180436019,2.3546229701341197,2.3961355537905327
2023-10-27,510300.SSE,2.8452165236982396,2.8793591219826187,2.808565114048017,2.8426772409392886
2023-10-27,510500.SSE,3.4223623237434238,3.4634306716283447,3.3654045119268643,3.40627987037132
2023-10-27,511010.SSE,100.48048445456588,101.68625026802067,99.24937379280175,100.45483177409083
2023-10-27,511260.SSE,103.0972020376613,104.37174039233687,101.86003561320936,103.13413082246727
2023-10-27,513100.SSE,5.924652982962279,5.995748818757826,5.840629940806617,5.9115687659986005
2023-10-27,518880.SSE,6.573383264446473,6.652263863619831,6.478011336024444,6.556691635652272
2023-10-30,159915.SZSE,2.3930513496003925,2.439129458406697,2.3643347334051876,2.410206974710175
2023-10-30,510300.SSE,2.8514286882703086,2.885645832529552,2.8142011350708422,2.848381715658747
2023-10-30,510500.SSE,3.4077733473227396,3.4535726265398794,3.3668800671548667,3.4126211724702364
2023-10-30,511010.SSE,100.43708374520087,101.69968666034892,99.23183874025845,100.49376152208391
2023-10-30,511260.SSE,103.14414815019744,104.39319695919203,101.90641837239507,103.15533296362848
2023-10-30,513100.SSE,5.906498283778147,5.982564917218625,5.835620304372809,5.911625412271368
2023-10-30,518880.SSE,6.558479283935142,6.637181035342364,6.475088157179767,6.5537329526111
2023-10-31,159915.SZSE,2.411114822461773,2.4552973128905826,2.3821814445922316,2.426183115504528
2023-10-31,510300.SSE,2.850229672796287,2.893474759461123,2.8160269167227314,2.8591647820762085
2023-10-31,510500.SSE,3.4160700704197247,3.459386098491382,3.375077229574688,3.4183657099717215
2023-10-31,511010.SSE,100.50708990662744,101.75013225421495,99.30100482774792,100.54360894685271
2023-10-31,511260.SSE,103.15673468700216,104.39461550324619,101.91097347034908,103.14875857322781
2023-10-31,513100.SSE,5.902513820936424,6.021641805771229,5.831683655085186,5.95023893850912
2023-10-31,518880.SSE,6.553260352294114,6.64736523046775,6.474621228066584,6.568542717853508
2023-11-01,159915.SZSE,2.422929927493281,2.4751192256900874,2.393854768363362,2.44576998585977
2023-11-01,510300.SSE,2.8576181050320244,2.9139547205533067,2.82332668777164,2.8794018977799474
2023-11-01,510500.SSE,3.4212122414021042,3.4793298776251462,3.380157694505279,3.4380730016058756
2023-11-01,511010.SSE,100.55856379886802,101.77292131085846,99.35186103328161,100.56612777752812
2023-11-01,511260.SSE,103.14820172139947,104.38598014205627,101.9093241085419,103.14708917868613
2023-11-01,513100.SSE,5.95576764538259,6.027236857127181,5.874246486613602,5.9455936099327955
2023-11-01,518880.SSE,6.5776749087946715,6.709392063147451,6.498742809889135,6.629834054493529
2023-11-02,159915.SZSE,2.4478023838773453,2.4771760124838735,2.4119171420374754,2.4412116822241656
2023-11-02,510300.SSE,2.88096606681973,2.924570171374099,2.8463944740178935,2.889891473689821
2023-11-02,510500.SSE,3.4404352815138277,3.483976489908808,3.3991500581356617,3.442664515720166
2023-11-02,511010.SSE,100.57140708950203,101.83165679560531,99.364550204428,100.62416679407639
2023-11-02,511260.SSE,103.16607314241236,104.4040660201213,101.88435060352056,103.12181235174145
2023-11-02,513100.SSE,5.94409720380982,6.046763235190997,5.872768037364102,5.975062485366598
2023-11-02,518880.SSE,6.627009800233345,6.7413015210506755,6.547485682630544,6.6613651393781375
2023-11-03,159915.SZSE,2.4378490530141668,2.4871958891434662,2.4085948643779966,2.4577034477702235
2023-11-03,510300.SSE,2.886485297572008,2.943610010930311,2.851847474001144,2.9087055443975403
2023-11-03,510500.SSE,3.442269250605564,3.500417837689021,3.400962019598297,3.4589109068073327
2023-11-03,511010.SSE,100.6431433556609,101.85086107592883,99.41269654309599,100.62013820151417
2023-11-03,511260.SSE,103.11167064059141,104.34901068827851,101.80781893303869,103.0443511468003
2023-11-03,513100.SSE,5.98929150122318,6.061162999237858,5.879251814676318,5.950659731453763
2023-11-03,518880.SSE,6.6691990592322785,6.749229447943066,6.5882160350841215,6.66823485332401
2023-11-06,159915.SZSE,2.4560802349117363,2.4913015380622876,2.4266072720927956,2.4617604131050275
2023-11-06,510300.SSE,2.9138155559857895,2.9510434223921846,2.87884976931396,2.9160508126404987
2023-11-06,510500.SSE,3.4598994748396588,3.5046307416669076,3.4183806811415827,3.4630738554020826
2023-11-06,511010.SSE,100.6232922568341,101.8716926313914,99.41581274975209,100.66372789663181
2023-11-06,511260.SSE,103.04194193298419,104.27844523618,101.77263869900128,103.00874362247093
2023-11-06,513100.SSE,5.947007703414372,6.025081044718031,5.8756436109734,5.9536373959664335
2023-11-06,518880.SSE,6.655273163946227,6.772846666901709,6.575409885978872,6.692536232116313
2023-11-07,159915.SZSE,2.4599671719537515,2.4930513156176812,2.4304475658903066,2.4634894423099616
2023-11-07,510300.SSE,2.913802683430656,2.95828178339773,2.878837051229488,2.9232033432783893
2023-11-07,510500.SSE,3.467373367141776,3.509989461930941,3.4257648867360744,3.4683690335285977
2023-11-07,511010.SSE,100.66709125750636,101.87509635259643,99.44298921959668,100.6507988052598
2023-11-07,511260.SSE,102.99004480143651,104.33431099094142,101.75416426381928,103.09714524796583
2023-11-07,513100.SSE,5.9595164269605565,6.055722644114455,5.88800222983703,5.9839156562395805
2023-11-07,518880.SSE,6.688995057140615,6.769262997826303,6.6007820611821835,6.680953503220834
2023-11-08,159915.SZSE,2.4673009536631225,2.50693731273049,2.437693342219165,2.477210783330524
2023-11-08,510300.SSE,2.924912746601912,2.997553086214497,2.8898137936426886,2.9620089784728227
2023-11-08,510500.SSE,3.4657314624753135,3.5303062538330354,3.42414268492561,3.488444914854778
2023-11-08,511010.SSE,100.65283265208666,101.8606666439117,99.3639412270957,100.5707907156839
2023-11-08,511260.SSE,103.12152899153823,104.35898733943668,101.85989628045934,103.09706101261067
2023-11-08,513100.SSE,5.991475501435842,6.085704109580782,5.919577795418611,6.013541610257689
2023-11-08,518880.SSE,6.68913543166186,6.769405056841802,6.603595025604557,6.683800633202993
2023-11-09,159915.SZSE,2.478165531386584,2.5185232463542597,2.448427545009945,2.4886593343421537
2023-11-09,510300.SSE,2.9656949445347225,3.0088828783671158,2.9301066052003057,2.9732044252639485
2023-11-09,510500.SSE,3.485888325234702,3.5277189851375184,3.4372884348503834,3.4790368773789306
2023-11-09,511010.SSE,100.53696700411729,101.7825862334729,99.33052340006788,100.57567809631709
2023-11-09,511260.SSE,103.10380548101723,104.3610771802528,101.86655981524503,103.1235940516332
2023-11-09,513100.SSE,6.009885135177265,6.082003756799392,5.930221691504004,6.00224867561134
2023-11-09,518880.SSE,6.696055891569019,6.786012610978573,6.6157032208701905,6.705546058279222
2023-11-10,159915.SZSE,2.4880446547437605,2.5269846255881294,2.4581881188868353,2.497020381015938
2023-11-10,510300.SSE,2.974539386332685,3.0132722355052723,2.9388449136966925,2.9775417346890043
2023-11-10,510500.SSE,3.479773362933664,3.563899470790154,3.43801608257846,3.521639793270903
2023-11-10,511010.SSE,100.57433041818221,101.83044638408728,99.36743845316403,100.6229707352641
2023-11-10,511260.SSE,103.11143437772515,104.34877159025785,101.7698323130865,103.00590315089727
2023-11-10,513100.SSE,5.997048535129618,6.0929420819339235,5.9250839527080625,6.020693756851703
2023-11-10,518880.SSE,6.699499188010094,6.831293109343945,6.6191051977539725,6.750289633739076
2023-11-13,159915.SZSE,2.4984736684750724,2.5495566219547316,2.4684919844533715,2.5193247252517112
2023-11-13,510300.SSE,2.977869922508153,3.0189286703319516,2.9421354834380553,2.98313109716596
2023-11-13,510500.SSE,3.523346416390645,3.578119173297473,3.481066259393957,3.535690882705013
2023-11-13,511010.SSE,100.6117644663258,101.87344340389545,99.40442329272989,100.6654579089876
2023-11-13,511260.SSE,103.00393824602044,104.28451237430585,101.7678909870682,103.04793712876072
2023-11-13,513100.SSE,6.025903473859352,6.110566481735918,5.95359263217304,6.038109171675808
2023-11-13,518880.SSE,6.743285623826523,6.824575560408228,6.662366196340605,6.743651739533822
2023-11-14,159915.SZSE,2.513138846609846,2.5599136591030214,2.4829811804505275,2.5295589516828274
2023-11-14,510300.SSE,2.983168692110643,3.030748375846795,2.9473706678053153,2.9948106480699557
2023-11-14,510500.SSE,3.5322930995704716,3.6029895624049555,3.4899055823756258,3.5602663660128018
2023-11-14,511010.SSE,100.64555415544815,101.94649029596289,99.43780750558277,100.7376386323744
2023-11-14,511260.SSE,103.05669057715633,104.32766669234378,101.82001029023046,103.09057973551757
2023-11-14,513100.SSE,6.042160333618416,6.125211508150694,5.9696544096149955,6.052580541650883
2023-11-14,518880.SSE,6.7481176555939255,6.8441961952109125,6.667140243726799,6.763039718587858
2023-11-15,159915.SZSE,2.5294316611015524,2.576766925394892,2.4990784811683335,2.5462123768724227
2023-11-15,510300.SSE,2.9946134524315537,3.0607813863209525,2.958678091002375,3.024487535890269
2023-11-15,510500.SSE,3.559955842475444,3.627703744504539,3.5172363723657387,3.5846874945697023
2023-11-15,511010.SSE,100.76171811242104,101.97085872977009,99.55205397491268,100.76118823371729
2023-11-15,511260.SSE,103.08627203250956,104.34388326075415,101.84923676811944,103.10660401260292
2023-11-15,513100.SSE,6.042627930340029,6.16078851805037,5.970116395175949,6.087735689773092
2023-11-15,518880.SSE,6.7581256346211465,6.923567268575942,6.677028127005693,6.84146963298018
2023-11-16,159915.SZSE,2.552153074259291,2.5836025787067545,2.521527237368179,2.552966975006674
2023-11-16,510300.SSE,3.0224533000087677,3.0674162518038184,2.9861838604086626,3.0310437270788717
2023-11-16,510500.SSE,3.5842944005222424,3.658523523901568,3.5412828677159753,3.6151418220371228
2023-11-16,511010.SSE,100.76965601428618,101.97889188645762,99.50951659028107,100.71813420068933
2023-11-16,511260.SSE,103.09741984653968,104.34951829733355,101.8602508083812,103.11217223056674
2023-11-16,513100.SSE,6.079726408859196,6.204050262057365,6.0067696919528855,6.130484448673285
2023-11-16,518880.SSE,6.839326256521661,6.930876236147539,6.7572543414434,6.848691932952114
2023-11-17,159915.SZSE,2.5533611944105887,2.5970240761872487,2.5227208600776616,2.5662293242957004
2023-11-17,510300.SSE,3.0294546725113425,3.081832784176961,2.9931012164412065,3.045289312427827
2023-11-17,510500.SSE,3.6058105750789307,3.678718437919253,3.5625408481779837,3.6350972706711984
2023-11-17,511010.SSE,100.71763344679852,101.9621341537458,99.50902184543693,100.75309698986739
2023-11-17,511260.SSE,103.10092891342924,104.3381400603904,101.85550021865637,103.09261155734451
2023-11-17,513100.SSE,6.112370128069832,6.222232618048112,6.039021686532994,6.1484512036048535
2023-11-17,518880.SSE,6.855698113515378,6.985681138075565,6.773429736153194,6.902846974382969
2023-11-20,159915.SZSE,2.5664326599115403,2.609679842428012,2.5356354679926016,2.5787350221620673
2023-11-20,510300.SSE,3.0505505963162327,3.090232816481912,3.013943989160438,3.0535897396066325
2023-11-20,510500.SSE,3.634166103526026,3.6777760967683384,3.5766317844386086,3.620072656314381
2023-11-20,511010.SSE,100.74361315511389,101.97241701842383,99.53468979725253,100.7632579233437
2023-11-20,511260.SSE,103.09843579976119,104.33561702935833,101.73458306815492,102.97022577748474
2023-11-20,513100.SSE,6.152723512099705,6.234454051693219,6.078890829954508,6.160527719064445
2023-11-20,518880.SSE,6.898466535069443,6.991989535688687,6.815684936648609,6.909080568862339
2023-11-21,159915.SZSE,2.5803846070374465,2.613179755353185,2.549419991752997,2.5821934341434636
2023-11-21,510300.SSE,3.05320310001388,3.1108601461721612,3.0165646628137135,3.073972476454705
2023-11-21,510500.SSE,3.619408298300988,3.691407781776665,3.575975398721376,3.647636148000657
2023-11-21,511010.SSE,100.76823188147812,101.97745066405585,99.5293409782884,100.73819937073725
2023-11-21,511260.SSE,102.96408113916758,104.2557788138762,101.72851216549756,103.01954428248636
2023-11-21,513100.SSE,6.158646180490151,6.256272762646047,6.084742426324269,6.182087710124552
2023-11-21,518880.SSE,6.893256219372092,7.007255861388556,6.810537144739627,6.924165870937308
2023-11-22,159915.SZSE,2.5848929078431815,2.635246682024832,2.5538741929490634,2.603998697652996
2023-11-22,510300.SSE,3.071155665703412,3.118042423960608,3.034301797714971,3.0810695888938815
2023-11-22,510500.SSE,3.6469540730582657,3.7014279747636634,3.6031906241815665,3.657537524470023
2023-11-22,511010.SSE,100.75484666056502,102.0220991160364,99.54578850063824,100.81235090517431
2023-11-22,511260.SSE,103.01175359123896,104.28582508700528,101.77561254814408,103.04923427569692
2023-11-22,513100.SSE,6.180918321259076,6.255089341114186,6.090988027336109,6.164967639004159
2023-11-22,518880.SSE,6.9136634320954435,7.017277541293296,6.830699470910298,6.93406871669298
2023-11-23,159915.SZSE,2.5979374621024087,2.6539307151977622,2.5667622125571796,2.6224611810254568
2023-11-23,510300.SSE,3.079214274093218,3.1263201888006,3.042263702804099,3.089249198419565
2023-11-23,510500.SSE,3.663584403703989,3.721780954957188,3.619621390859541,3.6776491649774585
2023-11-23,511010.SSE,100.79845713420144,102.01050402233645,99.58887564859103,100.800893302704
2023-11-23,511260.SSE,103.02629014022297,104.30208973683318,101.78997465854029,103.0653060640644
2023-11-23,513100.SSE,6.152813986848569,6.271027380817725,6.078980219006386,6.1966673723495305
2023-11-23,518880.SSE,6.934149255328784,7.0662520134382,6.8509394642648385,6.982462463871739
2023-11-24,159915.SZSE,2.6173190870323384,2.6487269160767264,2.585263836601558,2.6166638022282975
2023-11-24,510300.SSE,3.093217617585468,3.1418171570394664,3.0560990061744424,3.1045624081417653
2023-11-24,510500.SSE,3.672436369983856,3.716505606423662,3.6278478014496667,3.6719107302122134
2023-11-24,511010.SSE,100.80081218536353,102.01042193158789,99.56444903429721,100.7737338403818
2023-11-24,511260.SSE,103.06663974765718,104.30343942462906,101.78006192402223,103.01625700811967
2023-11-24,513100.SSE,6.188733784511281,6.262998589925417,6.108513076411939,6.1827055429270645
2023-11-24,518880.SSE,6.967299123127361,7.110008654169294,6.8836915336498326,7.025700251155429
2023-11-27,159915.SZSE,2.6173058528629043,2.648713523097259,2.5788446166467383,2.610166616039209
2023-11-27,510300.SSE,3.107010412898522,3.1620101150516846,3.0697262879437397,3.124515923964115
2023-11-27,510500.SSE,3.668379831739876,3.7344848531767925,3.6243592737589974,3.6902024240877394
2023-11-27,511010.SSE,100.78831461216481,102.07040036965817,99.57885483681883,100.86007941665828
2023-11-27,511260.SSE,103.01314556171775,104.24930330845837,101.7075988625277,102.94291382846934
2023-11-27,513100.SSE,6.1792589115484535,6.253410018487035,6.105048938005559,6.17919932996514
2023-11-27,518880.SSE,7.02326495330155,7.107544132741168,6.927336588051986,7.011474279404845
2023-11-28,159915.SZSE,2.607990585502199,2.6478069251730907,2.5766946984761727,2.61641000511175
2023-11-28,510300.SSE,3.1265591420816663,3.1737842873402173,3.0890404323766862,3.1361504815614794
2023-11-28,510500.SSE,3.6789734235033844,3.7313859882411227,3.6348257424213437,3.6871403045860895
2023-11-28,511010.SSE,100.82754046195666,102.09464078899283,99.61760997641318,100.88403240019055
2023-11-28,511260.SSE,102.9373954066804,104.17264415156056,101.69735873423318,102.93254932614694
2023-11-28,513100.SSE,6.174354390802303,6.299633039411242,6.100262138112675,6.224933833410319
2023-11-28,518880.SSE,7.00009609789212,7.086056871472797,6.916094944717415,7.0020324816924875
2023-11-29,159915.SZSE,2.6204180005342748,2.6581016427896444,2.5889729845278633,2.6265826509779093
2023-11-29,510300.SSE,3.135208393652368,3.180552725175425,3.0975858929285396,3.1428386612405386
2023-11-29,510500.SSE,3.685072143071295,3.7474199931484367,3.6408512773544395,3.7029841829530006
2023-11-29,511010.SSE,100.88306442653844,102.0936611996569,99.66797967348613,100.87852193672686
2023-11-29,511260.SSE,102.93595937805901,104.26310466099085,101.7007278655223,103.02678326184866
2023-11-29,513100.SSE,6.225789667639223,6.308467363837619,6.151080191627552,6.2336634030016
2023-11-29,518880.SSE,7.015442029485301,7.1254941585804525,6.931256725131477,7.041002132984636
2023-11-30,159915.SZSE,2.6256170250055364,2.66618894649789,2.59410962070547,2.634574057804239
2023-11-30,510300.SSE,3.144941681235743,3.2005622442789687,3.1072023810609144,3.162610913319139
2023-11-30,510500.SSE,3.7012753385775587,3.7547762810187675,3.656860034514628,3.7102532421134065
2023-11-30,511010.SSE,100.87130448177236,102.10209452321055,99.66084882799109,100.89139775020806
2023-11-30,511260.SSE,103.03962810699683,104.2761036442808,101.79751749439919,103.03392458947286
2023-11-30,513100.SSE,6.23790818213457,6.312763080320185,6.150940996587687,6.225648781971343
2023-11-30,518880.SSE,7.058810184314415,7.143515906526187,6.9627125473039495,7.047279906178087
2023-12-01,159915.SZSE,2.628634654229324,2.6762148147368516,2.597091038378572,2.6444810422300904
2023-12-01,510300.SSE,3.1602372488529005,3.2067788127507324,3.1223144018666655,3.1687537675402493
2023-12-01,510500.SSE,3.7080463968017248,3.794113494574467,3.663549840040104,3.749124006496509
2023-12-01,511010.SSE,100.88914739507027,102.11740731734125,99.67847762632942,100.9065289697048
2023-12-01,511260.SSE,103.045972801165,104.28252447477898,101.73288096565997,102.96850300168013
2023-12-01,513100.SSE,6.242155405298947,6.338719985434209,6.16724954043536,6.26355729785989
2023-12-01,518880.SSE,7.038584961473408,7.134213197998152,6.9541219419357265,7.0496177845831545
2023-12-04,159915.SZSE,2.6405718226024386,2.6870011755559795,2.6088849607312095,2.655139501537529
2023-12-04,510300.SSE,3.1677941511100993,3.2141412639015425,3.1297806212967783,3.1760289168987574
2023-12-04,510500.SSE,3.7539720947127235,3.833343087055726,3.7089244295761707,3.7878884259443932
2023-12-04,511010.SSE,100.89809305627503,102.10887017295033,99.56088929780029,100.77013086821891
2023-12-04,511260.SSE,102.97798904299123,104.21624468859925,101.74225317447532,102.9804789413036
2023-12-04,513100.SSE,6.263411025450908,6.338571957756319,6.178455146734833,6.25349711207979
2023-12-04,518880.SSE,7.051729826550339,7.171741751520116,6.967109068631735,7.086701335494186
2023-12-05,159915.SZSE,2.6466355799452335,2.7066194620581463,2.6148759529858907,2.674525160136508
2023-12-05,510300.SSE,3.1796244321791645,3.219716386714135,3.1414689389930146,3.1815379315357064
2023-12-05,510500.SSE,3.7916935795915276,3.850719620021655,3.7461932566364293,3.8050589130648764
2023-12-05,511010.SSE,100.77244230297426,101.98171161060995,99.53054322789023,100.73941622256096
2023-12-05,511260.SSE,102.97634830072089,104.22721543511481,101.74063212111223,102.99131959991583
2023-12-05,513100.SSE,6.26164010440252,6.3367797856553505,6.185682261089748,6.260812005151567
2023-12-05,518880.SSE,7.078765338873062,7.219109484933773,6.993820154806585,7.133507396179617
2023-12-06,159915.SZSE,2.673794722819124,2.705880259492954,2.636747098515966,2.6687723669189936
2023-12-06,510300.SSE,3.184784725968695,3.244154516163961,3.1465673092570707,3.2056862807944277
2023-12-06,510500.SSE,3.8054045530887564,3.8609417976377345,3.7597396984516913,3.8151598790886703
2023-12-06,511010.SSE,100.77171891434824,101.98097954132042,99.51657453273785,100.72527786714357
2023-12-06,511260.SSE,102.9815874086295,104.25855618013395,101.74580835972594,103.02228871554738
2023-12-06,513100.SSE,6.254752585184216,6.368933656649713,6.179695554162005,6.293412704199321
2023-12-06,518880.SSE,7.13093360461647,7.2165048078718685,7.042387495028961,7.127922565818786
2023-12-07,159915.SZSE,2.6681858846249176,2.7002041152404166,2.630808114085275,2.662761249074165
2023-12-07,510300.SSE,3.2020160726778344,3.26213652550342,3.1635918798057006,3.2234550647266995
2023-12-07,510500.SSE,3.8135106296058865,3.866827738680337,3.767748502050616,3.8209760263639696
2023-12-07,511010.SSE,100.7198401503958,101.92847823220055,99.49228723760947,100.70069558462498
2023-12-07,511260.SSE,103.00436584499049,104.28162293518399,101.7683134548506,103.04508195176284
2023-12-07,513100.SSE,6.28112672899193,6.377856199467951,6.205753208244027,6.302229446114576
2023-12-07,518880.SSE,7.142935842610321,7.228651072721645,7.05610071917105,7.1418023473391194
2023-12-08,159915.SZSE,2.661442958849548,2.700346472234114,2.6295056433433532,2.668326553591022
2023-12-08,510300.SSE,3.220239293589839,3.293886365140712,3.181596422066761,3.254828424052087
2023-12-08,510500.SSE,3.825553319640754,3.909840875686375,3.779646679805065,3.863479126172307
2023-12-08,511010.SSE,100.7055916205639,101.97390185968263,99.49712452111713,100.76472515778916
2023-12-08,511260.SSE,103.0348954784674,104.27131422420902,101.70708122979632,102.94238990870073
2023-12-08,513100.SSE,6.299639644932135,6.378979958276788,6.22404396919295,6.303339879720146
2023-12-08,518880.SSE,7.137914908805363,7.237250088502397,7.052259929899698,7.151432893777072
2023-12-11,159915.SZSE,2.671687270053756,2.707289545788614,2.639627022813111,2.675187298210093
2023-12-11,510300.SSE,3.2552412248932536,3.3195582746235197,3.2161783301945346,3.280195923541027
2023-12-11,510500.SSE,3.8633900707731494,3.9175744633384473,3.8170293899238716,3.871121011203999
2023-12-11,511010.SSE,100.79823073951056,102.02820975192473,99.58865197063643,100.81838908292958
2023-12-11,511260.SSE,102.942727047212,104.20106124733105,101.70741432264546,102.96547554084096
2023-12-11,513100.SSE,6.291601343294675,6.40146049645667,6.216102127175139,6.325553850253626
2023-12-11,518880.SSE,7.149046784598229,7.2348353460134085,7.054316213830303,7.139996167844436
2023-12-12,159915.SZSE,2.6789305571999766,2.7232441572416057,2.6467833905135767,2.6909527245470413
2023-12-12,510300.SSE,3.286808307160534,3.3643045164317567,3.2473666074746075,3.3244115775017358
2023-12-12,510500.SSE,3.8674272152254545,3.9250567655297033,3.821018088642749,3.8785145904443707
2023-12-12,511010.SSE,100.80914755908756,102.01885732979662,99.59258093820219,100.80220742733015
2023-12-12,511260.SSE,102.95198303753642,104.18740683398686,101.67727528368101,102.91222194704557
2023-12-12,513100.SSE,6.325662136407744,6.40481296613171,6.249754190770851,6.328866567323824
2023-12-12,518880.SSE,7.132149218374414,7.241954078964782,7.046563427753921,7.156081105696425
2023-12-13,159915.SZSE,2.690417852654052,2.7321208686178586,2.6581328384222034,2.6997241784761448
2023-12-13,510300.SSE,3.3169903916082255,3.3676363503965874,3.2771865069089268,3.32770390355394
2023-12-13,510500.SSE,3.8707564486025405,3.9658752095702083,3.82430737121931,3.918849021314435
2023-12-13,511010.SSE,100.83269925165052,102.04269164267033,99.58687265027271,100.79642980796834
2023-12-13,511260.SSE,102.91386953583749,104.14883597026754,101.65135911917123,102.88599101130691
2023-12-13,513100.SSE,6.323106568361905,6.474914461063354,6.247229289541562,6.398136819232563
2023-12-13,518880.SSE,7.165656768164945,7.281865437918827,7.0796688869469655,7.195519207429671
2023-12-14,159915.SZSE,2.693008945884001,2.7253250532346094,2.6593573182113417,2.69165720466735
2023-12-14,510300.SSE,3.328784656894254,3.386428122862901,3.2888392410115226,3.346272848678756
2023-12-14,510500.SSE,3.916831854960521,3.991044805103928,3.8698298727009948,3.943720163146174
2023-12-14,511010.SSE,100.79651923135198,102.08828809343515,99.58696100057576,100.87775503303868
2023-12-14,511260.SSE,102.86943701534221,104.17630155456227,101.63500377115811,102.94100944126707
2023-12-14,513100.SSE,6.383565791394498,6.505528069503905,6.306963001897764,6.428387420458404
2023-12-14,518880.SSE,7.168176907222664,7.306157507675371,7.082158784335992,7.219523228928232
2023-12-15,159915.SZSE,2.693596331641851,2.7259194876215536,2.6450847388033605,2.6772112740924703
2023-12-15,510300.SSE,3.340905105963203,3.3897624024172317,3.3008142446916446,3.3495675913213754
2023-12-15,510500.SSE,3.947193812509937,4.003777021905793,3.899827486759818,3.95630140504525
2023-12-15,511010.SSE,100.90771843061839,102.1186110517858,99.6502756571585,100.86060289186084
2023-12-15,511260.SSE,102.91251602177257,104.19546245277381,101.67756582951131,102.95994313515199
2023-12-15,513100.SSE,6.4414204301996785,6.542600359529018,6.364123385037282,6.465020118111678
2023-12-15,518880.SSE,7.215794608967942,7.302384144275557,7.128324273879315,7.214903111213881
2023-12-18,159915.SZSE,2.6789464556038385,2.7110938130710847,2.640688341846345,2.6727614796015637
2023-12-18,510300.SSE,3.3470896513765993,3.393152851691205,3.30692457556008,3.3529178376395303
2023-12-18,510500.SSE,3.9668231569644634,4.014425034848037,3.903887983642719,3.951303627168744
2023-12-18,511010.SSE,100.87321463658186,102.08369321222085,99.654761226351,100.86514294165082
2023-12-18,511260.SSE,102.97400509660304,104.20969315776227,101.65204959932119,102.88668987785546
2023-12-18,513100.SSE,6.460966817430822,6.60329752433525,6.383435215621652,6.524997553690959
2023-12-18,518880.SSE,7.214516880541605,7.301091083108104,7.122209951461547,7.208714525770796
2023-12-19,159915.SZSE,2.673726405255308,2.7058111221183716,2.640299550912535,2.672367966510663
2023-12-19,510300.SSE,3.3514925923435532,3.3962761929885468,3.3112746812354303,3.356004143269315
2023-12-19,510500.SSE,3.9515876520913955,4.029092007381736,3.9041686002662987,3.981316212827802
2023-12-19,511010.SSE,100.87030582859525,102.08489141312526,99.6598621586521,100.87439862957042
2023-12-19,511260.SSE,102.87855504157562,104.1813237467349,101.64401238107672,102.94597208175385
2023-12-19,513100.SSE,6.512543082690809,6.609515498646621,6.434392565698519,6.531141797081641
2023-12-19,518880.SSE,7.203156898516682,7.334355549785875,7.116719015734482,7.2473869069030386
2023-12-20,159915.SZSE,2.675429740014995,2.7091385300092665,2.643324583134815,2.6770143577166663
2023-12-20,510300.SSE,3.354358114700769,3.4138442173846912,3.3141058173243594,3.3733638511706436
2023-12-20,510500.SSE,3.9777628234597353,4.083977998023396,3.9300296695782184,4.0355513814460435
2023-12-20,511010.SSE,100.87329522634403,102.24644869696127,99.6628156836279,101.0340402143886
2023-12-20,511260.SSE,102.93161154294896,104.26769579855895,101.69643220443356,103.03131995905034
2023-12-20,513100.SSE,6.537989152556584,6.642325744878584,6.459533282725904,6.5635629890104585
2023-12-20,518880.SSE,7.254692109311018,7.34174841462275,7.150173722697459,7.237017937952894
2023-12-21,159915.SZSE,2.673378856742565,2.7084267533593835,2.641298310461654,2.6763110211061103
2023-12-21,510300.SSE,3.3712637026036,3.4117188670348435,3.327999513103593,3.3684205598214505
2023-12-21,510500.SSE,4.029976250049937,4.108409329223846,3.9816165350493375,4.059693013067042
2023-12-21,511010.SSE,101.02353252284561,102.23581491311977,99.71250370153305,100.92358674244237
2023-12-21,511260.SSE,103.01253825199518,104.271579052636,101.77638779297124,103.03515716663637
2023-12-21,513100.SSE,6.557986002398168,6.667409640065724,6.47929017036939,6.588349446705261
2023-12-21,518880.SSE,7.247173999393851,7.334140087386578,7.140777807481606,7.227507902309318
2023-12-22,159915.SZSE,2.682590439499716,2.714781524773713,2.6417992722976833,2.673885903135307
2023-12-22,510300.SSE,3.368448882419261,3.4248557824183616,3.32802749583023,3.3842448442869184
2023-12-22,510500.SSE,4.062308083635999,4.14720421552008,4.013560386632367,4.098027880948696
2023-12-22,511010.SSE,100.92486160967222,102.13595994898829,99.70765761515884,100.91868179671947
2023-12-22,511260.SSE,103.04242201909844,104.27893108332762,101.76816268631859,103.00421324526174
2023-12-22,513100.SSE,6.596734238299415,6.675895049159008,6.511460999659111,6.590547570505173
2023-12-22,518880.SSE,7.2156112562841255,7.302198591359535,7.116688633568597,7.203126147336636
2023-12-25,159915.SZSE,2.670894610504735,2.7189269756735563,2.638843875178678,2.686686734855293
2023-12-25,510300.SSE,3.3821321621297193,3.441148237354917,3.3415465761841627,3.4003441080582184
2023-12-25,510500.SSE,4.089599872629217,4.157548080307053,4.040524674157666,4.108249091212503
2023-12-25,511010.SSE,100.93377634805363,102.16111683091627,99.72257103187698,100.94972018865244
2023-12-25,511260.SSE,103.02781949771074,104.26415333168326,101.74864963495715,102.98446319327647
2023-12-25,513100.SSE,6.584910933651875,6.706675664703361,6.505892002448052,6.627149866307669
2023-12-25,518880.SSE,7.220740572523373,7.33238300860806,7.134091685653092,7.245437755541562
2023-12-26,159915.SZSE,2.689036176704816,2.721304610825274,2.6491897045336548,2.681366097706128
2023-12-26,510300.SSE,3.3945473865711953,3.4606539106071708,3.353812817932341,3.4196184887422634
2023-12-26,510500.SSE,4.110887718769192,4.181742830543602,4.061557066143961,4.132156947177472
2023-12-26,511010.SSE,100.9494995896784,102.16089358475453,99.72475288036495,100.93598469672565
2023-12-26,511260.SSE,102.97754503478932,104.29917906743745,101.74181449437184,103.06242990853502
2023-12-26,513100.SSE,6.622969140499288,6.729655410741913,6.543493510813296,6.649857125239044
2023-12-26,518880.SSE,7.233416916324518,7.320217919320412,7.14196154384287,7.228706016035293
2023-12-27,159915.SZSE,2.6760928267633415,2.708205940684502,2.6388385590218393,2.6708892297791897
2023-12-27,510300.SSE,3.4227312372280934,3.476538243910523,3.381658462381356,3.4353144702673153
2023-12-27,510500.SSE,4.136100892944695,4.185734103660032,4.085130033022302,4.134746996986135
2023-12-27,511010.SSE,100.93065839816146,102.20590701944131,99.71949049738352,100.99397926822265
2023-12-27,511260.SSE,103.05872722751695,104.29543195424716,101.76043072813826,102.99638737665816
2023-12-27,513100.SSE,6.652532925312023,6.745818821186032,6.572702530208279,6.665828874689755
2023-12-27,518880.SSE,7.239581843781176,7.338532692408199,7.152706861655802,7.25151451818992
2023-12-28,159915.SZSE,2.6679920626343185,2.705007139384318,2.635976157882707,2.6729319559133575
2023-12-28,510300.SSE,3.438333207253432,3.4939744164587823,3.3970732087663906,3.4525438897814054
2023-12-28,510500.SSE,4.136852088697791,4.19835434049079,4.087209863633417,4.14857148269841
2023-12-28,511010.SSE,100.98975810209656,102.26412104967397,99.7778810048714,101.05150301351183
2023-12-28,511260.SSE,103.01478472089198,104.30386940047767,101.77860730424128,103.06706462497793
2023-12-28,513100.SSE,6.670443820172433,6.771070221261188,6.590398494330364,6.690780851048604
2023-12-28,518880.SSE,7.252782186333261,7.405465862601352,7.165748800097261,7.317654014428213
2023-12-29,159915.SZSE,2.6776648163712644,2.7097967941677195,2.6196092743856636,2.651426391078607
2023-12-29,510300.SSE,3.4559418398256083,3.4974131419035155,3.4107314102371644,3.452157297810895
2023-12-29,510500.SSE,4.147508456410084,4.2204818082034485,4.097738354933163,4.170436569370996
2023-12-29,511010.SSE,101.06821960496062,102.28103824022014,99.83285910562358,101.04540395306032
2023-12-29,511260.SSE,103.03596976244204,104.29059874486582,101.79953812529273,103.05395132891879
2023-12-29,513100.SSE,6.696782256622935,6.786920386612678,6.61642086954346,6.706443069775373
2023-12-29,518880.SSE,7.3133550489502825,7.462828995042742,7.225594788362879,7.374336951623263
2024-01-01,159915.SZSE,2.650619464436777,2.6825075190010113,2.6188120308635354,2.6506991294476396
2024-01-01,510300.SSE,3.445957537446802,3.5278766867844946,3.4046060469974404,3.4860441569016745
2024-01-01,510500.SSE,4.1731861994297645,4.238135676616131,4.123107965036607,4.187881103375624
2024-01-01,511010.SSE,101.06603888210496,102.27883134869022,99.83377257851124,101.04632852076037
2024-01-01,511260.SSE,103.08773913086307,104.32479200043343,101.82640072763893,103.06315863121348
2024-01-01,513100.SSE,6.705740955386776,6.814359648119165,6.625272063922135,6.733556964544629
2024-01-01,518880.SSE,7.370815847898194,7.4592656380729725,7.263339138158418,7.351557832144148
2024-01-02,159915.SZSE,2.653297848299207,2.685137422478798,2.614684831807708,2.6464421374571945
2024-01-02,510300.SSE,3.4872600844350674,3.5381579559249405,3.4454129634218464,3.4962035137598226
2024-01-02,510500.SSE,4.1887163678304615,4.238980964244427,4.132380922560277,4.182571783967891
2024-01-02,511010.SSE,101.03509362705452,102.26735933866807,99.82267250352987,101.0547029038222
2024-01-02,511260.SSE,103.10514996608057,104.34241176567355,101.75296461477818,102.98883058175929
2024-01-02,513100.SSE,6.737710961279879,6.823465548013785,6.65685842974452,6.742554889341685
2024-01-02,518880.SSE,7.351270404674709,7.4713692311676025,7.263055159818613,7.38277592012609
2024-01-03,159915.SZSE,2.6471738421046322,2.678939928209888,2.6090106757372538,2.6406990645113906
2024-01-03,510300.SSE,3.4989618542144725,3.540949396465046,3.4402624616499313,3.482047025961469
2024-01-03,510500.SSE,4.178776521622973,4.230880117488846,4.128631203363498,4.1807115785462905
2024-01-03,511010.SSE,101.04344287331058,102.28422417043983,99.83092155883085,101.07136775735161
2024-01-03,511260.SSE,102.94238730059385,104.23915201577829,101.70707865298672,103.00311464009712
2024-01-03,513100.SSE,6.748422789992614,6.837712813136837,6.667441716512703,6.7566332145620915
2024-01-03,518880.SSE,7.384571291160431,7.473806552239335,7.295956435666506,7.385184340157445
2024-01-04,159915.SZSE,2.6403757275865325,2.6795472728422225,2.608691218855494,2.647773985021959
2024-01-04,510300.SSE,3.477860401753999,3.5195947265750473,3.4326219303901575,3.47431369472688
2024-01-04,510500.SSE,4.189746707878945,4.240023668373492,4.123340968603238,4.173422032999229
2024-01-04,511010.SSE,101.07775834685702,102.29069144701931,99.86356056732751,101.07647830701166
2024-01-04,511260.SSE,103.00144079765326,104.28005801880568,101.76542350808143,103.04353559170521
2024-01-04,513100.SSE,6.7582144336761,6.855950388655327,6.677115860471987,6.774654534244394
2024-01-04,518880.SSE,7.377260499668941,7.465787625664968,7.28678516987598,7.375288633477712
2024-01-05,159915.SZSE,2.6519903672438216,2.6838142516507477,2.6052881865541204,2.6369313629090287
2024-01-05,510300.SSE,3.474350877457928,3.516043087987423,3.41956692867932,3.461100130242227
2024-01-05,510500.SSE,4.171710060011523,4.248538156169397,4.121649539291385,4.19816023336897
2024-01-05,511010.SSE,101.10221450988003,102.31544108399859,99.87937038836706,101.0924801501691
2024-01-05,511260.SSE,103.03118919074285,104.26756346103177,101.76436389463741,103.00036831441034
2024-01-05,513100.SSE,6.77352709206343,6.884424194460262,6.692244766958669,6.802790705988401
2024-01-05,518880.SSE,7.373275970985564,7.491152938389176,7.284796659333738,7.402325037933968
2024-01-08,159915.SZSE,2.636203401486236,2.68374423218859,2.604568960668401,2.6519211780519663
2024-01-08,510300.SSE,3.4606306831637874,3.5122846796035363,3.419103114965822,3.47063703518136
2024-01-08,510500.SSE,4.201961474457197,4.299503977565651,4.15153793676371,4.248521716962106
2024-01-08,511010.SSE,101.1117904946486,102.35298526800035,99.89844900871282,101.1393135059292
2024-01-08,511260.SSE,102.99582314970995,104.2972931148981,101.75987327191343,103.06056631906927
2024-01-08,513100.SSE,6.7913296591684125,6.907873586417489,6.709833703258392,6.825962041914515
2024-01-08,518880.SSE,7.395672463252521,7.5588011340985,7.306924393693491,7.469171081125
2024-01-09,159915.SZSE,2.6464174571480825,2.6781744666338594,2.61063686243878,2.6423450024684008
2024-01-09,510300.SSE,3.4781040653039828,3.5198413140876306,3.432396002996653,3.4740850232759644
2024-01-09,510500.SSE,4.236550490087788,4.335320092489122,4.185711884206735,4.283913134870675
2024-01-09,511010.SSE,101.11821379492393,102.41177651186123,99.90479522938485,101.19740762041624
2024-01-09,511260.SSE,103.0533800692548,104.3224633119297,101.81673950842374,103.0854380552665
2024-01-09,513100.SSE,6.8307353067891565,6.942656247588657,6.748766483107687,6.8603322604631
2024-01-09,518880.SSE,7.458590600530017,7.6023321228401795,7.369087513323657,7.512185892134565
2024-01-10,159915.SZSE,2.6398699853189025,2.6715484251427295,2.591622927098072,2.6231001286417737
2024-01-10,510300.SSE,3.481893959820944,3.5236766873387952,3.4316060220192406,3.4732854473878954
2024-01-10,510500.SSE,4.290297559695837,4.341781130412187,4.219722823819365,4.2709745180357945
2024-01-10,511010.SSE,101.19295375116728,102.40726919618129,99.94420925499209,101.1581065333928
2024-01-10,511260.SSE,103.09938575580331,104.33657838487295,101.83875506746655,103.07566302375157
2024-01-10,513100.SSE,6.860669815287548,6.942997853070999,6.7627710762,6.844909996153846
2024-01-10,518880.SSE,7.505026209150317,7.6126337916111835,7.414965894640512,7.522365406730418
2024-01-11,159915.SZSE,2.6247874740568227,2.6562849237455044,2.5833669748751222,2.614743901695468
2024-01-11,510300.SSE,3.4665477419913997,3.542636275679419,3.424949169087503,3.500628730908517
2024-01-11,510500.SSE,4.2782993532882525,4.357241823457472,4.226959761048794,4.305574924365091
2024-01-11,511010.SSE,101.14241806781513,102.35612708462891,99.90933979957295,101.1228135623208
2024-01-11,511260.SSE,103.07372917225987,104.37572899836009,101.83684442219275,103.13807213276688
2024-01-11,513100.SSE,6.841607769136389,6.935077837938264,6.7595084759067525,6.852843713377731
2024-01-11,518880.SSE,7.512279889500265,7.657992914511697,7.422132530826262,7.567186674418672
2024-01-12,159915.SZSE,2.615950694292156,2.647342102623662,2.5640862846385555,2.595229033034975
2024-01-12,510300.SSE,3.5108289274814344,3.5529588746112117,3.4669739467410476,3.5090829420455947
2024-01-12,510500.SSE,4.305724787179855,4.384098726355177,4.254056089733697,4.332113365963614
2024-01-12,511010.SSE,101.11830505968176,102.33172472039794,99.83852002323644,101.05113362675753
2024-01-12,511260.SSE,103.12241511897679,104.35988410040451,101.8053706446959,103.04187312216185
2024-01-12,513100.SSE,6.863067053648557,6.953406588208157,6.780710249004774,6.870955126687902
2024-01-12,518880.SSE,7.563478294281387,7.654240033812764,7.443014216090039,7.533415198471699
2024-01-15,159915.SZSE,2.590488680015388,2.621574544175573,2.54509298399643,2.5760050445308
2024-01-15,510300.SSE,3.505338071591831,3.5580036162925963,3.463274014732729,3.515813850091498
2024-01-15,510500.SSE,4.334938389392089,4.386957650064795,4.264847754796224,4.316647525097393
2024-01-15,511010.SSE,101.07815848132564,102.31284534551257,99.86522057954974,101.09964955090174
2024-01-15,511260.SSE,103.03891611766745,104.30175795984348,101.80244912425545,103.06497822118921
2024-01-15,513100.SSE,6.859518976911862,6.951461490257934,6.77720474918892,6.869033093140251
2024-01-15,518880.SSE,7.537217172738592,7.627663778811455,7.441867794768412,7.532254853004466
2024-01-16,159915.SZSE,2.5738290691007273,2.604715017929936,2.5390701973836873,2.5699091066636512
2024-01-16,510300.SSE,3.519838660959146,3.5620767248906557,3.4636065059298633,3.5056746011435864
2024-01-16,510500.SSE,4.319461173725186,4.376501566473615,4.267627639640484,4.324606290981833
2024-01-16,511010.SSE,101.07568165456897,102.34712235352768,99.86277347471413,101.1335201121815
2024-01-16,511260.SSE,103.07382130490232,104.40870832901486,101.8369354492435,103.17066040416488
2024-01-16,513100.SSE,6.882220832918377,7.018682393021573,6.799634182923357,6.935456910100368
2024-01-16,518880.SSE,7.533315685710158,7.628795344344049,7.442915897481636,7.538335320498072
2024-01-17,159915.SZSE,2.5681655655543767,2.5989835523410294,2.532735058559681,2.563497022833685
2024-01-17,510300.SSE,3.5096461409115434,3.551761894602482,3.450220295475798,3.492125805137447
2024-01-17,510500.SSE,4.321364423181209,4.4031110091555465,4.269508050103035,4.350900206675441
2024-01-17,511010.SSE,101.1062368687222,102.38735034396969,99.89296202629754,101.17327109087914
2024-01-17,511260.SSE,103.15030819332306,104.49926581428302,101.91250449500318,103.2601440852599
2024-01-17,513100.SSE,6.935276691183665,7.042908232215983,6.852053370889461,6.95939548637943
2024-01-17,518880.SSE,7.55571915224937,7.654993845807801,7.465050522422378,7.564223167794269
2024-01-18,159915.SZSE,2.562404228904441,2.5931530796512945,2.5222076910605313,2.552841792571388
2024-01-18,510300.SSE,3.488071572245796,3.54157995446365,3.446214713378846,3.499584935240761
2024-01-18,510500.SSE,4.353678313537365,4.432261235334858,4.301434173774917,4.379704777998871
2024-01-18,511010.SSE,101.15930079983343,102.37321240943143,99.9364682216752,101.15027147942834
2024-01-18,511260.SSE,103.23181625030378,104.57142202753984,101.99303445530013,103.3314446912449
2024-01-18,513100.SSE,6.961973987611906,7.089385517166038,6.878430299760563,7.005321657278694
2024-01-18,518880.SSE,7.544741212679457,7.6935916738558205,7.454204318127304,7.602363314086779
2024-01-19,159915.SZSE,2.548747175193175,2.585247626356737,2.518162209090857,2.5545925161627836
2024-01-19,510300.SSE,3.5015994528052863,3.547747652275579,3.4595802593716227,3.505679498296027
2024-01-19,510500.SSE,4.375574903183738,4.4290644687004574,4.323068004345533,4.376545917688199
2024-01-19,511010.SSE,101.15511518630636,102.49652896311557,99.94125380407068,101.28115510189285
2024-01-19,511260.SSE,103.36576922301107,104.6061584536872,102.11792121689108,103.35821985515291
2024-01-19,513100.SSE,7.002093754908452,7.114882985030809,6.91806862984955,7.030516783627281
2024-01-19,518880.SSE,7.606527237958341,7.72886121283684,7.515248911102841,7.637214637190553
2024-01-22,159915.SZSE,2.5527204316403216,2.5845027981004836,2.522087786460638,2.553856519862138
2024-01-22,510300.SSE,3.505239717233441,3.5473025938402425,3.4393408779340042,3.481114248921057
2024-01-22,510500.SSE,4.373438726474018,4.448511976527028,4.32095746175633,4.395762822655166
2024-01-22,511010.SSE,101.29163410483605,102.50713371409408,100.05602312253573,101.271278464105
2024-01-22,511260.SSE,103.3471537679256,104.58801953676338,102.1069879227105,103.34784539205867
2024-01-22,513100.SSE,7.016856290765834,7.141567488141327,6.932654015276644,7.056884869704868
2024-01-22,518880.SSE,7.6372718422676975,7.751946211258347,7.545624580160485,7.660025900452912
2024-01-23,159915.SZSE,2.5516865478690813,2.582385053864364,2.5210663092946524,2.551763887217751
2024-01-23,510300.SSE,3.4833662774806684,3.5251666728104363,3.4297723094980856,3.4714294630547426
2024-01-23,510500.SSE,4.401546027506412,4.454364579836489,4.313533017341462,4.365924106620913
2024-01-23,511010.SSE,101.27866222697978,102.49712094125962,100.06331828025601,101.28174006053322
2024-01-23,511260.SSE,103.3454795632622,104.58562531802134,102.09538750207854,103.3354124514965
2024-01-23,513100.SSE,7.055735550496771,7.140404377102732,6.959002075372872,7.043524367786308
2024-01-23,518880.SSE,7.66731876851227,7.769332910645086,7.5753109432901224,7.677206433443761
2024-01-24,159915.SZSE,2.5540618204345993,2.5847105622798145,2.509757854775827,2.5402407437002297
2024-01-24,510300.SSE,3.4723638118385884,3.5140321775806513,3.4203100024729833,3.4618522292236675
2024-01-24,510500.SSE,4.3708914253484545,4.423342122452636,4.310398622261742,4.362751641965326
2024-01-24,511010.SSE,101.30158791560635,102.53674008569065,100.08596886061908,101.3208894127378
2024-01-24,511260.SSE,103.32856161987941,104.6010070032674,102.08861888044086,103.3606788569836
2024-01-24,513100.SSE,7.046275652882373,7.137169936200315,6.961720345047784,7.052539462648532
2024-01-24,518880.SSE,7.683626309335473,7.797170970084768,7.5914227936234475,7.704714397316964
2024-01-25,159915.SZSE,2.54263979925372,2.5734514432429014,2.512128121662675,2.5429362087380447
2024-01-25,510300.SSE,3.4666874116752755,3.508287660615379,3.416773965259855,3.4582732441901367
2024-01-25,510500.SSE,4.359157758674891,4.4443395759818305,4.306847865570792,4.3916398972152475
2024-01-25,511010.SSE,101.29112088657054,102.51932991282015,100.0756274359317,101.3036856846049
2024-01-25,511260.SSE,103.37012107443516,104.61056252732838,102.11368309274245,103.3539302558122
2024-01-25,513100.SSE,7.058105615765684,7.14637333041826,6.973408348376496,7.0616337257097435
2024-01-25,518880.SSE,7.70323145668262,7.835576346809661,7.6107926792024285,7.7426643743178465
2024-01-26,159915.SZSE,2.5425036610541727,2.5730137049868227,2.4837217023670246,2.5138883627196607
2024-01-26,510300.SSE,3.458577468497126,3.5000803981190916,3.401530865057203,3.4428450051186266
2024-01-26,510500.SSE,4.387882968113845,4.450409239476717,4.335228372496479,4.397637588415728
2024-01-26,511010.SSE,101.32375148347771,102.53963650127945,100.07780188304233,101.29332174396997
2024-01-26,511260.SSE,103.38447223531102,104.65334751814744,102.14385856848729,103.41239873334727
2024-01-26,513100.SSE,7.0600024032679425,7.163616313957174,6.975282374428727,7.078672246993255
2024-01-26,518880.SSE,7.744224109176386,7.852980754785352,7.65129341986627,7.7598624059143795
2024-01-29,159915.SZSE,2.512738823966925,2.542891689854528,2.4693049394842674,2.499296497453712
2024-01-29,510300.SSE,3.442170779343731,3.4834768286958555,3.3897292931333025,3.430900094264476
2024-01-29,510500.SSE,4.3943265523016555,4.44867791444869,4.341594633674036,4.395926792933488
2024-01-29,511010.SSE,101.28805301905516,102.53865695608145,100.07259638282649,101.32278355344017
2024-01-29,511260.SSE,103.42239460803164,104.78792729944395,102.18132587273526,103.54538270696042
2024-01-29,513100.SSE,7.060588403011887,7.145315463848029,6.956098816839993,7.040585847004041
2024-01-29,518880.SSE,7.7531291416808905,7.8908854845145875,7.66009159198072,7.797317672445245
2024-01-30,159915.SZSE,2.499704528490812,2.5297009828327015,2.4436111680591024,2.4732906559302656
2024-01-30,510300.SSE,3.4352901352242142,3.476513616846905,3.3725071837784584,3.413468809492367
2024-01-30,510500.SSE,4.399685800753135,4.455778711574001,4.346889571144097,4.4029433908834
2024-01-30,511010.SSE,101.3351371464106,102.66891142690788,100.11911550065368,101.45149350484968
2024-01-30,511260.SSE,103.51918273881164,104.76995362970554,102.27695254594589,103.52762216374065
2024-01-30,513100.SSE,7.027933996037866,7.112269203990321,6.934335972669593,7.018558676791086
2024-01-30,518880.SSE,7.802902238742621,7.919043685435241,7.709267411877709,7.825141981655377
2024-01-31,159915.SZSE,2.470935545750599,2.5005867722996062,2.4342666828223014,2.463832674921358
2024-01-31,510300.SSE,3.4157809496559026,3.4567703210517733,3.3685913457807533,3.4095054107092646
2024-01-31,510500.SSE,4.397809696962958,4.477639134635296,4.345035980599403,4.424544599441992
2024-01-31,511010.SSE,101.42911872487188,102.7114475419994,100.21196930017342,101.49352523912985
2024-01-31,511260.SSE,103.5037424170264,104.74578732603072,102.2455525075151,103.48740132339586
2024-01-31,513100.SSE,7.0353813959015605,7.16742960623882,6.950956819150742,7.082440322370376
2024-01-31,518880.SSE,7.80800788382356,7.933782073511772,7.714311789217677,7.839705606236929
2024-02-01,159915.SZSE,2.46053834318977,2.4900648033080475,2.4176994627961297,2.4470642335993213
2024-02-01,510300.SSE,3.4124176290814288,3.453366640630406,3.368136971432889,3.4090455176446244
2024-02-01,510500.SSE,4.426386322122802,4.501404070210901,4.373269686257329,4.44802773736255
2024-02-01,511010.SSE,101.49360908460665,102.81281574026069,100.27568577559137,101.59369144294534
2024-02-01,511260.SSE,103.4805202475376,104.72228649050805,102.197727476797,103.43899542185932
2024-02-01,513100.SSE,7.0734186155171574,7.211921108890903,6.988537592130951,7.1264042577973346
2024-02-01,518880.SSE,7.846813932563454,7.957265624918656,7.752652165372693,7.862910696559936
2024-02-02,159915.SZSE,2.444381459961344,2.4737140374808804,2.4001529143544693,2.4293045691846857
2024-02-02,510300.SSE,3.406403334834514,3.4480794830106776,3.3655264948165,3.4071931650303138
2024-02-02,510500.SSE,4.451905087543575,4.5089915864260135,4.398482226493052,4.455525283029657
2024-02-02,511010.SSE,101.59769212500922,102.8674145514379,100.37851981950911,101.64764283738923
2024-02-02,511260.SSE,103.43437122977382,104.71574522010931,102.19315877501653,103.47405654161
2024-02-02,513100.SSE,7.138278826543799,7.254815053443028,7.052619480625274,7.168789578501015
2024-02-02,518880.SSE,7.8626981202572015,7.999352982205078,7.768345742814115,7.904498994273792
2024-02-05,159915.SZSE,2.427506054997392,2.460112239675443,2.3983759823374236,2.4309409482958926
2024-02-05,510300.SSE,3.403040716539647,3.443877205138123,3.3502572212071526,3.390948604460681
2024-02-05,510500.SSE,4.455066596834253,4.5224006118718485,4.401605797672241,4.468775308173763
2024-02-05,511010.SSE,101.66722461807872,102.8889591044839,100.44721792266178,101.66893192142678
2024-02-05,511260.SSE,103.44436458865064,104.71777039956102,102.20303221358684,103.47605770707611
2024-02-05,513100.SSE,7.160981517280783,7.304632120291726,7.075049739073414,7.218015929142021
2024-02-05,518880.SSE,7.90000862524324,7.994808728746159,7.794320861545347,7.8889887262604725
2024-02-06,159915.SZSE,2.42764346133113,2.4567751828671036,2.388387466540434,2.4173962211947715
2024-02-06,510300.SSE,3.388703378719363,3.4293678192639954,3.334735201598459,3.3752380582980357
2024-02-06,510500.SSE,4.474044451156145,4.533389500869411,4.42035591774227,4.4796338941397345
2024-02-06,511010.SSE,101.64207361230389,102.86177849565154,100.41310088601007,101.63269320446364
2024-02-06,511260.SSE,103.49018903330825,104.78078175929323,102.24830676490855,103.53832189653481
2024-02-06,513100.SSE,7.216479628053784,7.342180430679527,7.129881872517139,7.255119002647754
2024-02-06,518880.SSE,7.886848822785711,8.055930633007026,7.792206636912282,7.960405763840935
2024-02-07,159915.SZSE,2.417853320265121,2.4468675601083025,2.379464275703931,2.4083646515221973
2024-02-07,510300.SSE,3.372794286776735,3.413267818218056,3.3282693140508672,3.368693637703307
2024-02-07,510500.SSE,4.478043778583458,4.534902811342293,4.424307253240456,4.481129260219657
2024-02-07,511010.SSE,101.63321411652032,102.91701585290653,100.41361554712208,101.69665598113293
2024-02-07,511260.SSE,103.51957762550913,104.76597723747668,102.27734269400302,103.52369292240778
2024-02-07,513100.SSE,7.260412886830418,7.3483022561526665,7.173287932188453,7.261168237305006
2024-02-07,518880.SSE,7.958927423403187,8.054434552484025,7.846579554929923,7.941882140617331
2024-02-08,159915.SZSE,2.4104158495333934,2.439340839727794,2.3644130465279853,2.393130613894722
2024-02-08,510300.SSE,3.3717849304236127,3.412246349588696,3.321915814429607,3.3622629700704527
2024-02-08,510500.SSE,4.4800113659921665,4.533771502384073,4.4233817863590845,4.4771070712136485
2024-02-08,511010.SSE,101.67826351118589,102.89840267332012,100.4049841149959,101.62447784918614
2024-02-08,511260.SSE,103.54946147768644,104.81646455056162,102.3068679399542,103.5735815717012
2024-02-08,513100.SSE,7.254223395730629,7.3412740764793964,7.161648370635973,7.248631954084993
2024-02-08,518880.SSE,7.953911447452939,8.049358384822375,7.851665555849225,7.947029914827151
2024-02-09,159915.SZSE,2.3887035579743845,2.417368000670077,2.3527325560925068,2.381308255154359
2024-02-09,510300.SSE,3.366093584721179,3.406486707737833,3.3037124158891906,3.3438384776206385
2024-02-09,510500.SSE,4.472005537934191,4.525669604389401,4.414476678001355,4.468093803645096
2024-02-09,511010.SSE,101.63304000511697,102.93292624556838,100.41344352505557,101.71237771301223
2024-02-09,511260.SSE,103.60501458025982,104.84827475522295,102.33208434942317,103.57498415933519
2024-02-09,513100.SSE,7.262109413063778,7.3800366028312485,7.1749641001070135,7.292526287382657
2024-02-09,518880.SSE,7.977065982727034,8.072790774519758,7.841215669328206,7.936453106607496
2024-02-12,159915.SZSE,2.381378068586412,2.4099546054094487,2.3403677128408065,2.3687932316202494
2024-02-12,510300.SSE,3.3432333466458273,3.3833521468055774,3.298662471339848,3.3387271977123967
2024-02-12,510500.SSE,4.473399268810002,4.527080060035723,4.388930649132664,4.44223749912213
2024-02-12,511010.SSE,101.72555399004898,102.94684661930165,100.50484734216839,101.72613302302534
2024-02-12,511260.SSE,103.57069877203936,104.81354715730384,102.3012494535052,103.54377475051135
2024-02-12,513100.SSE,7.293170608727285,7.394543766138274,7.205652561422558,7.3068614289903895
2024-02-12,518880.SSE,7.947756170052104,8.107398199183347,7.852383096011478,8.011263042671292
2024-02-13,159915.SZSE,2.3681854967663747,2.3966037227275714,2.3330892639484873,2.361426380514663
2024-02-13,510300.SSE,3.344305542296677,3.384437208804237,3.2969658977509995,3.3370100179665987
2024-02-13,510500.SSE,4.438266698026245,4.491525898402561,4.368731286027981,4.4217927996234625
2024-02-13,511010.SSE,101.74795850591975,102.9689340079908,100.3818396878889,101.60105231567702
2024-02-13,511260.SSE,103.55135050833736,104.79396671443742,102.29357679858622,103.53600890545164
2024-02-13,513100.SSE,7.310791087456711,7.475153853764191,7.2230615944072305,7.386515665774892
2024-02-13,518880.SSE,8.005980982240834,8.110272301464564,7.909909210453944,8.014103064688303
2024-02-14,159915.SZSE,2.3623674235263272,2.3924271271435353,2.3340190144440114,2.3640584260311615
2024-02-14,510300.SSE,3.342341968612913,3.3839471150696503,3.3022338649895584,3.3438212599502473
2024-02-14,510500.SSE,4.423597556085236,4.476680726758259,4.3649549849389615,4.417970632529313
2024-02-14,511010.SSE,101.59199279367935,102.83366849248463,100.3728888801552,101.61429692933264
2024-02-14,511260.SSE,103.51475260465358,104.75692963590943,102.26635205054478,103.50845349245424
2024-02-14,513100.SSE,7.38420989515067,7.4924101300446635,7.2955993764088625,7.403567322178521
2024-02-14,518880.SSE,8.019993554284659,8.125294122309583,7.923753631633242,8.028946761175478
2024-02-15,159915.SZSE,2.3640227402961203,2.3923910131796737,2.3312730994585062,2.3595881573466664
2024-02-15,510300.SSE,3.3447709243296404,3.384908175421596,3.299687064668721,3.339764235494657
2024-02-15,510500.SSE,4.4176030634822245,4.470614300244011,4.34724440213197,4.40004494142912
2024-02-15,511010.SSE,101.6300013873401,102.84956140398819,100.39254271472028,101.61188533878571
2024-02-15,511260.SSE,103.5192133470057,104.82146294575814,102.27698278684163,103.57852069738946
2024-02-15,513100.SSE,7.409259202346583,7.533947853025497,7.320348091918423,7.444612502989622
2024-02-15,518880.SSE,8.035256383813422,8.131679460419184,7.911706566688651,8.00780016871321
2024-02-16,159915.SZSE,2.3555900035502106,2.383857083592813,2.3228661118102263,2.3510790605366663
2024-02-16,510300.SSE,3.3365633581571217,3.3766021184550072,3.2741347452574545,3.313901564025764
2024-02-16,510500.SSE,4.394643917413823,4.465083964440721,4.341908190404857,4.412138304783321
2024-02-16,511010.SSE,101.63493524875248,102.85455447173752,100.38233772694318,101.60155640378865
2024-02-16,511260.SSE,103.56992071539123,104.82170541425324,102.32708166680654,103.57876029076408
2024-02-16,513100.SSE,7.458337556233465,7.547837606908266,7.360826761314263,7.450229515500266
2024-02-16,518880.SSE,7.999161579046611,8.11761475334606,7.903171640098051,8.021358451922985
2024-02-19,159915.SZSE,2.3476189692638014,2.375790396894967,2.318326363367663,2.346484173449052
2024-02-19,510300.SSE,3.3199979150044445,3.359837889984498,3.2601369225692616,3.2997337272968235
2024-02-19,510500.SSE,4.409004063345233,4.461912112105376,4.349930459133223,4.402763622604477
2024-02-19,511010.SSE,101.57373413891807,102.86554266036673,100.35484932925105,101.64579314265487
2024-02-19,511260.SSE,103.55999291006962,104.86726853485632,102.31727299514878,103.6237831372098
2024-02-19,513100.SSE,7.449088474125372,7.587715150510066,7.359699412435867,7.497742243587021
2024-02-19,518880.SSE,8.00956824839689,8.122510579936327,7.913453429416128,8.026196225233525
2024-02-20,159915.SZSE,2.346564723778432,2.3747235004637735,2.300520556581839,2.328462101803481
2024-02-20,510300.SSE,3.2994988378111225,3.339092823864856,3.2463886652322005,3.285818487077126
2024-02-20,510500.SSE,4.40987255852028,4.462791029222523,4.356465151732447,4.409377683939724
2024-02-20,511010.SSE,101.65616738621051,102.87604139484505,100.39257945454636,101.6119225248445
2024-02-20,511260.SSE,103.61878626001226,104.8622116951324,102.36582699537567,103.60913663499562
2024-02-20,513100.SSE,7.512887951223528,7.64593015874082,7.422733295808845,7.5552669552774905
2024-02-20,518880.SSE,8.025603691094924,8.133309205175502,7.929296446801785,8.036866803533105
2024-02-21,159915.SZSE,2.331258503263515,2.359233605302677,2.2899993784202644,2.3178131360528993
2024-02-21,510300.SSE,3.286302171264319,3.3257377973194906,3.228666544717822,3.2678811181354472
2024-02-21,510500.SSE,4.410415187626536,4.46584642944209,4.357490205375018,4.412891728697717
2024-02-21,511010.SSE,101.62815651672503,102.84769439492572,100.32501048101473,101.54353287552098
2024-02-21,511260.SSE,103.60109432230053,104.84430745416813,102.31362006980277,103.55629561720927
2024-02-21,513100.SSE,7.549877980231743,7.640476515994524,7.443743409126133,7.534153248103374
2024-02-21,518880.SSE,8.044443717754605,8.14097704236766,7.849918325651465,7.9452614632099845
2024-02-22,159915.SZSE,2.3118334447996136,2.339939937984944,2.2840914434620183,2.3121936146096287
2024-02-22,510300.SSE,3.2665866209368004,3.3057856603880422,3.1993661082192966,3.2382248058899763
2024-02-22,510500.SSE,4.407699302868006,4.460591694502423,4.3355218063848575,4.388179965976576
2024-02-22,511010.SSE,101.53915430470566,102.75762415636213,100.29665353794712,101.51483151614082
2024-02-22,511260.SSE,103.55068371873074,104.79329192335551,102.28016003364732,103.52242918385356
2024-02-22,513100.SSE,7.540872528693756,7.631362999038081,7.423672506665849,7.513838569499847
2024-02-22,518880.SSE,7.930334890758845,8.035155582754642,7.835170872069739,7.939877058057947
2024-02-23,159915.SZSE,2.3131264206414763,2.340883937689174,2.2845510695174203,2.312298653357713
2024-02-23,510300.SSE,3.2348649854630964,3.2736833652886537,3.1688586501647777,3.20734681190767
2024-02-23,510500.SSE,4.389743385803739,4.442420306433385,4.3338772645861665,4.386515449985999
2024-02-23,511010.SSE,101.49434833696355,102.7430057503851,100.27641615691999,101.52470923951097
2024-02-23,511260.SSE,103.538816009087,104.83487007895144,102.29635021697796,103.59176885271881
2024-02-23,513100.SSE,7.518127440261889,7.608344969545032,7.407062013490361,7.497026329443685
2024-02-23,518880.SSE,7.933202051602846,8.047861124013084,7.838003626983612,7.9524319407243915
2024-02-26,159915.SZSE,2.315510103003027,2.3432962242390634,2.2838126040858904,2.3115512187104152
2024-02-26,510300.SSE,3.2018560085965233,3.2402782806996817,3.1612464326070495,3.1996421382662446
2024-02-26,510500.SSE,4.385767760349221,4.438396973473412,4.326150142346288,4.378694476058996
2024-02-26,511010.SSE,101.54066604485236,102.75915403739059,100.31907249537363,101.5375227685968
2024-02-26,511260.SSE,103.57821117288148,104.8430558483895,102.3352726388069,103.59985755769713
2024-02-26,513100.SSE,7.487685767072241,7.577537996277108,7.396884775497073,7.486725481272341
2024-02-26,518880.SSE,7.95774668526534,8.102163985891169,7.862253725042156,8.006090895149375
2024-02-27,159915.SZSE,2.3111385738705468,2.3388722367569934,2.2801102085054024,2.307803854762553
2024-02-27,510300.SSE,3.202005454814018,3.2404295202717863,3.131837048264399,3.1698755549234807
2024-02-27,510500.SSE,4.396374992123538,4.449131492029021,4.324583400822795,4.37710870528623
2024-02-27,511010.SSE,101.51722560506843,102.79577731909563,100.29901889780761,101.5768550583949
2024-02-27,511260.SSE,103.62981991220884,104.87337775115535,102.29290562811194,103.53532958310925
2024-02-27,513100.SSE,7.4885932378714335,7.585857062810299,7.398730119016976,7.4959061885477265
2024-02-27,518880.SSE,8.00648062151513,8.131791776617712,7.910402854056949,8.03536736819932
2024-02-28,159915.SZSE,2.3092857163320675,2.3369971449280524,2.2804113552913674,2.308108659201789
2024-02-28,510300.SSE,3.1669797139856994,3.204983470553528,3.1209535056306557,3.1588598235128096
2024-02-28,510500.SSE,4.3785649685377965,4.43110774816025,4.3244788200934385,4.3770028543455854
2024-02-28,511010.SSE,101.57383570696847,102.79272173545209,100.33056784776528,101.54915774065311
2024-02-28,511260.SSE,103.51246702675607,104.80595751015174,102.270317422435,103.5631991207033
2024-02-28,513100.SSE,7.49597060560015,7.593093383607891,7.4060189583329485,7.503056703169853
2024-02-28,518880.SSE,8.048655335132375,8.145239199153965,7.948315171889667,8.044853412843793
2024-02-29,159915.SZSE,2.3062162156378077,2.3392076780783357,2.278541621050154,2.311470037626814
2024-02-29,510300.SSE,3.1701553729778675,3.208197237453602,3.0961423504450525,3.133747318264223
2024-02-29,510500.SSE,4.375059623786203,4.427560339271638,4.290119005714646,4.342225714286079
2024-02-29,511010.SSE,101.54847864887793,102.77940164735288,100.3298969050914,101.56067356457795
2024-02-29,511260.SSE,103.59108606249349,104.83417909524341,102.3455861724376,103.58864997210284
2024-02-29,513100.SSE,7.495591944805508,7.595122861988975,7.405644841467842,7.5050621165898965
2024-02-29,518880.SSE,8.031617694444218,8.167104475843383,7.9352382821108876,8.070261339766189
2024-03-01,159915.SZSE,2.311148163414204,2.3388819413751745,2.2811442415611745,2.3088504469242657
2024-03-01,510300.SSE,3.1297791059548574,3.167336455226316,3.06929920098565,3.1065781386494433
2024-03-01,510500.SSE,4.349425438557762,4.401618543820455,4.2770666459378806,4.329014823823766
2024-03-01,511010.SSE,101.5727860412238,102.79165947371848,100.34483868306754,101.5636019059388
2024-03-01,511260.SSE,103.57110163148343,104.92148598217102,102.32824841190563,103.67735768989232
2024-03-01,513100.SSE,7.508197406892832,7.612034565390781,7.418099038010118,7.521773285959269
2024-03-01,518880.SSE,8.092438104519102,8.189547361773332,7.946764640431502,8.04328404901974
2024-03-04,159915.SZSE,2.304488384646174,2.3321422452619283,2.2713651794390852,2.2989526107683047
2024-03-04,510300.SSE,3.1020242965266713,3.1392485880849916,3.053400638661659,3.0904864763781976
2024-03-04,510500.SSE,4.319726617347649,4.384693720562648,4.267889897939477,4.332701304903803
2024-03-04,511010.SSE,101.55299530010926,102.77163124371057,100.249878943654,101.4674888093664
2024-03-04,511260.SSE,103.67734018168177,104.92656375140149,102.43321209950159,103.68237524842044
2024-03-04,513100.SSE,7.523057145114926,7.613333830856305,7.375682616270132,7.46526580594143
2024-03-04,518880.SSE,8.028864727589072,8.155221766907696,7.932518350858003,8.058519532517487
2024-03-05,159915.SZSE,2.2926734118338197,2.3248605897026398,2.265161330891814,2.2972930728286953
2024-03-05,510300.SSE,3.0923263634411278,3.1294342798024215,3.039462286576482,3.0763788325672894
2024-03-05,510500.SSE,4.333178102378832,4.385176239607378,4.260226350105481,4.311969989985305
2024-03-05,511010.SSE,101.45591230517192,102.67338325283399,100.17797498482753,101.39471152310479
2024-03-05,511260.SSE,103.6739048115426,104.95847804950074,102.42981795380409,103.71391111610745
2024-03-05,513100.SSE,7.464633638377652,7.586632798184498,7.37505803471712,7.496672725478753
2024-03-05,518880.SSE,8.039464698180833,8.138555989204528,7.942991121802663,8.042051372731747
2024-03-06,159915.SZSE,2.2998212404998633,2.327419095385862,2.247373775496896,2.2746698132559677
2024-03-06,510300.SSE,3.0818726043186566,3.1188550755704805,3.0362581265088204,3.0731357555757293
2024-03-06,510500.SSE,4.322014906995602,4.373879085879549,4.257107078385985,4.308812832374479
2024-03-06,511010.SSE,101.39638312128939,102.63249395423897,100.17962652383392,101.41550785991993
2024-03-06,511260.SSE,103.70796971214699,105.02136230651635,102.46347407560123,103.7760497099964
2024-03-06,513100.SSE,7.496072962822839,7.588960053978848,7.406120087268965,7.498972385354593
2024-03-06,518880.SSE,8.04149864886099,8.137996632647322,7.926991281045343,8.023270527373828
2024-03-07,159915.SZSE,2.2720573533453003,2.304593020102242,2.2447926651051566,2.2772658301405557
2024-03-07,510300.SSE,3.0733673392159573,3.121789569293237,3.0364869311453657,3.0847723016731594
2024-03-07,510500.SSE,4.308228744171086,4.359927489101139,4.251405375112253,4.303041877643981
2024-03-07,511010.SSE,101.43251988684074,102.74243722489292,100.21532964819865,101.5241474554278
2024-03-07,511260.SSE,103.78991091702326,105.03538984802755,102.48396830441195,103.72871285871655
2024-03-07,513100.SSE,7.498184944846911,7.6072252436015315,7.408206725508748,7.517020991701118
2024-03-07,518880.SSE,8.012658468943119,8.121067071258757,7.9165065673158015,8.024769833259642
2024-03-08,159915.SZSE,2.2760559006815715,2.3033685714897505,2.224690589847901,2.251711123327835
2024-03-08,510300.SSE,3.0868324331140675,3.1238744223114363,3.0433779446476383,3.0803420492385003
2024-03-08,510500.SSE,4.294349124969325,4.345881314468957,4.227742843939144,4.279091947306825
2024-03-08,511010.SSE,101.56286006958355,102.7989077982377,100.34410574874855,101.57994841723094
2024-03-08,511260.SSE,103.75464528362492,104.99970102702842,102.46534980147315,103.70986822011453
2024-03-08,513100.SSE,7.513797009866944,7.637454416062112,7.423631445748541,7.546891715476395
2024-03-08,518880.SSE,8.024407001964757,8.178167958316228,7.92811411794118,8.08119363469983
2024-03-11,159915.SZSE,2.248071888697219,2.2750487513615854,2.2138007062991965,2.240688973987041
2024-03-11,510300.SSE,3.0737239528401714,3.1133175908806265,3.036839265406089,3.0764007815025955
2024-03-11,510500.SSE,4.27711587278509,4.328441263258511,4.2239191489875045,4.275221810716098
2024-03-11,511010.SSE,101.55442997932671,102.77308313907864,100.29118431950135,101.50929586994064
2024-03-11,511260.SSE,103.73044845519748,104.97521383665985,102.43103712717897,103.67513879269126
2024-03-11,513100.SSE,7.548123014145971,7.681873839543983,7.45754553797622,7.590784426426861
2024-03-11,518880.SSE,8.080498563211037,8.194226864672892,7.983532580452505,8.097062119241988
2024-03-12,159915.SZSE,2.2370061497134524,2.2724086046217713,2.210162075916891,2.2454630480452287
2024-03-12,510300.SSE,3.073970062395885,3.1108577031446356,3.0166867528545045,3.0533266729296606
2024-03-12,510500.SSE,4.282482754786886,4.3338725478443285,4.188079483195979,4.2389468453400605
2024-03-12,511010.SSE,101.51463103450351,102.73280660691755,100.13983694989449,101.35611027317256
2024-03-12,511260.SSE,103.66814343929556,104.91216116056711,102.37151179686497,103.61489048265685
2024-03-12,513100.SSE,7.585084118187784,7.678978267682369,7.494063108769531,7.587923189409455
2024-03-12,518880.SSE,8.095212935146945,8.239990431444996,7.998070379925181,8.142283035024699
2024-03-13,159915.SZSE,2.2450076904019065,2.2817284135214395,2.2180675981170834,2.2546723453769166
2024-03-13,510300.SSE,3.0495046176243013,3.086098673035793,2.9969097869806647,3.0333095009925755
2024-03-13,510500.SSE,4.240807082264817,4.291696767251995,4.170017678506768,4.220665666504826
2024-03-13,511010.SSE,101.33775744098318,102.63564849587787,100.12170435169138,101.41862499592675
2024-03-13,511260.SSE,103.61807246229634,104.93035672415542,102.37465559274878,103.68612324521285
2024-03-13,513100.SSE,7.611479288664593,7.702817040128568,7.45201126552603,7.5425215238117715
2024-03-13,518880.SSE,8.134284625573095,8.233126834491598,8.036673210066217,8.135500824596441
2024-03-14,159915.SZSE,2.252754044785271,2.2797870933226942,2.221154939340368,2.2481325296967287
2024-03-14,510300.SSE,3.026610604960053,3.0759459847988984,2.9902912777005324,3.0394723169949587
2024-03-14,510500.SSE,4.216537067382384,4.271401088211809,4.165938622573795,4.220752063450404
2024-03-14,511010.SSE,101.4358475306641,102.65307770103207,100.2005582787903,101.41756910808735
2024-03-14,511260.SSE,103.67260902219714,104.9536301219171,102.42853771393077,103.70912067383112
2024-03-14,513100.SSE,7.530130132975031,7.632588875764281,7.4397685713793305,7.542083869332293
2024-03-14,518880.SSE,8.139608381419498,8.264300118233761,8.041933080842464,8.166304464657866
2024-03-15,159915.SZSE,2.249124098683367,2.2761135878675676,2.2199222177594082,2.2468848357888747
2024-03-15,510300.SSE,3.0398871631828936,3.0763658091410884,2.9846282129798203,3.020878758076741
2024-03-15,510500.SSE,4.217379131883925,4.267987681466533,4.161495487660808,4.212039967268025
2024-03-15,511010.SSE,101.40170619770907,102.70307528060432,100.18488572333656,101.48525225356158
2024-03-15,511260.SSE,103.69198328808164,104.97198231796663,102.44767948862466,103.72725525490775
2024-03-15,513100.SSE,7.536940473965002,7.638614388976096,7.446497188277422,7.548037933770846
2024-03-15,518880.SSE,8.163281640844025,8.261241020534152,8.053693886582792,8.151512030954244
2024-03-18,159915.SZSE,2.248071417659164,2.2868201725763284,2.2210945606472543,2.2597037278422216
2024-03-18,510300.SSE,3.012984561977992,3.049140376721728,2.961564320119909,2.9975347369634706
2024-03-18,510500.SSE,4.209290471823103,4.25980195748498,4.137602927113962,4.187857213678099
2024-03-18,511010.SSE,101.47384175431225,102.691527855364,100.21459963820347,101.4317810103274
2024-03-18,511260.SSE,103.70744004004334,104.95192932052386,102.34478210431828,103.58783613797397
2024-03-18,513100.SSE,7.543585660037954,7.63410868795841,7.420241276043031,7.510365664011165
2024-03-18,518880.SSE,8.162014751586177,8.259958928605212,8.052087418742852,8.149886051359163
2024-03-19,159915.SZSE,2.260549748841096,2.287676345827189,2.232441621041578,2.2595562966007874
2024-03-19,510300.SSE,2.9929144183831604,3.0288293914037583,2.9507879453110246,2.9866274750111588
2024-03-19,510500.SSE,4.1896223382532325,4.239897806312271,4.126395379554568,4.176513542059279
2024-03-19,511010.SSE,101.42181970070581,102.66368922600377,100.20475786429733,101.44633322727645
2024-03-19,511260.SSE,103.58028186810252,104.93928700314737,102.33731848568529,103.69494763156855
2024-03-19,513100.SSE,7.528265955679462,7.6186051471476155,7.416154872594962,7.506229628132553
2024-03-19,518880.SSE,8.148171216273125,8.248498809482074,8.050393161677848,8.15069052320363
2024-03-20,159915.SZSE,2.2601853713931774,2.3070188977489714,2.2330631469364595,2.2796629424396953
2024-03-20,510300.SSE,2.984756264072061,3.0205733392409257,2.937327563561659,2.9730036068437844
2024-03-20,510500.SSE,4.183039128016583,4.233235597552782,4.104126791106852,4.153974484925963
2024-03-20,511010.SSE,101.44504488496918,102.69103222432611,100.22770434634954,101.47335200032224
2024-03-20,511260.SSE,103.69926152843846,104.94365266677971,102.39250987266719,103.63614359581699
2024-03-20,513100.SSE,7.494677753473644,7.584613886515328,7.391241827253679,7.481013995196031
2024-03-20,518880.SSE,8.141522716621097,8.253717705864489,8.043824444021643,8.155847535439218
2024-03-21,159915.SZSE,2.2838630498780494,2.3146869495768843,2.256456693279513,2.2872400687518617
2024-03-21,510300.SSE,2.9701216861412245,3.0057631463749193,2.92205558600213,2.957546139678269
2024-03-21,510500.SSE,4.159077978787806,4.20898691453326,4.091291773715563,4.140983576635185
2024-03-21,511010.SSE,101.47881813812643,102.69656395578394,100.2443117046079,101.46185395203229
2024-03-21,511260.SSE,103.60312666454804,105.00278919800529,102.35988914457347,103.7576968359736
2024-03-21,513100.SSE,7.484732304735021,7.574549092391842,7.355169862864102,7.44450390978148
2024-03-21,518880.SSE,8.13980450668033,8.262918833129705,8.042126852600166,8.164939558428562
2024-03-22,159915.SZSE,2.2843930250335056,2.3203354146299042,2.2569803087331035,2.2928215559584033
2024-03-22,510300.SSE,2.958914251855153,2.994421222877415,2.9059223950047537,2.9412169989926658
2024-03-22,510500.SSE,4.143187224885638,4.192905471584266,4.077122650710393,4.126642359018617
2024-03-22,511010.SSE,101.47003382177151,102.68767422763277,100.19900917285476,101.41600118709997
2024-03-22,511260.SSE,103.7568952468334,105.00197798979539,102.417455058848,103.66139175996761
2024-03-22,513100.SSE,7.446661588092969,7.536021527150084,7.351069376600104,7.440353620040591
2024-03-22,518880.SSE,8.16330024939331,8.26125985238603,8.02627742307359,8.123762573961125
2024-03-25,159915.SZSE,2.2926746121810124,2.342014564222223,2.2651625168348404,2.3142436405357936
2024-03-25,510300.SSE,2.9422657598593522,2.983607350110195,2.90695857074104,2.948228606828256
2024-03-25,510500.SSE,4.1202362445775185,4.1696790795124485,4.05296768778947,4.102194015981245
2024-03-25,511010.SSE,101.41590370023506,102.64171883775529,100.19891285583225,101.4246233574657
2024-03-25,511260.SSE,103.68758728164298,104.9318383290227,102.38675700411929,103.63032085437175
2024-03-25,513100.SSE,7.443249989275823,7.532568989147133,7.331690509219475,7.420739381801088
2024-03-25,518880.SSE,8.11174230623356,8.244815613064139,8.014401398558759,8.147051001051521
2024-03-26,159915.SZSE,2.3173038690088905,2.349527124608869,2.289496222580784,2.3216671191787244
2024-03-26,510300.SSE,2.951304520480834,2.986720174726604,2.8962701855136603,2.931447556187915
2024-03-26,510500.SSE,4.095843593514085,4.144993716636255,4.035196176566028,4.084206656443348
2024-03-26,511010.SSE,101.40214523266951,102.66080122779286,100.18531948987747,101.44347947410361
2024-03-26,511260.SSE,103.6497000001315,104.89349640013309,102.26868435103376,103.51081412047951
2024-03-26,513100.SSE,7.431450782136721,7.520628191522361,7.307054500858742,7.395804150666743
2024-03-26,518880.SSE,8.134229857314082,8.282611421368513,8.036619099026312,8.18439863771592
2024-03-27,159915.SZSE,2.3250947942210356,2.352995931751688,2.2964060834285798,2.3242976552920847
2024-03-27,510300.SSE,2.934021854888234,2.9692301171468927,2.8791705224113215,2.9141402048697587
2024-03-27,510500.SSE,4.086748343684991,4.1357893238092105,4.0192616104847545,4.068078553122221
2024-03-27,511010.SSE,101.45578508030943,102.67346500723342,100.23831565934572,101.4559930901516
2024-03-27,511260.SSE,103.50071913274441,104.78892854260154,102.25871050315148,103.5463720776695
2024-03-27,513100.SSE,7.406302303013793,7.495177930649959,7.292198533723554,7.38076774668376
2024-03-27,518880.SSE,8.189436595349202,8.287709834493393,8.070065726243769,8.168082718870211
2024-03-28,159915.SZSE,2.320445482119213,2.3616286116113674,2.2926001363337822,2.333625110287912
2024-03-28,510300.SSE,2.918021356921428,2.954915799172779,2.883005100638371,2.9198772719098605
2024-03-28,510500.SSE,4.061697833255425,4.11043820725449,3.9837641565202353,4.032149955992141
2024-03-28,511010.SSE,101.45509759846783,102.72979783559916,100.23763642728622,101.51165794031537
2024-03-28,511260.SSE,103.52226802996768,104.76453524632728,102.25692740802147,103.49891438058853
2024-03-28,513100.SSE,7.37688562579646,7.494020867107682,7.288362998286902,7.405158959592571
2024-03-28,518880.SSE,8.151160091140142,8.248974012233823,8.013951339533245,8.111286780904093
2024-03-29,159915.SZSE,2.3327748579672223,2.3753440368630017,2.3047815596716155,2.3471779020385393
2024-03-29,510300.SSE,2.919870736842491,2.960524534188568,2.884832288000381,2.925419500186332
2024-03-29,510500.SSE,4.031088988871372,4.079462056737828,3.9630886782121943,4.011223358514367
2024-03-29,511010.SSE,101.53131478069379,102.74969055806211,100.29353520224065,101.51167530591158
2024-03-29,511260.SSE,103.50684667413013,104.7489288342197,102.22871426933241,103.4703585721988
2024-03-29,513100.SSE,7.406835334375733,7.495717358388243,7.316399177440469,7.405262325344604
2024-03-29,518880.SSE,8.124661618857623,8.228190980413803,8.02716567943133,8.130623498432612
2024-04-01,159915.SZSE,2.3508998937558037,2.3791106924808734,2.3191572585362863,2.3473251604618284
2024-04-01,510300.SSE,2.926455412876081,2.9615728778305943,2.8814286642299782,2.916425773512124
2024-04-01,510500.SSE,4.0126469623467305,4.068558302240774,3.9644951987985695,4.020314527905903
2024-04-01,511010.SSE,101.49970205388937,102.71769847853604,100.23249839945056,101.4498971654358
2024-04-01,511260.SSE,103.43040210038119,104.67156692558576,102.16711430257008,103.40801042770252
2024-04-01,513100.SSE,7.389174966323657,7.486839793732754,7.300504866727773,7.39806303728533
2024-04-01,518880.SSE,8.132138665679225,8.229724329667375,8.017587465566265,8.1149670704112
2024-04-02,159915.SZSE,2.3487169709368,2.37882250339396,2.3205323672855585,2.3506151219307903
2024-04-02,510300.SSE,2.918166716629354,2.9531847172289063,2.855680725671239,2.8903651069546954
2024-04-02,510500.SSE,4.0149823338364214,4.063162121842459,3.9539676789131217,4.001991577847289
2024-04-02,511010.SSE,101.42280901476497,102.73655301143425,100.20573530658778,101.51833301525124
2024-04-02,511260.SSE,103.42714533593795,104.6682710799692,102.17745392759466,103.41847563521726
2024-04-02,513100.SSE,7.398918365770203,7.487705386159445,7.268098008865537,7.356374502900341
2024-04-02,518880.SSE,8.114552002601707,8.211926626632927,7.984922304355521,8.081905166351742
2024-04-03,159915.SZSE,2.35115066920279,2.382898886980459,2.3229368611723564,2.3546431689530225
2024-04-03,510300.SSE,2.8908428259335186,2.9255329398447207,2.8442753604332807,2.878821215013442
2024-04-03,510500.SSE,3.9972121632761684,4.045178709235483,3.9198796042792683,3.967489478015454
2024-04-03,511010.SSE,101.51775730637173,102.7359703940482,100.26235262118477,101.48011398905342
2024-04-03,511260.SSE,103.41479421919149,104.69159856042448,102.17381668856119,103.45019620595305
2024-04-03,513100.SSE,7.349563293890795,7.438880248747131,7.261368534364106,7.350672182556453
2024-04-03,518880.SSE,8.07215435968646,8.179209227336239,7.975288507370222,8.082222556656362
2024-04-04,159915.SZSE,2.354045246809582,2.3982312530792322,2.3257967038478666,2.3697937283391624
2024-04-04,510300.SSE,2.877487497415065,2.912017347384046,2.836682855157484,2.871136493074377
2024-04-04,510500.SSE,3.9670538402119084,4.014658486294452,3.878344902065453,3.925450305734264
2024-04-04,511010.SSE,101.50203526080105,102.72005968393067,100.20863158987069,101.42574047557763
2024-04-04,511260.SSE,103.48177575459032,104.76259334845876,102.23999444553523,103.52034915855609
2024-04-04,513100.SSE,7.3490739808580345,7.445663290631753,7.260885093087738,7.3573747931143805
2024-04-04,518880.SSE,8.089433236155015,8.186506434988875,7.946058005975788,8.042568831959299
2024-04-05,159915.SZSE,2.368732848672951,2.4084820496416572,2.3403080544888755,2.3799229739542067
2024-04-05,510300.SSE,2.8700231397876013,2.9132309923775326,2.83558286211015,2.8786867513611982
2024-04-05,510500.SSE,3.9277575467303927,3.9748906372911574,3.8598889881346623,3.9067702309055288
2024-04-05,511010.SSE,101.4284611246297,102.64560265812527,100.19054484009753,101.40743404868171
2024-04-05,511260.SSE,103.49055743452642,104.73244412374073,102.23020201778715,103.47186439047283
2024-04-05,513100.SSE,7.342922441808256,7.439370276199088,7.254807372506558,7.3511563994062135
2024-04-05,518880.SSE,8.042541575022343,8.139052073922612,7.917798567015019,8.013966160946376
2024-04-08,159915.SZSE,2.380723370880373,2.4223868498657954,2.352154690429808,2.393662895124304
2024-04-08,510300.SSE,2.8759423167969627,2.910453624598526,2.8373240286534838,2.8717854541027164
2024-04-08,510500.SSE,3.9116115230286286,3.9680270906064985,3.864672184752285,3.920975385974801
2024-04-08,511010.SSE,101.40405943783415,102.64592261011302,100.18721072458014,101.42877728272038
2024-04-08,511260.SSE,103.4876993189578,104.74563353308503,102.2458469271303,103.50359044771247
2024-04-08,513100.SSE,7.354629545698736,7.451606532171172,7.266373991150351,7.3632475614339645
2024-04-08,518880.SSE,8.007553979766987,8.105110256773095,7.911463332009784,8.009002230012939
2024-04-09,159915.SZSE,2.39295821719573,2.4356947596884173,2.3642427185893813,2.406813003644681
2024-04-09,510300.SSE,2.873198393502892,2.9076767742249268,2.8376968984036077,2.8721628526352303
2024-04-09,510500.SSE,3.923753318069722,3.9708383578865587,3.8606916290912854,3.907582620537738
2024-04-09,511010.SSE,101.4140653108208,102.63103409455066,100.19596839613075,101.41292347786514
2024-04-09,511260.SSE,103.50185662465422,104.74387890415008,102.2013236574424,103.44263528081215
2024-04-09,513100.SSE,7.348687677733564,7.453345644130641,7.260503425600762,7.364966051512491
2024-04-09,518880.SSE,8.010869576851935,8.135530637921972,7.9147391419297115,8.039061895179815
2024-04-10,159915.SZSE,2.406693448038897,2.4483068338148954,2.37781312666243,2.4192755274850746
2024-04-10,510300.SSE,2.8718478385392507,2.9108047032169373,2.8373856644767796,2.8762892324278035
2024-04-10,510500.SSE,3.907918424068009,3.9557622937244505,3.861023402979193,3.9088560214668484
2024-04-10,511010.SSE,101.44263786959564,102.6599495240308,100.17739869985574,101.39412823872038
2024-04-10,511260.SSE,103.43692798169954,104.67817111747993,102.16786715646553,103.40877242557241
2024-04-10,513100.SSE,7.366240291341047,7.454635174837139,7.215727347574546,7.303367760702982
2024-04-10,518880.SSE,8.023294691884711,8.119574228187329,7.919005758750237,8.01518801492939
2024-04-11,159915.SZSE,2.4194973815706566,2.463746468493795,2.3904634129918088,2.434532083491892
2024-04-11,510300.SSE,2.874064700330812,2.908553476734782,2.8152152630556015,2.849408160987451
2024-04-11,510500.SSE,3.905454606418973,3.9523200616960006,3.849363768852494,3.8961171749519172
2024-04-11,511010.SSE,101.37673045523988,102.59325122070275,100.15270912635116,101.3691387918534
2024-04-11,511260.SSE,103.38516614855817,104.62578814234087,102.11974149939104,103.36006224634721
2024-04-11,513100.SSE,7.2929246758035875,7.38043977191323,7.164789813058941,7.25181155167909
2024-04-11,518880.SSE,7.999910563185684,8.095909489943912,7.857029774157823,7.952459285584841
2024-04-12,159915.SZSE,2.4326069270324746,2.4686544085991167,2.403415643908085,2.439381826678969
2024-04-12,510300.SSE,2.847207504473177,2.895357425483025,2.813041014419499,2.861025123995084
2024-04-12,510500.SSE,3.891252438902153,3.937947468168979,3.8437733155081553,3.8904588213645295
2024-04-12,511010.SSE,101.35688410079516,102.58852808176421,100.14060149158561,101.3720633219014
2024-04-12,511260.SSE,103.37032551265222,104.61990525079183,102.12988160650039,103.37935301461643
2024-04-12,513100.SSE,7.244626770431348,7.331562291676525,7.139415540967735,7.226129090048315
2024-04-12,518880.SSE,7.942073133868051,8.037378011474468,7.805857860901025,7.900665851114398
2024-04-15,159915.SZSE,2.4408967080409254,2.4701874685374166,2.4111547935175714,2.4404400744104975
2024-04-15,510300.SSE,2.8569878305626957,2.891271684529448,2.812768907870883,2.846932092986724
2024-04-15,510500.SSE,3.888140708270417,3.934798396769662,3.8088294971347616,3.8550905841444956
2024-04-15,511010.SSE,101.38169470318238,102.59827503962056,100.01184080662895,101.2265595208795
2024-04-15,511260.SSE,103.39100344527628,104.64730479710222,102.15031140393296,103.40642766512077
2024-04-15,513100.SSE,7.235870600839187,7.322701048049257,7.0900785530857355,7.176192867495684
2024-04-15,518880.SSE,7.903888255927225,7.998734914998352,7.779130334921128,7.873613699312882
2024-04-16,159915.SZSE,2.448751575087094,2.4912385437582496,2.419366556186049,2.4616981657690213
2024-04-16,510300.SSE,2.8501850940331726,2.8847425694361775,2.8159828729047747,2.8505361358064993
2024-04-16,510500.SSE,3.856934753719997,3.903217970764637,3.8074174474084668,3.8536613840166667
2024-04-16,511010.SSE,101.19525126538718,102.52030222054101,99.98090825020253,101.30464646298519
2024-04-16,511260.SSE,103.43719785710873,104.68238516596342,102.19595148282342,103.44109206122867
2024-04-16,513100.SSE,7.181116737286127,7.267290138133561,7.036920435715892,7.122389104975599
2024-04-16,518880.SSE,7.873583768808026,7.968066774033723,7.722687125176693,7.816484944510822
2024-04-17,159915.SZSE,2.4565999800405622,2.5027230965788645,2.4271207802800756,2.4730465381214075
2024-04-17,510300.SSE,2.8507976007230766,2.8916529178831567,2.8165880295143997,2.857364543362803
2024-04-17,510500.SSE,3.8551751206493683,3.9014372220971607,3.7941625112645,3.8402454567454454
2024-04-17,511010.SSE,101.3261690750712,102.54208310397206,100.08054155648368,101.29609469279725
2024-04-17,511260.SSE,103.45847249122386,104.69997416111855,102.15634439506712,103.3971097116064
2024-04-17,513100.SSE,7.1319447599125585,7.21752809703151,6.972274578155761,7.056958075056438
2024-04-17,518880.SSE,7.826056686050963,7.919969366283575,7.663597021784726,7.756677147555391
2024-04-18,159915.SZSE,2.473981562563189,2.5080715237946376,2.444293783812431,2.4783315452516184
2024-04-18,510300.SSE,2.8544897672657847,2.910745924842002,2.820235890058595,2.8762311510296463
2024-04-18,510500.SSE,3.8308488095638245,3.8936444897279383,3.7848786238490586,3.847474792221283
2024-04-18,511010.SSE,101.30663329509872,102.55429350731748,100.09095369555753,101.33823469102518
2024-04-18,511260.SSE,103.3868757080278,104.70377980080205,102.14623319953147,103.46223300474512
2024-04-18,513100.SSE,7.069811182938457,7.154648917133718,6.927588984581081,7.011729741478827
2024-04-18,518880.SSE,7.748356205571141,7.857320994312674,7.655375931104287,7.764151180150863
2024-04-19,159915.SZSE,2.476134516065671,2.5282502525689954,2.446420901872883,2.4982710005622484
2024-04-19,510300.SSE,2.8789455963661714,2.9232839045205576,2.8443982492097772,2.8886204590124085
2024-04-19,510500.SSE,3.8439497233934286,3.8900771200741495,3.7843253768877636,3.8302888430038093
2024-04-19,511010.SSE,101.35342357742275,102.56966466035182,100.057195270719,101.27246484890588
2024-04-19,511260.SSE,103.44492414200697,104.70591951512098,102.20358505230288,103.4643473469575
2024-04-19,513100.SSE,7.0054104985913925,7.0894754245744895,6.904637233080965,6.988499223766159
2024-04-19,518880.SSE,7.7693583681817,7.86259066859988,7.674214295813989,7.7674233763299485
2024-04-22,159915.SZSE,2.499954493663896,2.5399240548041324,2.4699550397399292,2.509806378264953
2024-04-22,510300.SSE,2.8867323318143168,2.9213731197960886,2.827839619748687,2.8621858499480637
2024-04-22,510500.SSE,3.835675173854131,3.8817032759403802,3.7680362466771684,3.8138018691064457
2024-04-22,511010.SSE,101.28188560130164,102.49726822851726,99.99139802306541,101.20586844439819
2024-04-22,511260.SSE,103.4407516924275,104.68204071273662,102.16308055981779,103.40392769212326
2024-04-22,513100.SSE,7.000731405819657,7.084740182689493,6.862045738395382,6.945390423477107
2024-04-22,518880.SSE,7.766391550614319,7.859588249221691,7.622229819552656,7.71480750966868
2024-04-23,159915.SZSE,2.5099427072515135,2.5417790628868437,2.4798233947644954,2.511639390204391
2024-04-23,510300.SSE,2.8574930906582194,2.8957445495086946,2.8232031735703207,2.861407657617287
2024-04-23,510500.SSE,3.8141543476407365,3.859924199812425,3.7665003419963488,3.8122473097129035
2024-04-23,511010.SSE,101.20315070663749,102.41758851511713,99.95729718504933,101.1713534261633
2024-04-23,511260.SSE,103.42932034003641,104.67047218411685,102.12621384765653,103.3666132061301
2024-04-23,513100.SSE,6.9335256422031675,7.016727949909606,6.823418117782515,6.906293641480278
2024-04-23,518880.SSE,7.706324196435225,7.798800086792448,7.611439330123309,7.703885961663269
2024-04-24,159915.SZSE,2.5138728044909175,2.5585660944441644,2.4837063308370264,2.5282273660515457
2024-04-24,510300.SSE,2.8648188447939114,2.904177105419334,2.8304410186563844,2.8697402227463775
2024-04-24,510500.SSE,3.805950196449062,3.851621598806451,3.757944022051637,3.8035870668538836
2024-04-24,511010.SSE,101.15342831531511,102.45659405108907,99.93958717553133,101.2416937263726
2024-04-24,511260.SSE,103.35320786874797,104.59344636317294,102.09315287135722,103.33315067951136
2024-04-24,513100.SSE,6.912307844629048,6.995255538764597,6.803610443369391,6.886245388025699
2024-04-24,518880.SSE,7.707349834235879,7.79983803224671,7.595378674033849,7.687630236876366
2024-04-25,159915.SZSE,2.531697017234762,2.5809693527199515,2.5013166530279447,2.5503649730434303
2024-04-25,510300.SSE,2.8679425690483717,2.9110815727163817,2.8335272582197915,2.876562818889705
2024-04-25,510500.SSE,3.81405544568854,3.8598241110368026,3.758990619238674,3.804646375747646
2024-04-25,511010.SSE,101.23933017480915,102.45420213690687,99.99923042023998,101.21379597190281
2024-04-25,511260.SSE,103.35864662705242,104.66544847767157,102.11834286752779,103.42435620323278
2024-04-25,513100.SSE,6.88228307642155,6.964870473338609,6.774266544395153,6.856545085420195
2024-04-25,518880.SSE,7.687038205790272,7.779282664259756,7.59312997293552,7.685354223618948
2024-04-26,159915.SZSE,2.550937572071412,2.603869455018469,2.520326321206555,2.5729935326269455
2024-04-26,510300.SSE,2.8751908849160452,2.9297377010638583,2.8406885942970526,2.8949977283239705
2024-04-26,510500.SSE,3.8045179126833393,3.850172127635539,3.757352738715593,3.8029886019388597
2024-04-26,511010.SSE,101.1973460806363,102.48895282283557,99.98297792766866,101.27366879726836
2024-04-26,511260.SSE,103.43340747223878,104.70287722671806,102.19220658257191,103.46134113312061
2024-04-26,513100.SSE,6.849107370063646,6.955702404760561,6.766918081622881,6.873223720119131
2024-04-26,518880.SSE,7.679715455390329,7.786248922777669,7.587558869925645,7.693921860452242
2024-04-29,159915.SZSE,2.5763940014320728,2.6175495417503,2.545477273414888,2.586511404891601
2024-04-29,510300.SSE,2.8951368170746794,2.9393462114689073,2.860395175269783,2.904492303823031
2024-04-29,510500.SSE,3.804694204908658,3.850350535367562,3.734891468070709,3.7802545223387742
2024-04-29,511010.SSE,101.28187491836077,102.4972574173811,99.98849289238784,101.20292802873263
2024-04-29,511260.SSE,103.46702998861223,104.70863434847557,102.18944742226519,103.43061479986355
2024-04-29,513100.SSE,6.8781527736935235,6.960690606977846,6.747488254048282,6.829441552680447
2024-04-29,518880.SSE,7.694298863665692,7.78663045002968,7.491603334599561,7.582594468218179
2024-04-30,159915.SZSE,2.57944692457712,2.6169828200615415,2.5484935614821946,2.585951403222867
2024-04-30,510300.SSE,2.908366634068679,2.9529305050970125,2.8734662344598547,2.917915518870566
2024-04-30,510500.SSE,3.7820169558628924,3.8404095703723926,3.736632752392538,3.794871116968767
2024-04-30,511010.SSE,101.21653702385503,102.43113546814129,99.95237362579144,101.16637006659053
2024-04-30,511260.SSE,103.42532500543211,104.6664289054973,102.16091979443456,103.40174068262607
2024-04-30,513100.SSE,6.836974777474422,6.9190184748041155,6.736442995458255,6.81826214115208
2024-04-30,518880.SSE,7.581448682342723,7.672426066530836,7.457490829152232,7.548067640842341
2024-05-01,159915.SZSE,2.5907541620810326,2.6357958672374,2.5596651121360603,2.6045413707879446
2024-05-01,510300.SSE,2.917983731310162,2.962826016927449,2.88296792653444,2.927693692616056
2024-05-01,510500.SSE,3.7932439922457104,3.8539891713621954,3.747725064338762,3.8082896950219323
2024-05-01,511010.SSE,101.19127369270586,102.40556897701833,99.9458313544087,101.15974833442176
2024-05-01,511260.SSE,103.41312709771027,104.77500890772794,102.17216957253775,103.53261749775487
2024-05-01,513100.SSE,6.82554665946663,6.90745321938023,6.723261777454224,6.8049208273828174
2024-05-01,518880.SSE,7.546714372908741,7.637274945383646,7.453605466252281,7.544135087299879
2024-05-02,159915.SZSE,2.605681295876121,2.6416278722929443,2.5744131203256075,2.6103042216333443
2024-05-02,510300.SSE,2.923600800612025,2.958684010219369,2.8787505560240825,2.913715137676197
2024-05-02,510500.SSE,3.805058453365683,3.8507191548060713,3.743040290388473,3.7885023182069566
2024-05-02,511010.SSE,101.16601651543819,102.41001419086919,99.95202431725293,101.19566619651106
2024-05-02,511260.SSE,103.53235054333717,104.81146378759183,102.28996233681713,103.56864010631604
2024-05-02,513100.SSE,6.806626829817316,6.888306351775124,6.655083543319649,6.735914517530009
2024-05-02,518880.SSE,7.540504526302137,7.630990580617763,7.4060254651758015,7.495977191473483
2024-05-03,159915.SZSE,2.613588701863125,2.655148147762633,2.5822256374407675,2.6236641776310603
2024-05-03,510300.SSE,2.9155645441296723,2.9602915440715103,2.8805777696001162,2.925189272797935
2024-05-03,510500.SSE,3.797891566323063,3.846699401410286,3.752316867527186,3.801086365029927
2024-05-03,511010.SSE,101.21126123457243,102.4257963693873,99.90744682198266,101.12089759309985
2024-05-03,511260.SSE,103.56226714931532,104.8050143551071,102.30793726779201,103.55054379331176
2024-05-03,513100.SSE,6.736951592642251,6.817795011753958,6.642204020991081,6.722878563756155
2024-05-03,518880.SSE,7.484573699011547,7.576872716839104,7.394758814623408,7.4870283763232255
2024-05-06,159915.SZSE,2.619932865099443,2.677422806860069,2.58849367071825,2.6456747103360363
2024-05-06,510300.SSE,2.9235346064362213,2.97757929631096,2.8884521911589864,2.942272031927826
2024-05-06,510500.SSE,3.80553778702021,3.8512042404644524,3.7464833771167987,3.791987223802428
2024-05-06,511010.SSE,101.11588979334702,102.32928047086719,99.84496735636465,101.05765926757556
2024-05-06,511260.SSE,103.56255643572638,104.80530711295509,102.29495940659284,103.53740830626806
2024-05-06,513100.SSE,6.727012237485287,6.807736384335111,6.594071501578178,6.674161438844309
2024-05-06,518880.SSE,7.487681470728424,7.577533648377165,7.396871865363484,7.486712414335511
2024-05-07,159915.SZSE,2.6431116812774493,2.7067276553579913,2.61139434110212,2.674632070511849
2024-05-07,510300.SSE,2.948759757715722,2.984144874808311,2.9106992725827694,2.94605189532669
2024-05-07,510500.SSE,3.795625205728987,3.841172708197735,3.7346491001689084,3.780009210697276
2024-05-07,511010.SSE,101.04960399395955,102.26219924188706,99.75903314990072,100.97068132581045
2024-05-07,511260.SSE,103.53492391956553,104.77785373562216,102.29250483253074,103.53542859251202
2024-05-07,513100.SSE,6.676527123567946,6.756645449050762,6.57598009411793,6.655850297690212
2024-05-07,518880.SSE,7.4797043894110065,7.569460842083939,7.383361354733233,7.473037808434446
2024-05-08,159915.SZSE,2.6750874957302115,2.734205930960033,2.642986445781449,2.701784516758926
2024-05-08,510300.SSE,2.9460480467769035,2.998627024103364,2.9106954702155807,2.9630701819203202
2024-05-08,510500.SSE,3.782551506770035,3.837271088515996,3.7371608886887944,3.791769850312249
2024-05-08,511010.SSE,100.97865280271846,102.19039663635108,99.69381411024723,100.9046701520721
2024-05-08,511260.SSE,103.52165352004613,104.7711301752552,102.27939367780557,103.5287847581573
2024-05-08,513100.SSE,6.660055339461459,6.739976003534997,6.532277200089964,6.61161659928134
2024-05-08,518880.SSE,7.464147318792061,7.573713054633583,7.374577550966556,7.483906180467967
2024-05-09,159915.SZSE,2.7017308124694703,2.7613638458267924,2.669310042719837,2.728620401014617
2024-05-09,510300.SSE,2.955353918318271,3.024322651893016,2.9198896712984515,2.98846111847136
2024-05-09,510500.SSE,3.7873340402223024,3.83278204870497,3.72904529223467,3.774337340318492
2024-05-09,511010.SSE,100.89817087509984,102.10894892560104,99.664870410568,100.87537490948178
2024-05-09,511260.SSE,103.53913516504107,104.78160478702156,102.25940699794384,103.5014240869877
2024-05-09,513100.SSE,6.6131903471432905,6.69254863130901,6.525440820038852,6.604697186274142
2024-05-09,518880.SSE,7.481804871296833,7.587156095521481,7.392023212841271,7.497189817708973
2024-05-10,159915.SZSE,2.729521667671408,2.7751788096546774,2.696767407659351,2.7422715510421716
2024-05-10,510300.SSE,2.9897073447903835,3.0432335909510027,2.953830856652899,3.0071478171452597
2024-05-10,510500.SSE,3.7799670028706704,3.839205518437619,3.7346073988362223,3.7936813423296627
2024-05-10,511010.SSE,100.87990071389926,102.09045952246605,99.60042618439299,100.81014795991193
2024-05-10,511260.SSE,103.50032032512667,104.7799468822534,102.25831648122515,103.53749691922272
2024-05-10,513100.SSE,6.611194433899642,6.6905287671064375,6.481493108431253,6.560215696792766
2024-05-10,518880.SSE,7.503612893284464,7.593656248003877,7.390317528791367,7.480078470436606
2024-05-13,159915.SZSE,2.7457434546072625,2.790153299016019,2.712794533151975,2.7570684772885565
2024-05-13,510300.SSE,3.0139778703850975,3.050145604829719,2.9538302520951434,2.9897067328898213
2024-05-13,510500.SSE,3.789951504327429,3.839920030367637,3.7444720862754997,3.7943873817862026
2024-05-13,511010.SSE,100.79231971295464,102.0018275495101,99.56696734603968,100.77628273890656
2024-05-13,511260.SSE,103.54593401610585,104.85578903269861,102.30338280791257,103.61243975563103
2024-05-13,513100.SSE,6.547773537456929,6.626346819906412,6.46216063258748,6.540648413550081
2024-05-13,518880.SSE,7.481698450035983,7.571478831436416,7.36400498749469,7.453446343618108
2024-05-14,159915.SZSE,2.7513963477843344,2.8086184659305893,2.7183795916109226,2.7753146896547323
2024-05-14,510300.SSE,2.9952085852003902,3.0311510882227948,2.9554364083180813,2.9913323970830783
2024-05-14,510500.SSE,3.795641638869279,3.841978971934586,3.7500939392028476,3.7964219090262707
2024-05-14,511010.SSE,100.76147596667161,101.97061367827168,99.47027978925892,100.6784208393309
2024-05-14,511260.SSE,103.60460246418224,104.84785769375242,102.30188171043045,103.54441468667049
2024-05-14,513100.SSE,6.539646774332765,6.618122535624758,6.455666564133871,6.534075469771125
2024-05-14,518880.SSE,7.4488291277222025,7.538215077254869,7.270018621177255,7.3583184424871
2024-05-15,159915.SZSE,2.77846957825555,2.8202491679418378,2.7451279433164832,2.786807478203397
2024-05-15,510300.SSE,2.9977290516688058,3.063035497512793,2.96175630304878,3.026714918490902
2024-05-15,510500.SSE,3.7891677301068474,3.853352876212133,3.7436977173455652,3.8076609448736494
2024-05-15,511010.SSE,100.68908340474755,101.89735240560452,99.42424989141905,100.63183187390592
2024-05-15,511260.SSE,103.52355049605615,104.76583310200883,102.24503709104259,103.48687964680424
2024-05-15,513100.SSE,6.523534797285502,6.614092408114041,6.4452523797180765,6.535664434895297
2024-05-15,518880.SSE,7.353415239559858,7.441656222434577,7.24127134357814,7.329222007670182
2024-05-16,159915.SZSE,2.786834405103522,2.827446426198121,2.75339239224228,2.793919393476404
2024-05-16,510300.SSE,3.0231161157721256,3.069074311254133,2.98683872238286,3.032682125745191
2024-05-16,510500.SSE,3.7986056811559,3.862596290741918,3.753022412982029,3.8167947536975473
2024-05-16,511010.SSE,100.64670451392946,101.88725271099489,99.4389440597623,100.67910346936253
2024-05-16,511260.SSE,103.51681020596298,104.75901192843455,102.20290877306024,103.4442396488464
2024-05-16,513100.SSE,6.537774612271114,6.616227907618367,6.412631430838757,6.490517642549349
2024-05-16,518880.SSE,7.334660710566804,7.422676639093606,7.177067189745387,7.264238046300998
2024-05-17,159915.SZSE,2.793255230654255,2.8432312347439264,2.759736167886404,2.8095170303793737
2024-05-17,510300.SSE,3.03591115655034,3.072342090428944,2.989916702142148,3.0262314799009595
2024-05-17,510500.SSE,3.8182123444429847,3.8640308925763005,3.7654397050429433,3.811173790529295
2024-05-17,511010.SSE,100.6625656645454,101.90666650220567,99.45461487657086,100.69828705751549
2024-05-17,511260.SSE,103.47090775936886,104.71255865248128,102.17514599613426,103.41613967220067
2024-05-17,513100.SSE,6.502962698095845,6.580998250472995,6.39153673648216,6.469166737330122
2024-05-17,518880.SSE,7.243954215899256,7.332889486536329,7.157026765308465,7.2459382278026965
2024-05-20,159915.SZSE,2.804699188806677,2.849482659267766,2.7710427985409964,2.8156943273396893
2024-05-20,510300.SSE,3.023683476805589,3.090834059997067,2.987399275083922,3.0541838537520425
2024-05-20,510500.SSE,3.8075779337080378,3.8728282533668934,3.7618869985035412,3.826905388702464
2024-05-20,511010.SSE,100.70954263857396,101.91805715023685,99.49851574302691,100.70699973990578
2024-05-20,511260.SSE,103.43137373230824,104.75639627268839,102.19019724752054,103.51422556589762
2024-05-20,513100.SSE,6.4655896375805835,6.54317671323155,6.374473435048793,6.451896189320641
2024-05-20,518880.SSE,7.25268196439393,7.339714147966657,7.1393265544452,7.2260390227178135
2024-05-21,159915.SZSE,2.8173473155156974,2.851155483301886,2.782497698823849,2.8162932174330453
2024-05-21,510300.SSE,3.0549831495630464,3.1082233719471803,3.0183233517682897,3.0713669683272533
2024-05-21,510500.SSE,3.818034603765133,3.883837210253461,3.7722181885199513,3.8377838045982817
2024-05-21,511010.SSE,100.6980584349767,101.90643513619642,99.4569411254427,100.66492016745212
2024-05-21,511260.SSE,103.50753512832476,104.81280844205023,102.26544470678486,103.56996881625517
2024-05-21,513100.SSE,6.452854113463511,6.547560231297639,6.375419864101949,6.46992117717158
2024-05-21,518880.SSE,7.210257617883214,7.311396691483889,7.123734526468616,7.224700288027559
2024-05-22,159915.SZSE,2.8083724021671697,2.8551263868353063,2.7746719333411636,2.821271133236469
2024-05-22,510300.SSE,3.066809032303631,3.140114074183067,3.0300073239159873,3.102879519943742
2024-05-22,510500.SSE,3.840205100881414,3.886287562091991,3.7878384856730607,3.8338446211265795
2024-05-22,511010.SSE,100.6651970832071,101.87317944820559,99.3991775203887,100.60645498015052
2024-05-22,511260.SSE,103.56478495880418,104.8769114992548,102.32200753929853,103.63331175815692
2024-05-22,513100.SSE,6.475633842027867,6.553341448132202,6.347588977179553,6.424685199574447
2024-05-22,518880.SSE,7.212779918600867,7.3335993145603116,7.126226559577656,7.246639638893589
2024-05-23,159915.SZSE,2.8234061185078136,2.8627636687237867,2.78952524508572,2.8288178544701448
2024-05-23,510300.SSE,3.100547450061107,3.1554270117395293,3.0633408806603737,3.1180108811655427
2024-05-23,510500.SSE,3.84333909520358,3.889459164346023,3.7896884720704174,3.83571707699435
2024-05-23,511010.SSE,100.6302167448945,101.83777934583323,99.32894894214473,100.53537342322342
2024-05-23,511260.SSE,103.6571903705818,104.90107665502879,102.35705045759039,103.60025349958542
2024-05-23,513100.SSE,6.409205331391192,6.486115795367886,6.300584160428668,6.377109474118085
2024-05-23,518880.SSE,7.242293127243003,7.329200644769919,7.128319379539763,7.21489815742891
2024-05-24,159915.SZSE,2.823897759905832,2.866443828003564,2.790010986786962,2.832454375497593
2024-05-24,510300.SSE,3.1155518826578503,3.1764262667728858,3.078165260065956,3.138761133174788
2024-05-24,510500.SSE,3.841940406800477,3.9098603831065053,3.795837121918871,3.863498402279155
2024-05-24,511010.SSE,100.54890450548551,101.75549135955134,99.32851753890074,100.5349367802639
2024-05-24,511260.SSE,103.59414419946039,104.83727392985391,102.3389032519528,103.58188588254332
2024-05-24,513100.SSE,6.373226175300329,6.497369268818912,6.296747461196725,6.420325364445565
2024-05-24,518880.SSE,7.2331880630826095,7.336871164258767,7.146389806325618,7.249872691955304
2024-05-27,159915.SZSE,2.8326310342880063,2.8781921409869375,2.7986394618765504,2.844063380421875
2024-05-27,510300.SSE,3.142053267256771,3.2026637625166527,3.10434862804969,3.164687512368234
2024-05-27,510500.SSE,3.862338737910886,3.9505468315723467,3.815990673055955,3.903702402739473
2024-05-27,511010.SSE,100.54827315474843,101.81397680240052,99.34169387689144,100.6066964450598
2024-05-27,511260.SSE,103.57096623363238,104.81381782843597,102.28779602042046,103.53015791540533
2024-05-27,513100.SSE,6.423056305750876,6.5001329814198865,6.330455354874757,6.4073434765938835
2024-05-27,518880.SSE,7.264074506768583,7.351243400849806,7.160233233027294,7.247199628570136
2024-05-28,159915.SZSE,2.843667996893606,2.8847308924366586,2.8095439809308824,2.8505245972694255
2024-05-28,510300.SSE,3.1676452571142293,3.224239312798573,3.1296335140288587,3.1860072260855463
2024-05-28,510500.SSE,3.9037426872998386,3.9683405102432343,3.8568977750522406,3.9212850891731565
2024-05-28,511010.SSE,100.63870771871912,101.85265125597577,99.43104322609449,100.64491230827646
2024-05-28,511260.SSE,103.56246841481682,104.80521803579462,102.31488105949232,103.55757192256308
2024-05-28,513100.SSE,6.385724318050399,6.462353009867004,6.265667251112017,6.341768472785443
2024-05-28,518880.SSE,7.253175491760058,7.340213597661179,7.100345147316321,7.186584157202754
2024-05-29,159915.SZSE,2.854416682097253,2.88866968228242,2.811282269259314,2.845427398035743
2024-05-29,510300.SSE,3.187036333522626,3.2635695530300395,3.1487918975203546,3.224871099832055
2024-05-29,510500.SSE,3.9253483003834946,3.9724524799880965,3.86604886464944,3.9130049237342512
2024-05-29,511010.SSE,100.63310602171417,101.87674327214853,99.4255087494536,100.66871864836811
2024-05-29,511260.SSE,103.5567490283421,104.81184242936177,102.31406804000198,103.56901425826263
2024-05-29,513100.SSE,6.334545447093432,6.410559992458553,6.2298769878622045,6.305543509981988
2024-05-29,518880.SSE,7.189574154470171,7.275849044323813,7.059052216640442,7.144789692955913
2024-05-30,159915.SZSE,2.844834384474272,2.888484481515065,2.8106963718605806,2.854233677386428
2024-05-30,510300.SSE,3.2197943425722237,3.292231405643078,3.1811568104613572,3.2531930885801166
2024-05-30,510500.SSE,3.918130986270655,3.980433484451389,3.871113414435407,3.933234668430226
2024-05-30,511010.SSE,100.65217887883739,101.86000502538344,99.43300387964769,100.64069218587822
2024-05-30,511260.SSE,103.59954443524704,104.88268125705015,102.35634990202408,103.63901309985192
2024-05-30,513100.SSE,6.313647138576533,6.389410904239451,6.155109346821058,6.229867759940341
2024-05-30,518880.SSE,7.129283370510567,7.214834770956694,7.031613164605003,7.117017373081986
2024-05-31,159915.SZSE,2.851923173800661,2.8949364952638543,2.817700095715053,2.860609185043334
2024-05-31,510300.SSE,3.2520105097789904,3.2939933578817686,3.2129863836616424,3.2549341481045144
2024-05-31,510500.SSE,3.9316585765945806,4.009754542428474,3.8844786736754457,3.9622080458779383
2024-05-31,511010.SSE,100.6285804338869,101.86982711572114,99.42103746868025,100.66188450170073
2024-05-31,511260.SSE,103.61486125484818,104.88622607459175,102.37148291979,103.64251588398393
2024-05-31,513100.SSE,6.237161987888379,6.3120079317430395,6.150872336727524,6.225579288185753
2024-05-31,518880.SSE,7.118319084439816,7.2045977599945905,7.032899255426538,7.119167747030228
2024-06-03,159915.SZSE,2.8589189602053318,2.8932259877277957,2.8129627953968863,2.84712833542195
2024-06-03,510300.SSE,3.252102060883806,3.3156996702487955,3.2130768361532,3.276383073368375
2024-06-03,510500.SSE,3.9623660381180814,4.0340730788714705,3.9148176456606643,3.9862382202287256
2024-06-03,511010.SSE,100.65761483298037,101.86550621097614,99.44494511720123,100.6527784587057
2024-06-03,511260.SSE,103.65146726800849,104.89528487522459,102.3925566653413,103.63619095682319
2024-06-03,513100.SSE,6.228298621019204,6.303038204471434,6.153253294974038,6.22798916495348
2024-06-03,518880.SSE,7.114607541373655,7.199982831870138,6.991432448272072,7.076348631854325
2024-06-04,159915.SZSE,2.8513595470806177,2.8984060377543535,2.81714323251565,2.864037586713788
2024-06-04,510300.SSE,3.27970904980365,3.3507213445029675,3.2403525412060064,3.3109894708527348
2024-06-04,510500.SSE,3.9876365080205742,4.066364903612102,3.939784869924327,4.018147137956622
2024-06-04,511010.SSE,100.61328753093649,101.8795192521142,99.40592808056525,100.6714617115753
2024-06-04,511260.SSE,103.67197031692541,104.91603396072851,102.42427143156819,103.66829092263987
2024-06-04,513100.SSE,6.234402501688544,6.309215331708807,6.128876474764042,6.203316270004091
2024-06-04,518880.SSE,7.069609633016842,7.154444948613045,6.976601452680119,7.061337502712671
2024-06-05,159915.SZSE,2.8658301178875183,2.9002200793021684,2.824725074271863,2.859033475983667
2024-06-05,510300.SSE,3.3155437174026456,3.384629662180753,3.275757192793814,3.3444957136173445
2024-06-05,510500.SSE,4.020744459689625,4.091086899801178,3.9724955261733492,4.0425759879458285
2024-06-05,511010.SSE,100.66798142110345,102.00535491190051,99.4599656440502,100.79580524891355
2024-06-05,511260.SSE,103.66880495872303,104.9751862864341,102.42477929921836,103.73042123165425
2024-06-05,513100.SSE,6.2048732182211666,6.2793316968398205,6.111116141836359,6.185340224530727
2024-06-05,518880.SSE,7.062612920890667,7.147364275941356,6.961603981710596,7.046157876225299
2024-06-06,159915.SZSE,2.8577474814266215,2.892040451203741,2.8075293034981352,2.841628849694469
2024-06-06,510300.SSE,3.3486201779348033,3.3990479060395358,3.3084367357995856,3.358742990157644
2024-06-06,510500.SSE,4.04194840309799,4.110121191998315,3.9934450222608144,4.061384577073434
2024-06-06,511010.SSE,100.78665725649118,101.99609714356907,99.52030663967166,100.7290553033114
2024-06-06,511260.SSE,103.7258571158689,104.97056740125933,102.4262134712309,103.67025654982884
2024-06-06,513100.SSE,6.189349380816783,6.272436269409236,6.115077188246982,6.198059554752209
2024-06-06,518880.SSE,7.0422861722343235,7.126793606301136,6.939967969032178,7.024259077967792
2024-06-07,159915.SZSE,2.84084508267236,2.874935223664428,2.7946139506244485,2.828556630186689
2024-06-07,510300.SSE,3.3557849409156475,3.431037161022602,3.31551552162466,3.390352925911662
2024-06-07,510500.SSE,4.060815619173744,4.120559899438664,4.012085831743659,4.071699505374174
2024-06-07,511010.SSE,100.74221405956045,101.95112062827518,99.52630494577008,100.73512646333005
2024-06-07,511260.SSE,103.65008165635106,104.96478805355878,102.40628067647485,103.72014629798298
2024-06-07,513100.SSE,6.195777461082526,6.270126790615516,6.077607380664944,6.151424474357231
2024-06-07,518880.SSE,7.0313865744141495,7.115772050126072,6.947009935521179,7.031395306448688
2024-06-10,159915.SZSE,2.8233896978246427,2.8572703741985386,2.7871129728758826,2.820964547445225
2024-06-10,510300.SSE,3.379534242544155,3.467410052558655,3.338979831633625,3.4262945183385916
2024-06-10,510500.SSE,4.0782594237672045,4.127198536852411,4.023881922619942,4.072754982408848
2024-06-10,511010.SSE,100.74104347221952,102.05331996600057,99.53215095055288,100.84320154743139
2024-06-10,511260.SSE,103.73885811564116,105.00582218096207,102.49399181825346,103.76069385470561
2024-06-10,513100.SSE,6.152255678977517,6.226082747125248,6.054409452448509,6.12794478992764
2024-06-10,518880.SSE,7.015532020567075,7.134413730243235,6.93134563632027,7.049815938975529
2024-06-11,159915.SZSE,2.822243354486635,2.8561102747404745,2.7808394893072963,2.8146148677199356
2024-06-11,510300.SSE,3.419238639684122,3.513244137671984,3.3782077760079128,3.471585116276664
2024-06-11,510500.SSE,4.078506134246302,4.142913787017759,4.029564060635346,4.093788327092647
2024-06-11,511010.SSE,100.83310602428487,102.04310329657629,99.56666983422623,100.77598161358931
2024-06-11,511260.SSE,103.74737653869184,104.99234505715614,102.46133148878866,103.70580110201281
2024-06-11,513100.SSE,6.123425471280676,6.196906576936044,6.0366722891181,6.109992195463664
2024-06-11,518880.SSE,7.050432918813117,7.145024922543136,6.96582772378736,7.060301306860807
2024-06-12,159915.SZSE,2.808842058513415,2.842548163215576,2.7646803018893973,2.798259414867811
2024-06-12,510300.SSE,3.477347742701363,3.5190759156137794,3.4271964836584745,3.4688223518810473
2024-06-12,510500.SSE,4.09606911634777,4.153479141855513,4.046916286951596,4.104228401042997
2024-06-12,511010.SSE,100.78589108131533,101.99532177429111,99.51306228569045,100.72172296122515
2024-06-12,511260.SSE,103.70416241535916,104.94861236434348,102.32560270938069,103.56842379491972
2024-06-12,513100.SSE,6.119005355752805,6.192433420021838,5.995633376391139,6.068454834403988
2024-06-12,518880.SSE,7.053063879074736,7.137700645623633,6.934961257971949,7.01919155665177
2024-06-13,159915.SZSE,2.8007148333241205,2.83432341132401,2.75919481505863,2.792707302690921
2024-06-13,510300.SSE,3.4671988694590268,3.525332192987519,3.425592483025518,3.483529834967904
2024-06-13,510500.SSE,4.112468213591825,4.187927231296618,4.0631185950287225,4.1382680151152345
2024-06-13,511010.SSE,100.73386507662903,101.94267145754858,99.523101876854,100.73188449074291
2024-06-13,511260.SSE,103.54711674441353,104.8353663766247,102.30455134348057,103.59225926543944
2024-06-13,513100.SSE,6.079236835067991,6.152187677088807,5.990960052189025,6.063724749179175
2024-06-13,518880.SSE,7.015837827026596,7.131418346225078,6.931647773102276,7.046856073344939
2024-06-14,159915.SZSE,2.793126403672378,2.826643920516447,2.7554152727520225,2.7888818550121686
2024-06-14,510300.SSE,3.480480137154906,3.5334497132679026,3.438714375509047,3.4915511000670976
2024-06-14,510500.SSE,4.1364026834820775,4.186039515683863,4.085447846912033,4.135068670963596
2024-06-14,511010.SSE,100.71898247278934,101.93338841425516,99.51035468311586,100.72469210894779
2024-06-14,511260.SSE,103.61914312474357,104.90842960140544,102.37571340724665,103.66445612787099
2024-06-14,513100.SSE,6.0734945912631755,6.146376526358334,5.951915497684048,6.0242059693158385
2024-06-14,518880.SSE,7.04936095338919,7.13395328482986,6.910654906818832,6.994589986658736
2024-06-17,159915.SZSE,2.7966590932466633,2.8302190023656233,2.750130464963025,2.7835328592743167
2024-06-17,510300.SSE,3.498248853675638,3.5411038758954496,3.4562698674315304,3.499114501872974
2024-06-17,510500.SSE,4.142905712658081,4.213704469128702,4.093190844106184,4.163739594000694
2024-06-17,511010.SSE,100.71641582959872,101.9250128195539,99.45007981686555,100.65797552314328
2024-06-17,511260.SSE,103.68441147459185,105.0034234402308,102.44019853689674,103.75832355754032
2024-06-17,513100.SSE,6.021338365597028,6.093594425984192,5.948498242671992,6.020747209182178
2024-06-17,518880.SSE,6.9854782978240575,7.069304037397946,6.864030517490444,6.947399309200854
2024-06-18,159915.SZSE,2.779962510313331,2.8146853267140113,2.746602960189571,2.7813096113774813
2024-06-18,510300.SSE,3.5042830781599466,3.5482896418442498,3.4622316812220273,3.5062150611109186
2024-06-18,510500.SSE,4.166375803391572,4.27029823985944,4.116379293750874,4.2196622923512255
2024-06-18,511010.SSE,100.62064902012048,101.93005290757915,99.41320123187903,100.72139615373435
2024-06-18,511260.SSE,103.75777736220655,105.04985830318087,102.51268403386007,103.80420780946726
2024-06-18,513100.SSE,6.01405143074121,6.091227718708508,5.941882813572316,6.01899972204398
2024-06-18,518880.SSE,6.948730587362409,7.032115354410758,6.832306738148238,6.915290220797812
2024-06-19,159915.SZSE,2.780976507088945,2.814348225174012,2.7364399834701225,2.7696760966296785
2024-06-19,510300.SSE,3.5063150720937677,3.548390852958893,3.4358193071636385,3.4775499060360713
2024-06-19,510500.SSE,4.235796120888921,4.286625674339588,4.181461691962674,4.2322486760755815
2024-06-19,511010.SSE,100.70308901846515,101.95084091156001,99.49465195024356,100.74193765964428
2024-06-19,511260.SSE,103.78424214381602,105.13224817731839,102.53883123809022,103.88562072857547
2024-06-19,513100.SSE,6.027973526443405,6.100309208760725,5.939499662154808,6.011639334164785
2024-06-19,518880.SSE,6.913577322606597,6.996540250477876,6.806668186884526,6.889340270126039
2024-06-20,159915.SZSE,2.7754929832870108,2.808798899086455,2.7275247786245242,2.7606526099438504
2024-06-20,510300.SSE,3.476359731874426,3.519856522199036,3.4346434150919327,3.4781190930820514
2024-06-20,510500.SSE,4.2263647432415175,4.2956758279681955,4.175648366322619,4.244738960442881
2024-06-20,511010.SSE,100.72947212723832,101.96974417237246,99.52071846171147,100.76061677111903
2024-06-20,511260.SSE,103.91221724210996,105.15916384901529,102.62278244077234,103.86921299673314
2024-06-20,513100.SSE,6.015455281012748,6.087640744384902,5.9281928240752215,6.000195166068038
2024-06-20,518880.SSE,6.884032806604931,6.978471176377231,6.801424412925671,6.895722506301611
2024-06-21,159915.SZSE,2.764492459673922,2.797666369190009,2.691168439111429,2.723854695456912
2024-06-21,510300.SSE,3.4775830933444825,3.5281553048281626,3.4358520962243486,3.486319471174074
2024-06-21,510500.SSE,4.241326560390346,4.312261460972585,4.190430641665661,4.261127925862238
2024-06-21,511010.SSE,100.76186228376666,101.97100463117187,99.49618318129309,100.70463884746265
2024-06-21,511260.SSE,103.86287834982264,105.14599060311556,102.61652380962477,103.89920020070707
2024-06-21,513100.SSE,6.00249577221397,6.074525721480538,5.915264359708834,5.987109675818658
2024-06-21,518880.SSE,6.891937785141894,6.974641038563597,6.774125142836238,6.856401966433439
2024-06-24,159915.SZSE,2.7216431498628877,2.7543028676612424,2.6736340756888497,2.7061073640575404
2024-06-24,510300.SSE,3.4872435493881135,3.529090471980771,3.4448077311850676,3.486647501199461
2024-06-24,510500.SSE,4.263210410877134,4.359406299385091,4.212051885946608,4.307713734570248
2024-06-24,511010.SSE,100.68877269391145,101.91879719141812,99.4805074215845,100.71027390456337
2024-06-24,511260.SSE,103.88006364674237,105.12662441050328,102.623666479186,103.87010777245547
2024-06-24,513100.SSE,5.982685415725007,6.054477640713707,5.874713693609628,5.946066491507721
2024-06-24,518880.SSE,6.855165796344944,6.937427785901083,6.7456131669083295,6.827543691202763
2024-06-25,159915.SZSE,2.7068145496707694,2.7392963242668187,2.6428352740707615,2.674934487925872
2024-06-25,510300.SSE,3.4931621808527855,3.5634426085885273,3.451244234682552,3.5211883484076356
2024-06-25,510500.SSE,4.3097105629228025,4.366684836730703,4.257994036167728,4.314905965148916
2024-06-25,511010.SSE,100.70165595826833,101.91007582976755,99.47830302810625,100.68654152642334
2024-06-25,511260.SSE,103.83960702019122,105.10499473191987,102.59353173594893,103.85869044656114
2024-06-25,513100.SSE,5.9490200877249135,6.026515012284879,5.877631846672214,5.955054359965295
2024-06-25,518880.SSE,6.821430252955466,6.903287415990931,6.733953590738658,6.815742500747629
2024-06-26,159915.SZSE,2.674940727438482,2.707040016167744,2.6325790293307536,2.664553673411694
2024-06-26,510300.SSE,3.522924294778395,3.5741829260316442,3.4806492032410543,3.531801310307949
2024-06-26,510500.SSE,4.324734252107554,4.393247166670463,4.272837441082263,4.3411533267494695
2024-06-26,511010.SSE,100.6659812411647,101.90141015164022,99.45798946627072,100.69309303521761
2024-06-26,511260.SSE,103.84750953299987,105.09367964739586,102.59458682152143,103.84067492056825
2024-06-26,513100.SSE,5.947519093242315,6.019610004821149,5.876148864123407,5.948231230060424
2024-06-26,518880.SSE,6.81579891411759,6.906015816526727,6.734009327148178,6.824126300915738
2024-06-27,159915.SZSE,2.665430318555253,2.697415482377916,2.620827769442444,2.65265968567049
2024-06-27,510300.SSE,3.534794132978676,3.59913016140178,3.4923766033829318,3.5564527286578853
2024-06-27,510500.SSE,4.337769543064972,4.403136332918412,4.285716308548192,4.350925230156533
2024-06-27,511010.SSE,100.6959647407839,102.03111882236453,99.48761316389448,100.82126365846298
2024-06-27,511260.SSE,103.81550287130864,105.06128890576434,102.50226151602246,103.74722825508346
2024-06-27,513100.SSE,5.952632999033642,6.024064595022046,5.872480645624222,5.943806321482006
2024-06-27,518880.SSE,6.821911962454957,6.903774906004416,6.724419293524928,6.806092402353166
2024-06-28,159915.SZSE,2.650498311690843,2.6823042914311332,2.613094022515219,2.644832006594351
2024-06-28,510300.SSE,3.5613075687812916,3.604043259606667,3.517614845236222,3.5603389121824107
2024-06-28,510500.SSE,4.355521094027609,4.407929505009024,4.303254840899278,4.355661566214451
2024-06-28,511010.SSE,100.82841742614592,102.03835843525967,99.60906026514098,100.81888690803743
2024-06-28,511260.SSE,103.7364594914292,105.04549839295788,102.49162197753205,103.79989959778446
2024-06-28,513100.SSE,5.953375824715688,6.024816334612276,5.881923280461401,5.953363644191701
2024-06-28,518880.SSE,6.801240279732788,6.882855163089581,6.692433414630435,6.773718031002465
2024-07-01,159915.SZSE,2.6445564105842467,2.6762910875112578,2.6035758211888798,2.6351981995838862
2024-07-01,510300.SSE,3.5554837088832003,3.6093938347430097,3.5128179043766017,3.5665946983626577
2024-07-01,510500.SSE,4.36157275170709,4.415539268637552,4.309233878686605,4.363181095491652
2024-07-01,511010.SSE,100.82564813916834,102.03555591683836,99.52886350083116,100.73771609395867
2024-07-01,511260.SSE,103.81277865534445,105.05853199920858,102.49318486920804,103.73804136559518
2024-07-01,513100.SSE,5.964703004644828,6.036279440700565,5.849481698521292,5.920528034940579
2024-07-01,518880.SSE,6.786293690337722,6.867729214621774,6.635225102292685,6.715814880863041
2024-07-02,159915.SZSE,2.630289727803571,2.661853204537214,2.5922562331163417,2.6237411266359736
2024-07-02,510300.SSE,3.569737082692475,3.6182004134083274,3.5269002377001653,3.5752968511939995
2024-07-02,510500.SSE,4.366769494065246,4.457307526170101,4.3143682601364635,4.404454077243183
2024-07-02,511010.SSE,100.73792363287187,101.97307358694904,99.52906854927741,100.76390670647139
2024-07-02,511260.SSE,103.7315510223471,104.97632963461527,102.46310808052121,103.7075992717826
2024-07-02,513100.SSE,5.925424034152924,6.019684736760524,5.854318945743088,5.94830507585032
2024-07-02,518880.SSE,6.719069122578771,6.7996979520497165,6.615769217942541,6.696122690225244
2024-07-03,159915.SZSE,2.6241547763573,2.655644633673588,2.5728059842347717,2.6040546399137368
2024-07-03,510300.SSE,3.5740683631015426,3.637700870902429,3.531179542744324,3.594566077966827
2024-07-03,510500.SSE,4.39951873612047,4.50357069072251,4.346724511287024,4.450168666721848
2024-07-03,511010.SSE,100.73802927392346,101.94688562521054,99.49628672457845,100.70474364835876
2024-07-03,511260.SSE,103.71374747180961,104.95831244147132,102.40545924423114,103.64925024719751
2024-07-03,513100.SSE,5.938722003502066,6.046853183322417,5.8674573394600404,5.975151366919385
2024-07-03,518880.SSE,6.693133554853652,6.794517455956874,6.612815952195408,6.7139500552933535
2024-07-04,159915.SZSE,2.605422190373939,2.6366872566584263,2.5650218701694065,2.5961759819528405
2024-07-04,510300.SSE,3.5840299008672694,3.6437123317487723,3.5410215420568623,3.6005062566687474
2024-07-04,510500.SSE,4.4574835634966155,4.533634092235886,4.403993760734656,4.479875585213326
2024-07-04,511010.SSE,100.69433880677862,101.90267087245996,99.46055949452759,100.66858248433967
2024-07-04,511260.SSE,103.63675548451417,104.9012330571359,102.3931144187,103.65734491811847
2024-07-04,513100.SSE,5.976527115576627,6.067005015874706,5.9048087901897075,5.99506424493548
2024-07-04,518880.SSE,6.715092668765686,6.7956737807908745,6.633907088349684,6.714480858653526
2024-07-05,159915.SZSE,2.595487249038676,2.62663309602714,2.5488281276995717,2.579785554351793
2024-07-05,510300.SSE,3.5915777763157344,3.655517937213948,3.5484788429999456,3.61217187471734
2024-07-05,510500.SSE,4.486305288094827,4.551777449488238,4.432469624637689,4.497803803842133
2024-07-05,511010.SSE,100.66174888540004,101.86968987202485,99.43681284557051,100.64454741454506
2024-07-05,511260.SSE,103.6584707996312,105.01719738907998,102.41456915003563,103.77193417893278
2024-07-05,513100.SSE,6.010048390687067,6.082168971375312,5.909390495275602,5.981164468902431
2024-07-05,518880.SSE,6.706442016528551,6.786919320726894,6.617801091475978,6.698179242384593
2024-07-08,159915.SZSE,2.5749292318766246,2.605828382659144,2.5356126157156296,2.566409530076548
2024-07-08,510300.SSE,3.607883870107355,3.662304172079257,3.5645892636660665,3.6188776403945226
2024-07-08,510500.SSE,4.5009511869912275,4.612662760293491,4.446939772747332,4.557967154440208
2024-07-08,511010.SSE,100.63778272952088,101.84941468295936,99.43012933676663,100.64171411359621
2024-07-08,511260.SSE,103.8051620965558,105.1415847566719,102.55950015139713,103.89484659750188
2024-07-08,513100.SSE,5.975106345432993,6.046807621578188,5.867640416239585,5.93890730388622
2024-07-08,518880.SSE,6.694766941594269,6.805157872964123,6.614429738295137,6.724464301347947
2024-07-09,159915.SZSE,2.5693710446792393,2.6002034972153902,2.533052409252037,2.5638182279878916
2024-07-09,510300.SSE,3.6211211727236754,3.6645746267963597,3.5756653716951314,3.619094505764303
2024-07-09,510500.SSE,4.55905392903577,4.629906328984337,4.50434528188734,4.575006253937092
2024-07-09,511010.SSE,100.64297182783906,101.92727916048106,99.43525616590499,100.71865529691804
2024-07-09,511260.SSE,103.88881245480181,105.13547820425943,102.5875425207919,103.83354506153026
2024-07-09,513100.SSE,5.938497265187098,6.041576457511842,5.867235298004853,5.96993721098008
2024-07-09,518880.SSE,6.721953695849581,6.802617140199776,6.633127041892473,6.7136913379478464
2024-07-10,159915.SZSE,2.5649087984630548,2.5956877040446114,2.515261565268768,2.5458113008793197
2024-07-10,510300.SSE,3.619575030940967,3.668386231106757,3.576140130569675,3.624887580145017
2024-07-10,510500.SSE,4.576213266283958,4.641503762658507,4.52129870708855,4.586466168634889
2024-07-10,511010.SSE,100.742587908232,101.97846018607916,99.5336768533332,100.76922943288454
2024-07-10,511260.SSE,103.84019805321748,105.08628042985609,102.58567869248375,103.83165859563132
2024-07-10,513100.SSE,5.979790426838215,6.051547911960274,5.906058009514811,5.977791507606084
2024-07-10,518880.SSE,6.703932749336614,6.827540264224868,6.6234855563445745,6.74658128875975
2024-07-11,159915.SZSE,2.543655866839759,2.574179737241836,2.510498898866218,2.540990788326132
2024-07-11,510300.SSE,3.625667357356441,3.6982733403522516,3.5821593490681636,3.6544202967907626
2024-07-11,510500.SSE,4.586044882429268,4.641077421018419,4.524868056516131,4.579825968133736
2024-07-11,511010.SSE,100.78286940754097,102.03193804589593,99.57347497465048,100.82207316788136
2024-07-11,511260.SSE,103.804570248313,105.05022509129276,102.55426143863315,103.79985975570156
2024-07-11,513100.SSE,5.9820970049481925,6.053882169007571,5.898997824297468,5.970645571151284
2024-07-11,518880.SSE,6.7496308459429155,6.863827151041216,6.6686352757916,6.782437896285786
2024-07-12,159915.SZSE,2.5401590874602946,2.5706409965098183,2.5010045389491387,2.531381112296699
2024-07-12,510300.SSE,3.6627475987893074,3.706700569974779,3.6019768384707973,3.6457255450109285
2024-07-12,510500.SSE,4.5832510467030385,4.67229893263361,4.528252034142602,4.616896178491709
2024-07-12,511010.SSE,100.8054806017309,102.01514636895168,99.56414379613933,100.77342489487786
2024-07-12,511260.SSE,103.82616088765697,105.09915813715395,102.58024695700509,103.85292306042881
2024-07-12,513100.SSE,5.987946746461813,6.067500989548508,5.916091385504272,5.995554337498525
2024-07-12,518880.SSE,6.778438241515361,6.859779500413546,6.69577593621575,6.777101150015941
2024-07-15,159915.SZSE,2.526953095792286,2.5572765329417932,2.479048245041507,2.5091581427545617
2024-07-15,510300.SSE,3.640331661268268,3.6910115620593307,3.5966476813330486,3.6472446265408407
2024-07-15,510500.SSE,4.617063885651763,4.7054956631626865,4.561659119023942,4.6496992718998875
2024-07-15,511010.SSE,100.7848197025886,101.99423753901966,99.55235553533781,100.76149345681965
2024-07-15,511260.SSE,103.8446635050061,105.12519445252946,102.59852754294602,103.87865064479195
2024-07-15,513100.SSE,5.990430243819649,6.062315406745484,5.9105591739351775,5.982347342039653
2024-07-15,518880.SSE,6.774291193562088,6.855582687884833,6.659134887715803,6.740015068538262
2024-07-16,159915.SZSE,2.5061582020108846,2.536232100435015,2.4752210264453636,2.5052844397220277
2024-07-16,510300.SSE,3.647127896229621,3.7041711506953843,3.6033623614748653,3.6602481726238976
2024-07-16,510500.SSE,4.645098599197159,4.764602192566278,4.589357416006793,4.708104933365887
2024-07-16,511010.SSE,100.77224700107443,102.00629428784043,99.56298003706154,100.79673348600834
2024-07-16,511260.SSE,103.89684024014551,105.14360232302725,102.61668422727003,103.86304071586035
2024-07-16,513100.SSE,5.975443422127226,6.053534364980612,5.903738101061699,5.981753325079656
2024-07-16,518880.SSE,6.735544508001618,6.877974931601151,6.654717973905598,6.796417916601928
2024-07-17,159915.SZSE,2.503713000640157,2.533757556647839,2.4710836263260894,2.5010967877794426
2024-07-17,510300.SSE,3.661548431346851,3.717737981164367,3.617609850170689,3.673654131585343
2024-07-17,510500.SSE,4.702348762264202,4.763536269921319,4.645920577117031,4.7070516501198805
2024-07-17,511010.SSE,100.78319290087367,102.0063254514731,99.57379458606319,100.79676428011176
2024-07-17,511260.SSE,103.86090842440281,105.1417078958337,102.61457752330998,103.89496827651551
2024-07-17,513100.SSE,5.990302247311438,6.078362116110872,5.918418620343701,6.0062866759988855
2024-07-17,518880.SSE,6.819921549421077,6.90176060801413,6.7319069930602895,6.81367104560758
2024-07-18,159915.SZSE,2.5046838234648066,2.534740029346384,2.4584769082362232,2.4883369516560965
2024-07-18,510300.SSE,3.6704998716048034,3.714545870064061,3.622363307766295,3.666359623245238
2024-07-18,510500.SSE,4.702923608902583,4.802514645939176,4.6464885255957515,4.745567831955708
2024-07-18,511010.SSE,100.81102577864787,102.02075808799165,99.5853881545036,100.79492728188625
2024-07-18,511260.SSE,103.90555881937402,105.15242552520651,102.63193148918828,103.87847316719461
2024-07-18,513100.SSE,5.997912597563492,6.069887548734254,5.916564552586274,5.988425660512423
2024-07-18,518880.SSE,6.8084057657611,6.890106634950234,6.7231627248177945,6.80482057167793
2024-07-19,159915.SZSE,2.486481127474302,2.5163189010039937,2.4415175572854277,2.4711716166856554
2024-07-19,510300.SSE,3.666480790620891,3.7104785601083417,3.5880968286875374,3.631676952112892
2024-07-19,510500.SSE,4.746797825556675,4.822947183342472,4.689836251649996,4.76575808630679
2024-07-19,511010.SSE,100.79223312600008,102.05431630863299,99.58272632848808,100.8441860757243
2024-07-19,511260.SSE,103.8900911079002,105.23402932364961,102.64341001460541,103.98619498384349
2024-07-19,513100.SSE,5.987051099406771,6.0709218520751795,5.91520648621389,5.998934636437925
2024-07-19,518880.SSE,6.788417235934314,6.916770321361671,6.706956229103102,6.834753281977936
2024-07-22,159915.SZSE,2.4730180636309433,2.5026942803945147,2.421892378192796,2.451308075093923
2024-07-22,510300.SSE,3.624904359324433,3.673324224729226,3.5814055070125397,3.629767020483425
2024-07-22,510500.SSE,4.765608212835407,4.850646444776409,4.708420914281382,4.793128898000404
2024-07-22,511010.SSE,100.82049125786507,102.05104467119962,99.6106453627707,100.84095323241068
2024-07-22,511260.SSE,103.97835402125067,105.27400405861762,102.73061377299565,104.02569571009646
2024-07-22,513100.SSE,5.998475209811009,6.102094312528852,5.9264935072932765,6.0297374629731735
2024-07-22,518880.SSE,6.822007517548589,6.935241838749966,6.740143427338006,6.853005769515777
2024-07-23,159915.SZSE,2.449769049761635,2.479166278358775,2.405919849503756,2.435141548080725
2024-07-23,510300.SSE,3.6357425032481423,3.6793714132871203,3.550006480393255,3.5931239680093676
2024-07-23,510500.SSE,4.794333248266247,4.851865247245442,4.72217982809177,4.779534238959282
2024-07-23,511010.SSE,100.84860403540695,102.07954264210962,99.63842078698207,100.86911328271701
2024-07-23,511260.SSE,104.04462848721771,105.32325402126618,102.7960929453711,104.07436168109307
2024-07-23,513100.SSE,6.037029737634049,6.1164026147028245,5.964585380782441,6.043876101485004
2024-07-23,518880.SSE,6.859079215338719,6.97060047417853,6.776770264754654,6.887945132587481
2024-07-24,159915.SZSE,2.435846068616604,2.4650762214400035,2.402230851912644,2.431407744850854
2024-07-24,510300.SSE,3.5902677906170104,3.6496739653183696,3.5471845771296064,3.6063971989311954
2024-07-24,510500.SSE,4.782327650722191,4.88080852304546,4.724939718913525,4.822933323167451
2024-07-24,511010.SSE,100.87276080645844,102.1933214170962,99.66228767678095,100.98154290226897
2024-07-24,511260.SSE,104.06119736952911,105.30993173796347,102.71791934269618,103.96550540758723
2024-07-24,513100.SSE,6.048208973274266,6.160718459368704,5.975630465594975,6.087666461826783
2024-07-24,518880.SSE,6.8986931578239785,6.981477475717866,6.801379201125331,6.883987045673412
2024-07-25,159915.SZSE,2.431006689458931,2.460178769732438,2.378361398548418,2.4072483790975894
2024-07-25,510300.SSE,3.6149543768815073,3.6583338294040852,3.5472622455667375,3.5903464023954834
2024-07-25,510500.SSE,4.819404833033196,4.895955433840802,4.761571975036797,4.837900626324903
2024-07-25,511010.SSE,100.97771110192411,102.1894436351472,99.7477951120113,100.95930679353371
2024-07-25,511260.SSE,103.97898600221284,105.2267338342394,102.69783450997308,103.94517662952741
2024-07-25,513100.SSE,6.0909135293606145,6.182598852461368,6.017822567008287,6.1092874036179525
2024-07-25,518880.SSE,6.878513492670911,6.963670364581593,6.79597133075886,6.881097198203155
2024-07-26,159915.SZSE,2.409701569686805,2.438617988523047,2.368674531306389,2.3974438575975596
2024-07-26,510300.SSE,3.5902103785548594,3.6332929030975176,3.5439967568811057,3.5870412519039534
2024-07-26,510500.SSE,4.846180207709056,4.904334370201564,4.784016135434933,4.84212159456977
2024-07-26,511010.SSE,100.95867658925111,102.22869483135848,99.7471724701801,101.0164968689313
2024-07-26,511260.SSE,103.93841685630075,105.29705287168404,102.69115585402514,104.0484712170791
2024-07-26,513100.SSE,6.106419749980789,6.185999609423914,6.03314271298102,6.112647835399124
2024-07-26,518880.SSE,6.891372201823862,6.9740686682457484,6.766369968512782,6.8485525997092935
2024-07-29,159915.SZSE,2.3959484473233736,2.424699828691254,2.3451632618284597,2.373647026142166
2024-07-29,510300.SSE,3.591346115311788,3.6344422686955293,3.5157772197977692,3.558478967406649
2024-07-29,510500.SSE,4.840609494279136,4.914286479090136,4.782522180347786,4.8560143074013205
2024-07-29,511010.SSE,101.00439101170353,102.25178790541267,99.79233831956309,101.03931611206785
2024-07-29,511260.SSE,104.05453322202204,105.35890069011133,102.80587882335777,104.10958566216534
2024-07-29,513100.SSE,6.121318686401675,6.194774510638495,5.992541540001521,6.065325445345669
2024-07-29,518880.SSE,6.854480451501854,6.942017907708462,6.772226686083832,6.859701489830496
2024-07-30,159915.SZSE,2.3692962868262635,2.3977278422681785,2.3284624448044013,2.356743365186641
2024-07-30,510300.SSE,3.558257684292576,3.6009567765040873,3.475650642668504,3.51786502294383
2024-07-30,510500.SSE,4.853559412551407,4.911802125502024,4.782047267848901,4.840128813612248
2024-07-30,511010.SSE,101.04959116262627,102.26218625657779,99.73458548872274,100.94593672947646
2024-07-30,511260.SSE,104.10156965410529,105.35078848995455,102.74373479091123,103.99163440375631
2024-07-30,513100.SSE,6.093880038890803,6.167006599357492,5.966346061773745,6.038811803414721
2024-07-30,518880.SSE,6.858185250767069,6.940483473776274,6.7658660483730575,6.848042559082042
2024-07-31,159915.SZSE,2.352946710886521,2.381182071417159,2.319556344429236,2.3477290935518584
2024-07-31,510300.SSE,3.517738847112458,3.5599517132778074,3.4641173350992105,3.5061916347158
2024-07-31,510500.SSE,4.842853527033851,4.900967769358258,4.77809855106362,4.836132136704069
2024-07-31,511010.SSE,100.94520570462309,102.15654817307858,99.686886739349,100.8976586430658
2024-07-31,511260.SSE,103.9925005879121,105.24041059496705,102.73345995155708,103.98123476878247
2024-07-31,513100.SSE,6.04368404411963,6.137299057198206,5.971159835590194,6.064524760077278
2024-07-31,518880.SSE,6.845962070072283,6.940307157627829,6.763810525231416,6.8580110253239415
2024-08-01,159915.SZSE,2.3462727238100674,2.3909088558967966,2.3181174511243463,2.362558158000787
2024-08-01,510300.SSE,3.503803443203302,3.5458490845217416,3.4543982209597863,3.496354474655654
2024-08-01,510500.SSE,4.825781355753563,4.899563643893032,4.76787197948452,4.841466051277699
2024-08-01,511010.SSE,100.90045773166406,102.11126322444403,99.67521972307807,100.8858499221438
2024-08-01,511260.SSE,103.9626117736502,105.210163114934,102.701218751071,103.94860197476821
2024-08-01,513100.SSE,6.0652300097468475,6.13801276986381,5.979559626362902,6.052185856642613
2024-08-01,518880.SSE,6.859458323027589,6.952646037581656,6.777144823151257,6.870203594448276
2024-08-02,159915.SZSE,2.3591178589803166,2.3874272732880804,2.315442313374414,2.343565094508516
2024-08-02,510300.SSE,3.496840424487078,3.5388025095809232,3.4343764603763707,3.4760895347938976
2024-08-02,510500.SSE,4.837002873115976,4.895046907593367,4.758580580506893,4.8163771057762075
2024-08-02,511010.SSE,100.8918551953014,102.10255745764502,99.64584613524865,100.85611957008972
2024-08-02,511260.SSE,103.95289093032558,105.29897201018679,102.70545623916168,104.0503675989988
2024-08-02,513100.SSE,6.043028731893453,6.131555400037634,5.970512387110731,6.058849209523354
2024-08-02,518880.SSE,6.877240212355108,6.95976709490337,6.789605686326181,6.872070532718807
2024-08-05,159915.SZSE,2.344686947923969,2.3781982890537017,2.3165507045488813,2.3499983093416024
2024-08-05,510300.SSE,3.477379397970426,3.519107950746071,3.422834196530218,3.4644070815083174
2024-08-05,510500.SSE,4.821893014548225,4.8970731127286955,4.764030298373647,4.839005052103454
2024-08-05,511010.SSE,100.83671359984035,102.0830287529548,99.62667303664226,100.87255805627944
2024-08-05,511260.SSE,104.05113389523238,105.33306911014691,102.80252028848959,104.08406038552066
2024-08-05,513100.SSE,6.054344746808151,6.156748866388291,5.981692609846453,6.083743939118865
2024-08-05,518880.SSE,6.875256546693496,6.957759625253818,6.781408501139384,6.863773786578324
2024-08-06,159915.SZSE,2.348721676098549,2.3769063362117318,2.3205292169308205,2.348713782318644
2024-08-06,510300.SSE,3.46123870868895,3.5304443217209878,3.4197038441846828,3.4885813455740986
2024-08-06,510500.SSE,4.829206360653165,4.930050130392239,4.771255884325327,4.871591037936994
2024-08-06,511010.SSE,100.8575244073281,102.15002551031357,99.64723411444017,100.93876038568534
2024-08-06,511260.SSE,104.0746905780983,105.32902563631808,102.82579429116112,104.08006485802181
2024-08-06,513100.SSE,6.082227276803117,6.213766990705003,6.009240549481479,6.140085959194667
2024-08-06,518880.SSE,6.858356223479457,6.986311809272273,6.776055948797703,6.903470167265092
2024-08-07,159915.SZSE,2.3552296201263037,2.3834923755678195,2.3226924724970255,2.350903312243953
2024-08-07,510300.SSE,3.488072450475827,3.5316656556050816,3.4462155810701174,3.489788197238223
2024-08-07,510500.SSE,4.877946939080409,4.936482302349374,4.81395193561218,4.87242098746172
2024-08-07,511010.SSE,100.90158905594095,102.2534848358318,99.69076998726965,101.04099292078241
2024-08-07,511260.SSE,104.0791103100139,105.37135949310729,102.83016098629373,104.12189673231946
2024-08-07,513100.SSE,6.136257579865514,6.228914554317791,6.062622488907128,6.155053907428647
2024-08-07,518880.SSE,6.902067237825949,7.046643044577628,6.819242430972038,6.963086012428486
2024-08-08,159915.SZSE,2.3461420746863566,2.37558494660548,2.3179883697901205,2.347415955143755
2024-08-08,510300.SSE,3.487305112591648,3.5292092310060608,3.4454574512405483,3.487360900203617
2024-08-08,510500.SSE,4.8810186064454095,4.940583003201386,4.822446383168065,4.881999015021132
2024-08-08,511010.SSE,101.05050372146168,102.28548881061249,99.83789767680413,101.07261740179099
2024-08-08,511260.SSE,104.12422222499309,105.373712891693,102.75507368385995,104.00311101605259
2024-08-08,513100.SSE,6.154938455250181,6.232664009783741,6.081079193787179,6.15875890294836
2024-08-08,518880.SSE,6.979199620837636,7.0629500162876875,6.878541256130307,6.962086291629866
2024-08-09,159915.SZSE,2.3479737017951203,2.379522196363506,2.319798017373579,2.351306518145757
2024-08-09,510300.SSE,3.4967298477389925,3.5386906059118606,3.4461510663200197,3.488007152145769
2024-08-09,510500.SSE,4.8798951744362915,4.947098582100563,4.821336432343056,4.888437334091465
2024-08-09,511010.SSE,101.05219925779355,102.3019654336429,99.83957286670002,101.08889864984477
2024-08-09,511260.SSE,103.99242772294953,105.24033685562492,102.73946798772988,103.98731577705453
2024-08-09,513100.SSE,6.171547596889341,6.260504836071904,6.097489025726669,6.186269600861565
2024-08-09,518880.SSE,6.964127058162167,7.084799824656247,6.880557533464221,7.000790340569414
2024-08-12,159915.SZSE,2.3482143626331906,2.3763929349847888,2.3192469949932177,2.3474159868352404
2024-08-12,510300.SSE,3.487642026096121,3.5326903426258234,3.4457903217829675,3.4908007338199836
2024-08-12,510500.SSE,4.890101877252099,4.955399454170389,4.831420654725074,4.89663977684821
2024-08-12,511010.SSE,101.09113222884804,102.30422581559422,99.78979560973725,101.0018174187624
2024-08-12,511260.SSE,103.98508425788633,105.25701037280466,102.73726324679168,104.00890353043938
2024-08-12,513100.SSE,6.195277348454642,6.288304543720487,6.120934020273186,6.2137396677079915
2024-08-12,518880.SSE,7.007894234951371,7.1110465782474375,6.923799504131954,7.026725867833436
2024-08-13,159915.SZSE,2.346065121115203,2.3830946026417537,2.3179123396618206,2.3548365638752506
2024-08-13,510300.SSE,3.4970995235352036,3.539064717817626,3.4274506429626954,3.46907959814038
2024-08-13,510500.SSE,4.903037012782563,4.961873456935954,4.823432224824252,4.882016421886894
2024-08-13,511010.SSE,101.00806269266397,102.22027334846427,99.795965940352,101.00817524551806
2024-08-13,511260.SSE,103.99147393187484,105.30584981805899,102.74357624469233,104.05716385183695
2024-08-13,513100.SSE,6.212588338375409,6.298494417749775,6.138037278314904,6.223808713191477
2024-08-13,518880.SSE,7.031153156425762,7.119502539770076,6.946779318548653,7.035081561037625
2024-08-14,159915.SZSE,2.3552251189658793,2.3834878203934697,2.3197598165634865,2.3479350370075776
2024-08-14,510300.SSE,3.468287954137839,3.5099074095874934,3.3847103510189194,3.4258201933389874
2024-08-14,510500.SSE,4.879358461136681,4.937910762670321,4.805131745165329,4.863493669195677
2024-08-14,511010.SSE,101.01831618139643,102.23053597557319,99.80369156256705,101.01588214834722
2024-08-14,511260.SSE,104.09785352644283,105.34702776876014,102.71697107851031,103.96454562602258
2024-08-14,513100.SSE,6.215041440291119,6.33761060919268,6.140460943007626,6.262461076277352
2024-08-14,518880.SSE,7.037325528533803,7.121773434876209,6.9242755574348935,7.008376070278232
2024-08-15,159915.SZSE,2.341573878529021,2.3805540517770964,2.3134749919866726,2.3523261381196603
2024-08-15,510300.SSE,3.426856668410399,3.4679789484313237,3.3606301270838754,3.401447497048457
2024-08-15,510500.SSE,4.868419986697336,4.930246660003111,4.809998946856967,4.871785237157225
2024-08-15,511010.SSE,100.99561337696508,102.22907504583392,99.7836660164415,101.01687257493471
2024-08-15,511260.SSE,103.98289904422433,105.23069383275502,102.6910808311814,103.93834092224837
2024-08-15,513100.SSE,6.272239784578011,6.347506661992948,6.179413291969094,6.25446689470556
2024-08-15,518880.SSE,7.009264896533482,7.093376075291884,6.896679955081385,6.98044529866537
2024-08-16,159915.SZSE,2.35297616889184,2.3812118829185422,2.316369992203564,2.3445040406918665
2024-08-16,510300.SSE,3.396207894482738,3.436962389216531,3.350646046606483,3.3913421524357115
2024-08-16,510500.SSE,4.867972088622175,4.926387753685641,4.805162936492148,4.863525239364522
2024-08-16,511010.SSE,101.01577551041251,102.33778081441085,99.80358620428756,101.12428934230321
2024-08-16,511260.SSE,103.94307185462252,105.24220942264182,102.69575499236704,103.99427808561444
2024-08-16,513100.SSE,6.254108961896927,6.346705673791499,6.179059654354163,6.271448294260375
2024-08-16,518880.SSE,6.987757342890983,7.071610431005675,6.8871909214712765,6.970841013634895
2024-08-19,159915.SZSE,2.349714759208974,2.3779113363194817,2.3155786209934286,2.3437030576856563
2024-08-19,510300.SSE,3.3895737415168337,3.4302486264150356,3.3219217678741004,3.3622689958239884
2024-08-19,510500.SSE,4.860816024949373,4.951685752626288,4.80248623264998,4.892970111290798
2024-08-19,511010.SSE,101.15244424776276,102.41058649067327,99.9386149167896,101.19623171015145
2024-08-19,511260.SSE,104.01459557637058,105.26277072328703,102.6838983222835,103.93107117640031
2024-08-19,513100.SSE,6.258828740157895,6.375594587270953,6.183722795276,6.299994651453511
2024-08-19,518880.SSE,6.97668792859512,7.060408183738262,6.85001246107656,6.9332109929924695
2024-08-20,159915.SZSE,2.342463540059924,2.370573102540643,2.3105348249316973,2.3385980009430134
2024-08-20,510300.SSE,3.3630949504857206,3.4034520898915495,3.3071339467246186,3.3473015655107474
2024-08-20,510500.SSE,4.888409253922494,4.9532311659437,4.8297483428754235,4.894497199549111
2024-08-20,511010.SSE,101.22514953873954,102.47876273543812,100.01044774427467,101.26359954094676
2024-08-20,511260.SSE,103.89679252554815,105.22219346426425,102.65003101524157,103.97449947061685
2024-08-20,513100.SSE,6.305233185129323,6.394932027075596,6.2295703869077705,6.31910279355296
2024-08-20,518880.SSE,6.935345888973446,7.076119793203231,6.852121738305764,6.992213234390545
2024-08-21,159915.SZSE,2.339306958873723,2.377504824825209,2.3112352753672383,2.3493130680090997
2024-08-21,510300.SSE,3.3535009378324605,3.39374294908645,3.2900634146181305,3.330023699006205
2024-08-21,510500.SSE,4.896454190731327,4.955211641020103,4.825178809367173,4.88378422000726
2024-08-21,511010.SSE,101.2802642270968,102.49562739782196,100.04190939873479,101.25699331855748
2024-08-21,511260.SSE,103.93018667102577,105.27295619383374,102.68302443097346,104.0246602705867
2024-08-21,513100.SSE,6.326668975817595,6.449628986617481,6.250748948107784,6.373151172546918
2024-08-21,518880.SSE,6.986556099347784,7.118770001203437,6.902717426155611,7.034357708699048
2024-08-22,159915.SZSE,2.352123920449882,2.388509038021204,2.323898433404483,2.36018679646364
2024-08-22,510300.SSE,3.330886219918016,3.370856854557032,3.286058128348803,3.3259697655352256
2024-08-22,510500.SSE,4.890386494871128,4.949426770396263,4.831701856932675,4.890737915411327
2024-08-22,511010.SSE,101.26268906882945,102.4778413376554,100.00777846130266,101.22244783532658
2024-08-22,511260.SSE,104.0177378147542,105.3581861773286,102.76952496097715,104.10887962186621
2024-08-22,513100.SSE,6.3551392123721255,6.465251524956861,6.27887754182366,6.388588463396108
2024-08-22,518880.SSE,7.037522605442366,7.125655953852982,6.953072334177057,7.041162009736148
2024-08-23,159915.SZSE,2.3597353852707785,2.3926220522516752,2.331418560647529,2.364251039774383
2024-08-23,510300.SSE,3.331343349197707,3.3713194693880797,3.2804522304091943,3.3202957797663912
2024-08-23,510500.SSE,4.889687505447773,4.955722441915176,4.8310112553824,4.896958934698791
2024-08-23,511010.SSE,101.20549270067343,102.45224477222422,99.99102678826534,101.2373960199844
2024-08-23,511260.SSE,104.08496224152879,105.37083955964471,102.83594269463043,104.12138296407579
2024-08-23,513100.SSE,6.382445721481997,6.509549255977937,6.305856372824214,6.432360924879385
2024-08-23,518880.SSE,7.040611581892153,7.125098920874859,6.926167424943214,7.010290915934427
2024-08-26,159915.SZSE,2.3626491243629015,2.3923334951351998,2.3342973348705467,2.3639659042837944
2024-08-26,510300.SSE,3.3227786861791944,3.362652030413345,3.2681963809996,3.3078910738862346
2024-08-26,510500.SSE,4.8897015204313155,4.954213821529672,4.83102510218614,4.895468203092562
2024-08-26,511010.SSE,101.24952197648082,102.46451624019859,99.97992007947798,101.19425109258904
2024-08-26,511260.SSE,104.11727709596182,105.36668442111336,102.8635858663971,104.11294116032096
2024-08-26,513100.SSE,6.431532084873221,6.529509906789058,6.354353699854743,6.4520848881314805
2024-08-26,518880.SSE,7.007770245000829,7.091863487940839,6.893245600998011,6.976969231779363
2024-08-27,159915.SZSE,2.3576978384276823,2.3894114599474476,2.32940546436655,2.361078517734632
2024-08-27,510300.SSE,3.3141775172533405,3.3539476474603807,3.2616991982553363,3.301314977991231
2024-08-27,510500.SSE,4.889288357349522,4.968843773390743,4.8306168970613275,4.9099246772635805
2024-08-27,511010.SSE,101.19158598770116,102.45464337134386,99.97728695584874,101.23976617721725
2024-08-27,511260.SSE,104.1165098077672,105.43326864999541,102.867111690074,104.18307178853301
2024-08-27,513100.SSE,6.457616238991098,6.565840430590789,6.380124844123205,6.48798461520829
2024-08-27,518880.SSE,6.998808033553269,7.0854008893393114,6.91482233715063,7.001384278003272
2024-08-28,159915.SZSE,2.3628448457561415,2.392844631286583,2.334490707607068,2.364470979532197
2024-08-28,510300.SSE,3.3010875827073987,3.3407006336998877,3.245525279763942,3.2849446151456902
2024-08-28,510500.SSE,4.912185559983132,4.971131786702929,4.8296391066165665,4.888298690907456
2024-08-28,511010.SSE,101.24922457760617,102.48296936126582,100.0342338826749,101.26775628583579
2024-08-28,511260.SSE,104.19905494938872,105.4494436087814,102.87981314979453,104.12936553622929
2024-08-28,513100.SSE,6.484081940896636,6.574493834718942,6.406272957605876,6.496535409801326
2024-08-28,518880.SSE,6.988824153038936,7.154695441599151,6.904958263202469,7.069857155730387
2024-08-29,159915.SZSE,2.3641588194824954,2.3925287253162852,2.324220963210839,2.3524503676223065
2024-08-29,510300.SSE,3.2941177733972284,3.3336471866779953,3.2257069994546406,3.2648856269783813
2024-08-29,510500.SSE,4.898827036375927,4.957612960812438,4.806539615517617,4.864918639187872
2024-08-29,511010.SSE,101.25707574297948,102.47216065189524,99.98025273920261,101.1945877927152
2024-08-29,511260.SSE,104.10961295884327,105.3589283143494,102.85548933021144,104.10474628563911
2024-08-29,513100.SSE,6.490231424464984,6.569923937380217,6.412348647371404,6.492019700968594
2024-08-29,518880.SSE,7.077767551693571,7.162700762313895,6.973912227131508,7.058615614505575
2024-08-30,159915.SZSE,2.3496726722380834,2.382741533245688,2.3214766001712266,2.354487681072814
2024-08-30,510300.SSE,3.2630372601214273,3.3021937072428846,3.2013561495529457,3.2402390177661395
2024-08-30,510500.SSE,4.8671538326144885,4.925559678605863,4.7978340159940664,4.856107303637719
2024-08-30,511010.SSE,101.19167118556864,102.4966749047837,99.97737113134181,101.28129931302738
2024-08-30,511260.SSE,104.1116804250929,105.36304812642385,102.86234025999178,104.11368391939115
2024-08-30,513100.SSE,6.497529634463754,6.630155447674809,6.419559278850189,6.551537003631234
2024-08-30,518880.SSE,7.051515048588385,7.195246596872434,6.966896868005325,7.109927467265251
2024-09-02,159915.SZSE,2.354835455548608,2.390564312246203,2.326577430082025,2.362217699848027
2024-09-02,510300.SSE,3.2373428733689438,3.2761909878493713,3.1605318045066357,3.1989188304723033
2024-09-02,510500.SSE,4.853915851903314,4.912162842126154,4.760842028268511,4.818666020514688
2024-09-02,511010.SSE,101.2840701939145,102.50273354757176,100.06866135158752,101.28728611420135
2024-09-02,511260.SSE,104.11393361368465,105.36330081704887,102.86401384861615,104.11337434070461
2024-09-02,513100.SSE,6.5479583781065305,6.664972733774827,6.469382877569252,6.58594143653639
2024-09-02,518880.SSE,7.111015806036598,7.200657861675683,7.02568361636416,7.115274566873205
2024-09-03,159915.SZSE,2.360609670664058,2.4084156683538174,2.332282354616089,2.3798573797962623
2024-09-03,510300.SSE,3.194406012337198,3.232738884485244,3.146430434572383,3.1846461888384443
2024-09-03,510500.SSE,4.8229752616237125,4.880850964763197,4.740775560509916,4.798355830475623
2024-09-03,511010.SSE,101.29144367277988,102.50694099685323,99.98680317120562,101.20121778462108
2024-09-03,511260.SSE,104.1194045764785,105.41543020524817,102.86997172156076,104.16544486684602
2024-09-03,513100.SSE,6.590107683973493,6.669188976181174,6.503829230362724,6.582823107654579
2024-09-03,518880.SSE,7.136628786521051,7.222268331959303,7.049309119827047,7.134928258934258
2024-09-04,159915.SZSE,2.3783906566589215,2.4381149796460524,2.349849968779014,2.409204525341949
2024-09-04,510300.SSE,3.1933187130587783,3.231638537615484,3.1326311979751194,3.1706793501772466
2024-09-04,510500.SSE,4.797015284815143,4.858727987489517,4.7394511013973615,4.801114612143791
2024-09-04,511010.SSE,101.20954568391436,102.42406023212133,99.97661029842597,101.19090111176718
2024-09-04,511260.SSE,104.1564215449442,105.44336324956755,102.90654448640487,104.193046689296
2024-09-04,513100.SSE,6.574292244032214,6.682503130042693,6.495400737103827,6.603263962492779
2024-09-04,518880.SSE,7.1269219150325105,7.26558701956603,7.0413988520521205,7.179433813800425
2024-09-05,159915.SZSE,2.4109092541451704,2.440803656843435,2.381978343095428,2.4118613209915365
2024-09-05,510300.SSE,3.1737120393518627,3.211796583824085,3.1305125836446988,3.1685350036889663
2024-09-05,510500.SSE,4.798996190510516,4.856584144796642,4.72964489722227,4.787089976945618
2024-09-05,511010.SSE,101.1811333728263,102.41807249224787,99.96695977235238,101.20362894490897
2024-09-05,511260.SSE,104.21706830198522,105.46767312160904,102.90955174707373,104.15946533104629
2024-09-05,513100.SSE,6.592854062742239,6.671968311495146,6.4892581140863905,6.56807501425748
2024-09-05,518880.SSE,7.173373211520674,7.275010591602643,7.087292732982426,7.188745643876129
2024-09-06,159915.SZSE,2.4080982680926613,2.4645911769364814,2.3792010888755493,2.435366775628934
2024-09-06,510300.SSE,3.16730012560795,3.2130471587929743,3.1292925241006544,3.1749477853685515
2024-09-06,510500.SSE,4.781740033687922,4.839120914092177,4.695177215574936,4.752203659488801
2024-09-06,511010.SSE,101.1809739374704,102.48360328190519,99.96680225022075,101.26838268962963
2024-09-06,511260.SSE,104.15766844563284,105.4400568916702,102.90777642428525,104.18977953722352
2024-09-06,513100.SSE,6.5738650066977975,6.661859195594481,6.494978626617423,6.5828648177811075
2024-09-06,518880.SSE,7.188598759941486,7.285408884387822,7.102335574822187,7.19902063674686
2024-09-09,159915.SZSE,2.438344290649937,2.4769364403627563,2.4090841591621377,2.4475656525323677
2024-09-09,510300.SSE,3.179577670020246,3.217732602060489,3.1413045147091925,3.1794580108392636
2024-09-09,510500.SSE,4.760018853699868,4.817139079944266,4.65344605511709,4.7099656428310634
2024-09-09,511010.SSE,101.29580962857018,102.51135934411303,100.04121956151654,101.25629510274953
2024-09-09,511260.SSE,104.22059270180068,105.53145939499629,102.96994558937908,104.2800982163995
2024-09-09,513100.SSE,6.584804458654862,6.707790437644332,6.505786805151003,6.628251420597166
2024-09-09,518880.SSE,7.191908497793226,7.34466693909607,7.105605595819707,7.257576026774773
2024-09-10,159915.SZSE,2.443577821342091,2.4879374428904546,2.414254887485986,2.4584362083897773
2024-09-10,510300.SSE,3.1820099375822117,3.2201940568331984,3.1200347939955475,3.157929953436789
2024-09-10,510500.SSE,4.696033443731,4.780013279356118,4.639681042406228,4.723333279996164
2024-09-10,511010.SSE,101.29831259395218,102.52682722155497,100.08273284282475,101.31109409244561
2024-09-10,511260.SSE,104.26636215341587,105.51755849925686,103.00665880803359,104.25775182999351
2024-09-10,513100.SSE,6.635388573682821,6.732495534626606,6.555763910798627,6.652663571765421
2024-09-10,518880.SSE,7.265065345557811,7.37373282023435,7.177884561411117,7.286297253195998
2024-09-11,159915.SZSE,2.4565361989881924,2.5046560050857294,2.427057764600334,2.474956526764555
2024-09-11,510300.SSE,3.1651819759639293,3.2031641596754965,3.106550406796159,3.1442817882552214
2024-09-11,510500.SSE,4.727731974308484,4.784464758000186,4.650845747015874,4.707333752040359
2024-09-11,511010.SSE,101.31864915442831,102.54946601004305,100.10282536457517,101.33346443680144
2024-09-11,511260.SSE,104.27066021377898,105.53800876556635,103.01941229121363,104.28656992644896
2024-09-11,513100.SSE,6.648531166685781,6.763183173308929,6.568748792685551,6.6829873254040795
2024-09-11,518880.SSE,7.281754805963039,7.430556729405442,7.194373748291483,7.342447361072571
2024-09-12,159915.SZSE,2.4805151692718197,2.521541094553121,2.4507489872405577,2.491641397779764
2024-09-12,510300.SSE,3.1386089521294993,3.181711957560982,3.100945644703945,3.1439841477875317
2024-09-12,510500.SSE,4.704787604983069,4.761245056242865,4.630847894709711,4.687093010839789
2024-09-12,511010.SSE,101.31110611943745,102.5268393928707,100.0792136929785,101.29475070139524
2024-09-12,511260.SSE,104.28553282807741,105.56519699834718,103.03410643414048,104.31343576911776
2024-09-12,513100.SSE,6.67679090804894,6.756912398945527,6.567919692144458,6.647691996097629
2024-09-12,518880.SSE,7.348051868867741,7.450150546809129,7.259875246441328,7.361808840720483
2024-09-13,159915.SZSE,2.4949206782657507,2.5342973350818885,2.4649816301265615,2.5042463785394156
2024-09-13,510300.SSE,3.1430109624683045,3.1985255339889096,3.1052948309186847,3.160598353743982
2024-09-13,510500.SSE,4.68484969181879,4.741067888120615,4.607258021711689,4.663216621165677
2024-09-13,511010.SSE,101.28169810799606,102.49707848529202,100.00882963736035,101.2235117787048
2024-09-13,511260.SSE,104.30773793514938,105.57083009838408,103.05604507992759,104.31900207350205
2024-09-13,513100.SSE,6.6582536239339,6.740021906030462,6.578354580446693,6.660100697658559
2024-09-13,518880.SSE,7.350401578726437,7.509834988682363,7.26219675978172,7.420785561939094
2024-09-16,159915.SZSE,2.5045315566281046,2.5393922788660395,2.4744771779485673,2.509280907970395
2024-09-16,510300.SSE,3.158893328762716,3.199861383457582,3.1209866088175633,3.1619183631003773
2024-09-16,510500.SSE,4.672432620248926,4.728501811691912,4.557857117997999,4.613215706475708
2024-09-16,511010.SSE,101.23210125449533,102.47699211877833,100.01731603944138,101.26184991974142
2024-09-16,511260.SSE,104.32999640370107,105.58195636054549,102.97289172816306,104.22357462364683
2024-09-16,513100.SSE,6.648277635775459,6.760463938547353,6.5684983041461535,6.680300334532958
2024-09-16,518880.SSE,7.405159243653137,7.5299074468097364,7.3162973327293,7.440620006728989
2024-09-17,159915.SZSE,2.5065290211169566,2.5437643012558477,2.476450672863553,2.513601088197478
2024-09-17,510300.SSE,3.1546460116664172,3.2075668113946367,3.1167902595264203,3.169532422326716
2024-09-17,510500.SSE,4.6093737929158785,4.6794721147130165,4.554061307400888,4.623984303076103
2024-09-17,511010.SSE,101.28448642412715,102.56077529588246,100.06907258703762,101.34463962043722
2024-09-17,511260.SSE,104.21837793163499,105.58075577121237,102.96775739645537,104.3288100506051
2024-09-17,513100.SSE,6.690060947189173,6.8044747378296275,6.609780215822903,6.7237892666300665
2024-09-17,518880.SSE,7.438632516967323,7.57748877444588,7.349368926763716,7.487637128899091
2024-09-18,159915.SZSE,2.5120494579467314,2.542847912216295,2.4819048644513706,2.5126955654311214
2024-09-18,510300.SSE,3.1734557135064128,3.21153718206849,3.1179247634391984,3.155794294978946
2024-09-18,510500.SSE,4.6203170241616185,4.675760828451558,4.542133435868764,4.597301048450166
2024-09-18,511010.SSE,101.3241550302615,102.57633912936701,100.10826516989836,101.36001890253658
2024-09-18,511260.SSE,104.28253370419641,105.54796329240098,103.03114329974605,104.29640641541599
2024-09-18,513100.SSE,6.7341558445052225,6.848909497270271,6.65334597437116,6.767697131689991
2024-09-18,518880.SSE,7.4739478374670805,7.60457955064186,7.384260463417475,7.514406670594724
2024-09-19,159915.SZSE,2.512910379597344,2.5662346762609474,2.482755455042176,2.53580501606813
2024-09-19,510300.SSE,3.1547989167633075,3.1926565037644674,3.1050712226147756,3.1427846382740645
2024-09-19,510500.SSE,4.596601729810824,4.661942723963653,4.541442509053094,4.606662770715072
2024-09-19,511010.SSE,101.35791852812021,102.67530807917234,100.14162350578276,101.45781430748255
2024-09-19,511260.SSE,104.24317897919477,105.63426866860577,102.99226083144443,104.38168840771321
2024-09-19,513100.SSE,6.774491502879365,6.877010906022426,6.693197604844813,6.795465322156548
2024-09-19,518880.SSE,7.527728837700388,7.628035664428063,7.437396091647983,7.537584648644331
2024-09-20,159915.SZSE,2.5359160286989346,2.5793488731913743,2.5054850363545476,2.5487637086871286
2024-09-20,510300.SSE,3.1454977271926223,3.1838770066825623,3.1077517544663107,3.1461235243898837
2024-09-20,510500.SSE,4.608887505649759,4.6641941557175555,4.535413903544977,4.590499902373458
2024-09-20,511010.SSE,101.46112750141421,102.7392656050474,100.24359397139725,101.52101344372272
2024-09-20,511260.SSE,104.40382701734467,105.6566729415528,103.11600618309515,104.36842731082506
2024-09-20,513100.SSE,6.790014541931617,6.899905260109979,6.708534367428437,6.818088201689703
2024-09-20,518880.SSE,7.524143786118322,7.658358797341895,7.433854060684902,7.567548218717288
2024-09-23,159915.SZSE,2.54849351306105,2.588184712657633,2.5179115909043177,2.5574947753533923
2024-09-23,510300.SSE,3.154796947831248,3.1926545112052227,3.0899445959457363,3.12747428739447
2024-09-23,510500.SSE,4.588134116792146,4.648527078403279,4.53307650739064,4.5934062039558095
2024-09-23,511010.SSE,101.53564331118244,102.77511171466121,100.31721559144825,101.55643450065337
2024-09-23,511260.SSE,104.38982952834411,105.64250748268424,103.09381604289295,104.34596765474996
2024-09-23,513100.SSE,6.811596307512162,6.893335463202308,6.726642954085691,6.808343070936934
2024-09-23,518880.SSE,7.558392227395899,7.672193443364778,7.467691520667148,7.581218817554128
2024-09-24,159915.SZSE,2.557402780682023,2.6041577882340197,2.526713947313839,2.573278446871561
2024-09-24,510300.SSE,3.1261856656206533,3.163699893608101,3.0833928218031814,3.1208429370477546
2024-09-24,510500.SSE,4.584979673650855,4.639999429734665,4.524941799353978,4.579900606633581
2024-09-24,511010.SSE,101.55061885017065,102.7692262763727,100.29995248814083,101.5181705345555
2024-09-24,511260.SSE,104.37879555382104,105.68020238869285,103.12625000717519,104.42707745918266
2024-09-24,513100.SSE,6.806674788303146,6.9109805739181445,6.724994690843508,6.829032187666151
2024-09-24,518880.SSE,7.584878067049416,7.728271045857372,7.493859530244823,7.63663146823851
2024-09-25,159915.SZSE,2.5726349393560035,2.6325707953062247,2.5417633200837315,2.6013545408164274
2024-09-25,510300.SSE,3.119309902673197,3.159767175045388,3.0818781838411184,3.1222995800843756
2024-09-25,510500.SSE,4.575277328177692,4.63962082009533,4.52037400023956,4.584605553453883
2024-09-25,511010.SSE,101.49171471461891,102.85932869168306,100.27381413804348,101.63965285739432
2024-09-25,511260.SSE,104.42677238900475,105.77745228814058,103.1736511203367,104.52317419776737
2024-09-25,513100.SSE,6.818722132676477,6.919245416242843,6.7368974670843595,6.837199027907947
2024-09-25,518880.SSE,7.631409101771476,7.767994814229084,7.539832192550218,7.67588420378368
2024-09-26,159915.SZSE,2.5969819389600435,2.65599472108547,2.565818155692523,2.6245007125350495
2024-09-26,510300.SSE,3.122731865942027,3.1814305229389643,3.0852590835507225,3.143706050334945
2024-09-26,510500.SSE,4.591464157303952,4.6465617271915995,4.532664467772582,4.587717072644314
2024-09-26,511010.SSE,101.6501764528707,102.92246907645321,100.43037433543624,101.70204454194982
2024-09-26,511260.SSE,104.50065824116633,105.83493973952929,103.24665034227233,104.57997997977202
2024-09-26,513100.SSE,6.829532154251953,6.913908461762475,6.747577768400929,6.831925357472801
2024-09-26,518880.SSE,7.6622987750360965,7.773729701466588,7.570351189735663,7.68155108840572
2024-09-27,159915.SZSE,2.622919675666727,2.6653372013608476,2.591444639558726,2.633732412411905
2024-09-27,510300.SSE,3.1473290211054734,3.185096969358739,3.0993055263367353,3.136948913296291
2024-09-27,510500.SSE,4.588117320646976,4.64317472849474,4.523216288369601,4.578154138025912
2024-09-27,511010.SSE,101.72111200403609,102.94176534808452,100.4641970455215,101.68440996510273
2024-09-27,511260.SSE,104.57266689050213,105.88726291451431,103.3177948878161,104.63168272185209
2024-09-27,513100.SSE,6.837066196655169,6.919110991015031,6.746020946550702,6.827956423634315
2024-09-27,518880.SSE,7.699854630998957,7.792252886570945,7.571725119841959,7.66368939255259
2024-09-30,159915.SZSE,2.6365442665411147,2.692611470751713,2.6049057353426215,2.6606832714937876
2024-09-30,510300.SSE,3.1348755573435034,3.1724940640316257,3.0712471746301926,3.1085497718929074
2024-09-30,510500.SSE,4.580564110416814,4.635530879741816,4.509880156963758,4.564656029315545
2024-09-30,511010.SSE,101.68301026406041,102.90320638722913,100.43358091550856,101.65342197925968
2024-09-30,511260.SSE,104.63188194975285,105.88746453314988,103.37401286993524,104.6295676821207
2024-09-30,513100.SSE,6.833131065505402,6.9691051202141905,6.751133492719337,6.886467510093073
2024-09-30,518880.SSE,7.654739044393105,7.746595912925823,7.553538195408794,7.645281574300398
2024-10-01,159915.SZSE,2.656439171809768,2.7264005718034996,2.624561901748051,2.6940717112682804
2024-10-01,510300.SSE,3.106262342459296,3.153898814114464,3.0689871943497846,3.116500804460933
2024-10-01,510500.SSE,4.5632640607244666,4.6180232294531605,4.492379135617341,4.546942444956823
2024-10-01,511010.SSE,101.66028788478616,102.90409898074658,100.44036443016873,101.683892273465
2024-10-01,511260.SSE,104.61200816008002,105.91289287678131,103.35666406215906,104.65700877152304
2024-10-01,513100.SSE,6.8780401640393345,6.992333453553232,6.795503682070862,6.909420408649439
2024-10-01,518880.SSE,7.643531254125167,7.790415042993043,7.551808879075665,7.698038580032652
2024-10-02,159915.SZSE,2.6934759883106287,2.7436497010221,2.661154276450901,2.7111163053578062
2024-10-02,510300.SSE,3.120347028995646,3.157791193343594,3.0676836108709282,3.104942925982721
2024-10-02,510500.SSE,4.543445309423569,4.607639198434249,4.488923965710486,4.553003160508151
2024-10-02,511010.SSE,101.6758512389096,102.89596145377652,100.36565898944022,101.58467509052655
2024-10-02,511260.SSE,104.68576853893471,105.94199776140192,103.36223659595736,104.61764837647506
2024-10-02,513100.SSE,6.914872771284458,7.010936445741709,6.831894298029045,6.927802811997736
2024-10-02,518880.SSE,7.696160041839222,7.788513962341293,7.593122498828073,7.685346658732867
2024-10-03,159915.SZSE,2.7085246885569254,2.7693399085914336,2.676022392294242,2.736501885959915
2024-10-03,510300.SSE,3.1063148247141084,3.143912786551217,3.069039046817539,3.1066331882917164
2024-10-03,510500.SSE,4.561922861830134,4.616665936172096,4.466475027895142,4.520723712444476
2024-10-03,511010.SSE,101.57035650731382,102.84413850955931,100.35151222922605,101.62464279600722
2024-10-03,511260.SSE,104.65670425230063,105.93564698326966,103.40082380127302,104.67949306647199
2024-10-03,513100.SSE,6.931475662927112,7.020901474302201,6.8482979549719865,6.937649678164231
2024-10-03,518880.SSE,7.691718099101169,7.8151011729600395,7.599417481911955,7.722431989090948
2024-10-04,159915.SZSE,2.736857404821994,2.796427275386076,2.70401511596413,2.7632680586818936
2024-10-04,510300.SSE,3.099231096577174,3.1436322519055557,3.062040323418248,3.10635598014383
2024-10-04,510500.SSE,4.519731264108932,4.573968039278239,4.4471763419564505,4.501190629510577
2024-10-04,511010.SSE,101.64202930698532,102.86173365866915,100.35546425916885,101.5743565376203
2024-10-04,511260.SSE,104.68783776260915,105.94409181576046,103.39546639984435,104.65128178121898
2024-10-04,513100.SSE,6.9498813537935025,7.033279930039025,6.829986978084897,6.91294228551103
2024-10-04,518880.SSE,7.726598679107498,7.844668359915011,7.633879494958208,7.751648576991117
2024-10-07,159915.SZSE,2.7620154620719553,2.8235125302745123,2.7288712765270917,2.790032144540032
2024-10-07,510300.SSE,3.101918232719237,3.1433611556881034,3.064695213926606,3.106088098506031
2024-10-07,510500.SSE,4.498862923844326,4.552849278930458,4.430087878957198,4.483894614329148
2024-10-07,511010.SSE,101.5809166896878,102.81559602169612,100.36194568941154,101.59643875661672
2024-10-07,511260.SSE,104.65109229722104,105.99924827431566,103.39527918965439,104.74234019201153
2024-10-07,513100.SSE,6.9175339516960666,7.040057730908473,6.834523544275713,6.956578785482681
2024-10-07,518880.SSE,7.744174932511686,7.871710667691709,7.651244833321545,7.778370224991807
2024-10-08,159915.SZSE,2.794845263141128,2.8414412380318876,2.7613071199834343,2.80774825892479
2024-10-08,510300.SSE,3.1115329979845057,3.1512614152462874,3.0741946020086917,3.113894679097122
2024-10-08,510500.SSE,4.4896324337314315,4.543508022936209,4.413172652139666,4.466773939412618
2024-10-08,511010.SSE,101.604742379828,102.82399928838593,100.33550333252643,101.55415317057331
2024-10-08,511260.SSE,104.71973631940551,105.97637315523838,103.4627996105857,104.71943280423655
2024-10-08,513100.SSE,6.96517554585577,7.048757652406039,6.831592568400016,6.914567376923093
2024-10-08,518880.SSE,7.775413981394008,7.901552542772121,7.68210901361728,7.80785824384597
2024-10-09,159915.SZSE,2.809408167021378,2.8563269121509105,2.7756952690171213,2.822457423074022
2024-10-09,510300.SSE,3.115355177561885,3.1527394396926276,3.0572650595536173,3.0943978335562927
2024-10-09,510500.SSE,4.46301113469739,4.516567268313759,4.37979944347689,4.432995388134504
2024-10-09,511010.SSE,101.57958069199914,102.79853566030313,100.29411929684781,101.51226649478524
2024-10-09,511260.SSE,104.74642656283817,106.00338368159223,103.44459526238091,104.70100735058797
2024-10-09,513100.SSE,6.9184170308350765,7.001438035205098,6.822028449963834,6.904887095105095
2024-10-09,518880.SSE,7.805791442884401,7.916192309205119,7.7121219455697885,7.822324416210591
2024-10-10,159915.SZSE,2.818141133474544,2.868384760055174,2.7843234398728494,2.8343722925446384
2024-10-10,510300.SSE,3.0916474295957355,3.1287471987508844,3.047924110555465,3.0849434317363005
2024-10-10,510500.SSE,4.4299206274661636,4.483079674995758,4.355761599278749,4.408665586314523
2024-10-10,511010.SSE,101.49442149077811,102.71235454866745,100.21994541867058,101.4371917193022
2024-10-10,511260.SSE,104.70233892571592,105.96922009765574,103.44591085860733,104.71266808068748
2024-10-10,513100.SSE,6.912785625752471,6.9957390532615005,6.819774959184235,6.902606233992141
2024-10-10,518880.SSE,7.8291624414589265,7.923112390756434,7.660625517248646,7.753669551871099
2024-10-11,159915.SZSE,2.836592756944389,2.870631870027722,2.7990390758308403,2.833035501853077
2024-10-11,510300.SSE,3.0843301711882836,3.1298816322116143,3.047318209134024,3.0927684112762988
2024-10-11,510500.SSE,4.408718289866609,4.461622909345008,4.329802122879446,4.3823908126310185
2024-10-11,511010.SSE,101.4278594828792,102.64499379667375,100.19062046348964,101.40751059057655
2024-10-11,511260.SSE,104.70762167301332,105.96411313308948,103.44498402233958,104.70140083232751
2024-10-11,513100.SSE,6.892248805758549,6.9974033264583335,6.809541820089446,6.91443016448452
2024-10-11,518880.SSE,7.7431081722418,7.851665487494395,7.650190874174898,7.7585627346782555
2024-10-14,159915.SZSE,2.830476272913522,2.885515952112294,2.79651055763856,2.8513003479370496
2024-10-14,510300.SSE,3.0928161726025114,3.1299299666737417,3.052662011168987,3.0897388777014037
2024-10-14,510500.SSE,4.382392193616523,4.434980899939921,4.2864941062491155,4.338556787701534
2024-10-14,511010.SSE,101.4101798969982,102.71009329228528,100.19325773823422,101.49218704771272
2024-10-14,511260.SSE,104.70979776921013,105.96631534244065,103.42765469770724,104.68386103006806
2024-10-14,513100.SSE,6.913448141756027,6.996409519457099,6.824951467029676,6.907845614402506
2024-10-14,518880.SSE,7.776851499920697,7.8830322155740475,7.683529281921648,7.789557525270798
2024-10-15,159915.SZSE,2.849381605541944,2.883574184808447,2.8149112992941165,2.8491005053584177
2024-10-15,510300.SSE,3.092392110875286,3.1295008162057893,3.040393115503975,3.0773209671092867
2024-10-15,510500.SSE,4.339871048394609,4.391949500975344,4.268550533531945,4.320395276854195
2024-10-15,511010.SSE,101.48264193247594,102.77233007471048,100.26485022928622,101.55368584457557
2024-10-15,511260.SSE,104.67364243812104,105.9388443436007,103.41755872886358,104.68265251343944
2024-10-15,513100.SSE,6.907531453444603,6.990421830885938,6.792594708218198,6.875095858520443
2024-10-15,518880.SSE,7.782661260000499,7.94937397700745,7.6892693248804935,7.855112625501432
2024-10-16,159915.SZSE,2.8501438152531233,2.8938538581607696,2.8159420894700857,2.859539385534357
2024-10-16,510300.SSE,3.072448380950072,3.1356592287764986,3.035579000378671,3.0984774987910066
2024-10-16,510500.SSE,4.330951128032321,4.38292254156871,4.245959800871955,4.297530162825865
2024-10-16,511010.SSE,101.56694177660322,102.81800146851529,100.34813847528397,101.59881568035108
2024-10-16,511260.SSE,104.6852150919227,106.02392938664978,103.42899251081963,104.76672864293457
2024-10-16,513100.SSE,6.873141031526382,6.967644903769525,6.7906633391480655,6.88502460846791
2024-10-16,518880.SSE,7.855032443830916,8.038565242882779,7.760772054504945,7.943246287433576
2024-10-17,159915.SZSE,2.857899323068762,2.922293037049701,2.823604531191937,2.8876413409582025
2024-10-17,510300.SSE,3.095439050575542,3.159806023341965,3.058293781968635,3.1223379677292145
2024-10-17,510500.SSE,4.299216370022744,4.350806966463018,4.210372565227809,4.261510693550414
2024-10-17,511010.SSE,101.59564247342217,102.83019068641036,100.3764947637411,101.61086036206558
2024-10-17,511260.SSE,104.74154458146386,106.01196034202073,103.48464604648629,104.7549015237359
2024-10-17,513100.SSE,6.88859106396627,6.971254156733866,6.805917877531856,6.888580847704308
2024-10-17,518880.SSE,7.932503795980813,8.033920524340871,7.837313750429043,7.9386566446056035
2024-10-18,159915.SZSE,2.8906508634045376,2.9382358647349305,2.8559630530436833,2.90339512325586
2024-10-18,510300.SSE,3.1233324295329266,3.1639859170954905,3.0858524403785315,3.126468297525188
2024-10-18,510500.SSE,4.249703959945221,4.300700407464564,4.192576951481191,4.243498938746145
2024-10-18,511010.SSE,101.59405306683534,102.85278661195913,100.37492443003332,101.63318835173827
2024-10-18,511260.SSE,104.77388286179105,106.03116945613255,103.47923047587958,104.73606323469593
2024-10-18,513100.SSE,6.893681039616478,6.976405212091876,6.7911990512093645,6.873683250211908
2024-10-18,518880.SSE,7.926642499619146,8.037295796910293,7.831522789623716,7.9419918941801315
2024-10-21,159915.SZSE,2.9007728146620813,2.96489310826214,2.865963540886136,2.9297362729863043
2024-10-21,510300.SSE,3.126104167471981,3.1636174174816447,3.0778592917099443,3.1152421980869884
2024-10-21,510500.SSE,4.245114670356878,4.29605604640116,4.187071238515609,4.237926354772883
2024-10-21,511010.SSE,101.63430245535339,102.91139589407958,100.41469082588915,101.69110266213397
2024-10-21,511260.SSE,104.73424065031968,106.00282262711157,103.47742976251584,104.74587216117745
2024-10-21,513100.SSE,6.876829596143778,6.993771958506746,6.794307640990052,6.910841856231962
2024-10-21,518880.SSE,7.9338938716549245,8.029100598114784,7.828381481187992,7.923463037639668
2024-10-22,159915.SZSE,2.9276214614416047,2.9699767595362823,2.8924900039043053,2.9347596438105557
2024-10-22,510300.SSE,3.1173212847276273,3.1685511004040183,3.0799134293108956,3.1309793482253143
2024-10-22,510500.SSE,4.238113646976179,4.288971010739893,4.178892351558936,4.229648129108235
2024-10-22,511010.SSE,101.69398969268647,102.91431756899871,100.41724387256455,101.63688651069288
2024-10-22,511260.SSE,104.76610404931004,106.04478055696318,103.50891080071833,104.78733256616914
2024-10-22,513100.SSE,6.909415367098028,6.992328351503204,6.805584104388045,6.888243020635674
2024-10-22,518880.SSE,7.914496559217271,8.078800615146612,7.819522600506664,7.983004560421553
2024-10-23,159915.SZSE,2.9325131647809615,2.967703322758333,2.8952348125965255,2.93039960789122
2024-10-23,510300.SSE,3.126491411818366,3.164009308760187,3.084469673969466,3.121932868390148
2024-10-23,510500.SSE,4.2298625425759235,4.280620893086835,4.172501563226888,4.223179719865271
2024-10-23,511010.SSE,101.6527207731193,102.87255342239673,100.40322974590926,101.62270217197293
2024-10-23,511260.SSE,104.78381987112054,106.041225709574,103.52252532109713,104.77988392823596
2024-10-23,513100.SSE,6.88233302190861,6.985228098572174,6.799745025645707,6.9023993068894995
2024-10-23,518880.SSE,7.979147307602993,8.125658749272134,7.883397539911757,8.029307064498155
2024-10-24,159915.SZSE,2.9284664403273704,2.9714857305342655,2.893324843043442,2.936250721871804
2024-10-24,510300.SSE,3.123233893118862,3.174450274624366,3.0857550864014356,3.1368085717632077
2024-10-24,510500.SSE,4.224391686707677,4.275084386948169,4.132748034790297,4.1829433550509085
2024-10-24,511010.SSE,101.62936106361279,102.84891339637615,100.30903719699677,101.52736558400483
2024-10-24,511260.SSE,104.77750545695208,106.13844436804403,103.52017539146865,104.87988573917394
2024-10-24,513100.SSE,6.911240383324853,6.999184085535295,6.828305498724955,6.9161898078412
2024-10-24,518880.SSE,8.020141820134215,8.15782375140687,7.923900118292605,8.061090663445523
2024-10-25,159915.SZSE,2.940018556270497,2.9817042005159324,2.904738333595251,2.94634802422523
2024-10-25,510300.SSE,3.140805886871515,3.1784955575139735,3.1031120926123665,3.1408017131704113
2024-10-25,510500.SSE,4.182803404463814,4.23299704531738,4.104319522488323,4.154169557174416
2024-10-25,511010.SSE,101.5351690469231,102.80753066408286,100.31674701836002,101.588469035655
2024-10-25,511260.SSE,104.85869659435035,106.14235100817508,103.60039223521814,104.88374605550898
2024-10-25,513100.SSE,6.919012338594181,7.035684799852581,6.83598419053105,6.952257707364211
2024-10-25,518880.SSE,8.067634714580047,8.188428082988505,7.970823098005086,8.091332097814728
2024-10-28,159915.SZSE,2.948510245396517,2.987418199712578,2.913128122451759,2.9519942684906897
2024-10-28,510300.SSE,3.1425860537830452,3.1802970864284417,3.101080298421505,3.1387452413173125
2024-10-28,510500.SSE,4.153914578852018,4.2199152965372,4.1040676039057935,4.169876775234388
2024-10-28,511010.SSE,101.59389217070633,102.90192853127205,100.37476546465786,101.6817475605455
2024-10-28,511260.SSE,104.89702792264414,106.15579225771587,103.60843976061835,104.86684186297404
2024-10-28,513100.SSE,6.944000670873647,7.036388030420069,6.860672662823164,6.952952599229317
2024-10-28,518880.SSE,8.083944192839684,8.24398398981571,7.986936862525608,8.14622923894833
2024-10-29,159915.SZSE,2.9578891820628535,3.0083922355978925,2.922394511878099,2.9727196003931744
2024-10-29,510300.SSE,3.139254691687054,3.1882124164448067,3.1015836353868096,3.150407526131232
2024-10-29,510500.SSE,4.172860213960049,4.2229345365275694,4.099482755641066,4.149274044171119
2024-10-29,511010.SSE,101.67855781142845,102.91721262611247,100.4584151176913,101.69685042105975
2024-10-29,511260.SSE,104.85153521852281,106.13507606289431,103.59331679590053,104.8765573744015
2024-10-29,513100.SSE,6.951381626385914,7.0709068173088365,6.867965046869283,6.987062072439562
2024-10-29,518880.SSE,8.137738902955963,8.308264635738174,8.040086036120492,8.2097476637729
2024-10-30,159915.SZSE,2.9805945948835375,3.01636173002214,2.9335795373769704,2.9692100580738567
2024-10-30,510300.SSE,3.1500551280149507,3.1949932806940184,3.1122544664787712,3.157107984875512
2024-10-30,510500.SSE,4.146650758365807,4.196410567466197,4.092808442368443,4.142518666364821
2024-10-30,511010.SSE,101.68471160754198,102.90492814683249,100.34514812190612,101.56391510314384
2024-10-30,511260.SSE,104.8680553350495,106.1264719990701,103.53134565120217,104.78881138785646
2024-10-30,513100.SSE,6.972865880224419,7.062069410392491,6.889191489661726,6.9783294569095755
2024-10-30,518880.SSE,8.205984655357003,8.348619281313448,8.107512839492719,8.249623795764277
2024-10-31,159915.SZSE,2.965641719365262,3.012033827743147,2.930054018732879,2.9763180116039
2024-10-31,510300.SSE,3.1540344807902083,3.2015085951817936,3.1161860670207258,3.1635460426697564
2024-10-31,510500.SSE,4.137941087670137,4.187596380722178,4.073939501956138,4.1234205485386015
2024-10-31,511010.SSE,101.5688044798006,102.80753649399047,100.349978826043,101.58847479643327
2024-10-31,511260.SSE,104.78882967675553,106.04629563287659,103.47781658647845,104.73463217254904
2024-10-31,513100.SSE,6.978617428617893,7.077085792811938,6.894874019474479,6.993167779458437
2024-10-31,518880.SSE,8.259184970552695,8.379383440632465,8.160074750906062,8.280023162680301
2024-11-01,159915.SZSE,2.9765625429851092,3.0135496294872945,2.940843792469288,2.9778158394143226
2024-11-01,510300.SSE,3.1632803211574423,3.2323894341827115,3.1253209573035527,3.1940607057141417
2024-11-01,510500.SSE,4.13799261302891,4.187648524385257,4.079441223047158,4.1289890921529935
2024-11-01,511010.SSE,101.58283468019276,102.80182869635507,100.35930269908009,101.5782415982592
2024-11-01,511260.SSE,104.73674825564053,106.00700080334495,103.47990727657285,104.75000079381913
2024-11-01,513100.SSE,6.991549445148834,7.07544803849062,6.897694085961194,6.981471746924286
2024-11-01,518880.SSE,8.282099132524397,8.411913078052235,8.182713942934104,8.312167073174145
2024-11-04,159915.SZSE,2.973732382528246,3.020738482119023,2.938047593937907,2.9849194487342126
2024-11-04,510300.SSE,3.198758329942725,3.242928725749929,3.160373229983412,3.204475025444594
2024-11-04,510500.SSE,4.1255421362389,4.175048641873767,4.063916515503408,4.113275825408308
2024-11-04,511010.SSE,101.60685382893585,102.82613607488308,100.32310632534042,101.54160559244981
2024-11-04,511260.SSE,104.72021941887215,106.07024072942973,103.46357678584567,104.81249083935744
2024-11-04,513100.SSE,6.976794252307225,7.060515783334911,6.838461612766732,6.921519850978474
2024-11-04,518880.SSE,8.31120038735765,8.452706909447091,8.211465982709358,8.352477183248114
2024-11-05,159915.SZSE,2.98221273712688,3.026668711110676,2.9464261842813575,2.9907793588050158
2024-11-05,510300.SSE,3.2040300618177646,3.274915844452854,3.1655817010759515,3.2360828502498555
2024-11-05,510500.SSE,4.1137564214736555,4.171000672516684,4.064391344415972,4.121542166518463
2024-11-05,511010.SSE,101.56432269076386,102.80919864726525,100.34555081847469,101.59011724038068
2024-11-05,511260.SSE,104.80845902729473,106.09166626009579,103.55075751896719,104.83366231234761
2024-11-05,513100.SSE,6.934327501364998,7.02741998922925,6.851115571348618,6.944090898447875
2024-11-05,518880.SSE,8.338524464138645,8.506678148624614,8.238462170568981,8.405808447257524
2024-11-06,159915.SZSE,2.988581655938541,3.024444635809804,2.947239313331625,2.9830357422384868
2024-11-06,510300.SSE,3.232725200678863,3.2941748734628415,3.193932498270717,3.2551135113269183
2024-11-06,510500.SSE,4.114356606260619,4.167254060605193,4.064984326985492,4.11783998083517
2024-11-06,511010.SSE,101.60083283908324,102.82004283315224,100.37876046712562,101.59793569547128
2024-11-06,511260.SSE,104.84755771586465,106.10572840845504,103.55060560604583,104.80830526927716
2024-11-06,513100.SSE,6.934730700087131,7.039417950627716,6.851513931686085,6.955946591529364
2024-11-06,518880.SSE,8.394609627329382,8.516323302209056,8.29387431180143,8.415339231431874
2024-11-07,159915.SZSE,2.9793588908849395,3.017280342323968,2.9436065841943204,2.9815023145493753
2024-11-07,510300.SSE,3.2532446744960066,3.3044636112450663,3.2142057384020544,3.2652802482658756
2024-11-07,510500.SSE,4.118399550196738,4.167820344799099,4.059625571271469,4.108932764444806
2024-11-07,511010.SSE,101.60434447422193,102.82359660791259,100.35709375117018,101.57600582102245
2024-11-07,511260.SSE,104.8016966496008,106.13906936072718,103.54407628980559,104.88050332087666
2024-11-07,513100.SSE,6.9616815246079105,7.055773030743194,6.878141346312615,6.972107737888532
2024-11-07,518880.SSE,8.402797291229794,8.525340876101987,8.301963723735035,8.424249877571134
2024-11-08,159915.SZSE,2.977845653676806,3.0135798015209274,2.941590117181126,2.9773179323695604
2024-11-08,510300.SSE,3.2660454758451287,3.3105682096411586,3.2268529301349873,3.271312460119722
2024-11-08,510500.SSE,4.104461544387472,4.1537150829201215,4.040023686042454,4.089092799638111
2024-11-08,511010.SSE,101.57451674375822,102.79341094468333,100.31714003059827,101.53556683258934
2024-11-08,511260.SSE,104.87657506452842,106.2182473892205,103.61805616375408,104.95874247946689
2024-11-08,513100.SSE,6.989917404917505,7.073796413776515,6.874177044999608,6.957669073886243
2024-11-08,518880.SSE,8.437103788806274,8.571397358168852,8.3358585433406,8.469760235344715
2024-11-11,159915.SZSE,2.976816797337101,3.0125385989051465,2.935287204417089,2.970938466009199
2024-11-11,510300.SSE,3.2698872428479504,3.3091258897621256,3.2289670855493764,3.2681853092605024
2024-11-11,510500.SSE,4.086982479299355,4.137482488863272,4.0379386895477625,4.088421431683075
2024-11-11,511010.SSE,101.51422758980196,102.75111636201055,100.29605685872434,101.53272367787604
2024-11-11,511260.SSE,104.96158350706132,106.27950211504472,103.70204450497658,105.0192708646687
2024-11-11,513100.SSE,6.966419057119834,7.074439892213619,6.882822028434396,6.990553253175513
2024-11-11,518880.SSE,8.475004557786072,8.631662361493778,8.373304503092639,8.529310633887132
2024-11-12,159915.SZSE,2.9667241963281747,3.018548731332165,2.9311235059722365,2.9827556633717047
2024-11-12,510300.SSE,3.270036237767321,3.324494473406865,3.230795802914113,3.285073590322989
2024-11-12,510500.SSE,4.093409247315822,4.142530158283612,4.015698466204986,4.064472131786423
2024-11-12,511010.SSE,101.52906565133718,102.74741443915322,100.27499160154834,101.49290647929993
2024-11-12,511260.SSE,105.0170661756801,106.27727096978826,103.69906864318851,104.95857150120295
2024-11-12,513100.SSE,6.990296038782581,7.074179591247972,6.8862160081993595,6.969854259311092
2024-11-12,518880.SSE,8.520741074641077,8.62298996753677,8.407800415272119,8.50991944865599
2024-11-13,159915.SZSE,2.985687605541349,3.021515856807845,2.942787031795683,2.9785293844085863
2024-11-13,510300.SSE,3.287078045205948,3.339130148471579,3.2476331086634764,3.299535719833576
2024-11-13,510500.SSE,4.066710962859876,4.119506565408062,4.017910431305557,4.070658661470417
2024-11-13,511010.SSE,101.49462172447828,102.71255718517202,100.22010819243204,101.43735647007291
2024-11-13,511260.SSE,104.94054614335809,106.19983269707839,103.67744769514155,104.93668795054813
2024-11-13,513100.SSE,6.960638681802648,7.063682871240754,6.877111017621017,6.979923785811022
2024-11-13,518880.SSE,8.50431807615817,8.618683460750791,8.402266259244271,8.516485633152955
2024-11-14,159915.SZSE,2.975341942604611,3.0110460459158666,2.931758080491699,2.9673664782304647
2024-11-14,510300.SSE,3.302959598777379,3.342595113962708,3.2463625275081642,3.2857920318908547
2024-11-14,510500.SSE,4.073358991406075,4.1521139453189555,4.024478683509202,4.102879392607663
2024-11-14,511010.SSE,101.44123578728241,102.6585306167298,100.18374040306998,101.40054696667002
2024-11-14,511260.SSE,104.93605227883391,106.27434646365049,103.6768196514879,105.01417634748071
2024-11-14,513100.SSE,6.968840988612732,7.0664328285250955,6.885214896749379,6.9826411349062205
2024-11-14,518880.SSE,8.508289578940612,8.62969323852673,8.406190103993325,8.52736486020428
2024-11-15,159915.SZSE,2.977108960854229,3.0128342683844798,2.9063478451990847,2.941647616598264
2024-11-15,510300.SSE,3.291253673134638,3.3388657276499787,3.251758629057022,3.2992744344367377
2024-11-15,510500.SSE,4.094409933154035,4.1747778426305615,4.045277013956186,4.125274548053914
2024-11-15,511010.SSE,101.40848248457317,102.63966214393584,100.19158069475829,101.42259105132
2024-11-15,511260.SSE,105.03157641804907,106.29475455519277,103.77119750103247,105.03434244584265
2024-11-15,513100.SSE,6.979289268899119,7.109106993334233,6.895537797672329,7.024809281950823
2024-11-15,518880.SSE,8.518556340702872,8.659642218914477,8.416333664614438,8.556958714342368
2024-11-18,159915.SZSE,2.9400989080940287,2.975380094991157,2.893975550399905,2.9291250510120497
2024-11-18,510300.SSE,3.3031098751815238,3.3499961664609264,3.2634725566793454,3.3102728917598085
2024-11-18,510500.SSE,4.134124674146682,4.191268440319024,4.084515178056922,4.141569605058324
2024-11-18,511010.SSE,101.43816619642412,102.6554241907812,100.20826394049847,101.42536836082841
2024-11-18,511260.SSE,105.0159424619554,106.2950030777697,103.75575115241193,105.03458802151157
2024-11-18,513100.SSE,7.019181147075222,7.103970496636484,6.934950973310319,7.019733692328542
2024-11-18,518880.SSE,8.561555188166528,8.664293850424526,8.45705118617195,8.55976840705663
2024-11-19,159915.SZSE,2.929371168143587,2.96452362216131,2.884765420772869,2.919803057462418
2024-11-19,510300.SSE,3.306666840026982,3.3874889579693823,3.2669868379466585,3.347321104712828
2024-11-19,510500.SSE,4.13581463789574,4.193249228475667,4.086184862240991,4.143526905608367
2024-11-19,511010.SSE,101.41366870539109,102.63063272985578,100.13780119118033,101.35404978864406
2024-11-19,511260.SSE,105.0280326342559,106.33519276750908,103.76769624264482,105.0743011536651
2024-11-19,513100.SSE,7.013843299455924,7.0980094190493945,6.915533873609089,6.9995282121549485
2024-11-19,518880.SSE,8.556897437928015,8.73011844637198,8.45421466867288,8.62659925530828
2024-11-20,159915.SZSE,2.915393891926888,2.9503786186300105,2.868341130249452,2.9031792816290003
2024-11-20,510300.SSE,3.343794473882805,3.3839200075693987,3.3033687071030196,3.3434905942338253
2024-11-20,510500.SSE,4.150922736556163,4.200733809394837,4.06691263476735,4.116308334784767
2024-11-20,511010.SSE,101.34251169892175,102.61087721485879,100.1264015585347,101.39414744551263
2024-11-20,511260.SSE,105.05010828160542,106.37942701314695,103.78950698222616,105.11801088255628
2024-11-20,513100.SSE,6.996864005707027,7.080826373775512,6.869063948586982,6.952493875088039
2024-11-20,518880.SSE,8.64757033766942,8.751341181721452,8.538171725422776,8.641874216014957
2024-11-21,159915.SZSE,2.908963641716774,2.9443869759516135,2.8740560780161726,2.909473296394875
2024-11-21,510300.SSE,3.34319504254208,3.3857414658300686,3.3030767020315754,3.3455943338241783
2024-11-21,510500.SSE,4.121217080446371,4.170671685411728,4.053355005826014,4.102586038285439
2024-11-21,511010.SSE,101.41866847278587,102.6356924944593,100.04250393121838,101.25759507208338
2024-11-21,511260.SSE,105.13450487613748,106.39611893465114,103.82990291123333,105.09099484942645
2024-11-21,513100.SSE,6.951664573550459,7.069108027601517,6.868244598667853,6.985284612254463
2024-11-21,518880.SSE,8.65448977632148,8.771235176949725,8.550635899005622,8.667228435721071
2024-11-22,159915.SZSE,2.9132757959385893,2.9482351054898523,2.8619345119603157,2.896694850162263
2024-11-22,510300.SSE,3.343833772547383,3.414990726521405,3.3037077672768143,3.3744967653373563
2024-11-22,510500.SSE,4.105350285904023,4.172910821144923,4.056086082473175,4.123429665162967
2024-11-22,511010.SSE,101.27060719833571,102.48585448471574,100.01039986290239,101.22510107581213
2024-11-22,511260.SSE,105.0893771925703,106.35363258743592,103.82830466625946,105.09252231960072
2024-11-22,513100.SSE,6.989239965816806,7.073110845406608,6.89950308666349,6.98330271929503
2024-11-22,518880.SSE,8.680479714762628,8.825785677696432,8.576313958185477,8.721132092585407
2024-11-25,159915.SZSE,2.8976984444283236,2.937178687640526,2.8629260630951836,2.9023504818582273
2024-11-25,510300.SSE,3.3700182466714317,3.4524343551521675,3.3295780277113747,3.411496398371707
2024-11-25,510500.SSE,4.1193186679501865,4.170865108617381,4.069886843934785,4.121408210096226
2024-11-25,511010.SSE,101.2185086524726,102.43313075630226,99.9897888383713,101.2042397149507
2024-11-25,511260.SSE,105.07763177062544,106.41379025399517,103.81670018937794,105.15196665414543
2024-11-25,513100.SSE,6.973225440666924,7.07563404379503,6.889546735378921,6.991733244856749
2024-11-25,518880.SSE,8.727965593408248,8.832701180529147,8.615223206889807,8.719861545435027
2024-11-26,159915.SZSE,2.8977936875745147,2.932567211825409,2.8507131359745985,2.8853371821605247
2024-11-26,510300.SSE,3.4097388829481665,3.452994907983319,3.3688220163527887,3.412050304331343
2024-11-26,510500.SSE,4.1221371654568015,4.171602811442283,4.058563673698782,4.107857969330751
2024-11-26,511010.SSE,101.20243136029994,102.41686053662355,99.96361861011931,101.17775162967541
2024-11-26,511260.SSE,105.15358365146308,106.41542665528064,103.79438069518021,105.05504118945366
2024-11-26,513100.SSE,6.986170381298504,7.12603200264052,6.9023363367229225,7.041533599447154
2024-11-26,518880.SSE,8.715562822038848,8.820149575903315,8.595302770359229,8.69969916028262
2024-11-27,159915.SZSE,2.8860464217859514,2.920678978847383,2.838274069913598,2.872747034325504
2024-11-27,510300.SSE,3.4101619214163144,3.4608575973465427,3.3692399783593188,3.4198197602238563
2024-11-27,510500.SSE,4.105601697880063,4.159512980760166,4.056334477505502,4.1101906924507565
2024-11-27,511010.SSE,101.17601958346997,102.41107009054093,99.96190734846833,101.19670957563334
2024-11-27,511260.SSE,105.03396925801418,106.30529196511165,103.77356162691801,105.0447549062368
2024-11-27,513100.SSE,7.0402219958909535,7.124704659841645,6.950168654810695,7.034583658715278
2024-11-27,518880.SSE,8.70576864420006,8.81023786793046,8.554929796040682,8.658835825952107
2024-11-28,159915.SZSE,2.8689909729599328,2.903418864635452,2.81850275197604,2.8527355789231175
2024-11-28,510300.SSE,3.4171402792739056,3.4767015950472646,3.3761345959226188,3.435475884434056
2024-11-28,510500.SSE,4.110329946015597,4.159653905367784,4.043199842858673,4.092307533257766
2024-11-28,511010.SSE,101.19724210991495,102.43240415040546,99.98287520459597,101.21779066245598
2024-11-28,511260.SSE,105.02666258367626,106.28698253468038,103.68802059476371,104.94738926595518
2024-11-28,513100.SSE,7.03297949187853,7.117375245781073,6.889439378361795,6.973116779718416
2024-11-28,518880.SSE,8.655312643713318,8.759176395437878,8.52911591212508,8.632708413082065
2024-11-29,159915.SZSE,2.857606731402922,2.891898012179757,2.800948935055372,2.834968557748352
2024-11-29,510300.SSE,3.434210415869392,3.475420940859825,3.3765092785108295,3.417519512662783
2024-11-29,510500.SSE,4.091114727311955,4.140208104039698,4.0264561885114345,4.075360514687687
2024-11-29,511010.SSE,101.22576496627505,102.44047414587035,99.9403370790865,101.15418732701063
2024-11-29,511260.SSE,104.92185283964096,106.18091507371666,103.60679783147687,104.86517999137335
2024-11-29,513100.SSE,6.988072658570537,7.071929530473383,6.859103332401546,6.942412279758649
2024-11-29,518880.SSE,8.64914335173678,8.752933071957623,8.46838531893718,8.57124020135342
2024-12-02,159915.SZSE,2.837646203371457,2.8776766329279595,2.8035944489309994,2.8435539851066793
2024-12-02,510300.SSE,3.422221352678069,3.463288008910206,3.3755246147731466,3.4165228894465045
2024-12-02,510500.SSE,4.065679280515789,4.139083423554237,4.016891129149599,4.090003382958733
2024-12-02,511010.SSE,101.19693387840984,102.41738005241844,99.98257067186891,101.2029447158285
2024-12-02,511260.SSE,104.84653698262743,106.11116196017623,103.5883785388359,104.8529268381188
2024-12-02,513100.SSE,6.9442936114881215,7.027625134825979,6.833021193033968,6.916013353273247
2024-12-02,518880.SSE,8.575283859876997,8.70888862487501,8.472380453558474,8.60562117082511
2024-12-03,159915.SZSE,2.843870619802215,2.8779970672398414,2.7764193289827226,2.8101410212375737
2024-12-03,510300.SSE,3.417317133301462,3.473302396376476,3.3763093277018443,3.4321169924668733
2024-12-03,510500.SSE,4.095359671678637,4.144503987738781,4.0419946915695935,4.091087744503637
2024-12-03,511010.SSE,101.20614542023593,102.43942585468999,99.99167167519309,101.22472910542488
2024-12-03,511260.SSE,104.87664965773881,106.14592534963838,103.61812986184594,104.88727801347666
2024-12-03,513100.SSE,6.903006056904552,6.9858421295874065,6.816337298948794,6.899126820798374
2024-12-03,518880.SSE,8.608255643492681,8.727924100681113,8.50495657577077,8.624430929526792
2024-12-04,159915.SZSE,2.8021647103001643,2.8357906868237666,2.7411731942110067,2.7744667957601283
2024-12-04,510300.SSE,3.4420287381520183,3.504314972876049,3.400724393294194,3.462761830905187
2024-12-04,510500.SSE,4.090700643575466,4.139789051298371,4.038093983137486,4.087139659046039
2024-12-04,511010.SSE,101.23590827573541,102.45073917504423,99.91077791625655,101.12426914600866
2024-12-04,511260.SSE,104.87446299869778,106.13295655468215,103.59434585549215,104.85257677681392
2024-12-04,513100.SSE,6.90249357597054,6.985323498882187,6.785722937653363,6.868140625155226
2024-12-04,518880.SSE,8.625709608607636,8.729218123910927,8.501334280213273,8.604589352442584
2024-12-05,159915.SZSE,2.7712854236571247,2.80454084874101,2.7173539406929095,2.750358239567722
2024-12-05,510300.SSE,3.4634507335347857,3.5073133112192028,3.4218893247323683,3.465724615829252
2024-12-05,510500.SSE,4.084828624572621,4.133846568067493,4.030548559800071,4.07950259089076
2024-12-05,511010.SSE,101.09584918627156,102.40858389830724,99.88269899603631,101.19425286393997
2024-12-05,511260.SSE,104.86072457761361,106.11905327254497,103.53016322904195,104.78761460429347
2024-12-05,513100.SSE,6.872514328219482,6.954984500158115,6.743921965420718,6.825831948806394
2024-12-05,518880.SSE,8.622077090173477,8.725542015255558,8.478129872110857,8.581103109423944
2024-12-06,159915.SZSE,2.752565979592317,2.785596771347425,2.694004476684009,2.7267251788299687
2024-12-06,510300.SSE,3.464551978148208,3.510206194074038,3.4229773544104294,3.468583195725334
2024-12-06,510500.SSE,4.076836629910759,4.133033434668055,4.02791459035183,4.0840251330712
2024-12-06,511010.SSE,101.18607501231726,102.40030791246507,99.85925592596048,101.0721213825511
2024-12-06,511260.SSE,104.77300995032695,106.03028606973088,103.47800891378814,104.73482683581796
2024-12-06,513100.SSE,6.8248355681603,6.906733594978224,6.671179753527139,6.752206228266335
2024-12-06,518880.SSE,8.566761421478695,8.670376775912768,8.463960284420951,8.567565984103526
2024-12-09,159915.SZSE,2.7305863105809625,2.763353346307934,2.6847431304657117,2.717351346625214
2024-12-09,510300.SSE,3.468599920220868,3.5355015928927336,3.426976721178218,3.4935786491034917
2024-12-09,510500.SSE,4.085733441161533,4.139392176450313,4.036704639867595,4.090308474753273
2024-12-09,511010.SSE,101.0928233255688,102.30593720547563,99.87055402743366,101.0835567079288
2024-12-09,511260.SSE,104.74808594758524,106.00506297895626,103.40396494326026,104.65988354580999
2024-12-09,513100.SSE,6.742654368795614,6.849819623435404,6.661742516370067,6.768596465845261
2024-12-09,518880.SSE,8.585960296214555,8.68899181976913,8.418993928611854,8.521248915599044
2024-12-10,159915.SZSE,2.7208699608273053,2.753520400357233,2.682828190638936,2.7154131484199757
2024-12-10,510300.SSE,3.4946242262514273,3.5852370924062402,3.45268873553641,3.5427243996109095
2024-12-10,510500.SSE,4.086045668607972,4.161973677407907,4.037013120584676,4.112622210877379
2024-12-10,511010.SSE,101.0903348469515,102.35559891047997,99.87725082878809,101.14189615660077
2024-12-10,511260.SSE,104.64198680569287,105.97369475000383,103.38628296402455,104.71708967391683
2024-12-10,513100.SSE,6.782493536126011,6.863883458559523,6.696545727448764,6.777880290940044
2024-12-10,518880.SSE,8.519398476460099,8.646992652420904,8.417165694742577,8.544459142708403
2024-12-11,159915.SZSE,2.710374360715719,2.7428988530443075,2.6663875193686777,2.698772792883277
2024-12-11,510300.SSE,3.5445238387296043,3.592455840927588,3.501989552664849,3.5498575503237038
2024-12-11,510500.SSE,4.1018159669913326,4.186706318286468,4.052594175387436,4.137061579334455
2024-12-11,511010.SSE,101.067935982945,102.37675028487563,99.85512075114966,101.1627967241854
2024-12-11,511260.SSE,104.71777431522645,106.03521553615032,103.46116102344374,104.77788096457542
2024-12-11,513100.SSE,6.769425432765838,6.850658537959029,6.676978501790583,6.758075406670631
2024-12-11,518880.SSE,8.53045338790205,8.664015063433418,8.428087947247224,8.561279706950017
2024-12-12,159915.SZSE,2.6997224179392316,2.7321190869545022,2.6598310595035057,2.692136699902334
2024-12-12,510300.SSE,3.5584686787041906,3.601763478581206,3.51576705455974,3.559054820732417
2024-12-12,510500.SSE,4.1390270873351165,4.196311112540415,4.089358762287095,4.146552482747445
2024-12-12,511010.SSE,101.17416170789588,102.38825164839062,99.91556644395219,101.1291158339597
2024-12-12,511260.SSE,104.77880391001602,106.03614955693622,103.50154528481437,104.75864907369876
2024-12-12,513100.SSE,6.763287221772873,6.844446668434148,6.67194409720856,6.752979855474251
2024-12-12,518880.SSE,8.55376981179542,8.656415049536964,8.391010656776288,8.492925765967904
2024-12-13,159915.SZSE,2.695328146838265,2.727672084600324,2.6566161605680776,2.6888827536114146
2024-12-13,510300.SSE,3.555546585418307,3.638161152627514,3.512880026393287,3.5950209018058437
2024-12-13,510500.SSE,4.149064479124306,4.209693014077494,4.099275705374814,4.159775705610173
2024-12-13,511010.SSE,101.16145138063432,102.39349773243191,99.9475139640667,101.17934558540702
2024-12-13,511260.SSE,104.79929991585124,106.05689151484145,103.49319379646884,104.75019615027212
2024-12-13,513100.SSE,6.754556132804232,6.835610806397883,6.667945292808254,6.7489324825994474
2024-12-13,518880.SSE,8.476584626268806,8.609868682500332,8.37486561075358,8.507775377964755
2024-12-16,159915.SZSE,2.683685534607907,2.715889761023202,2.639137373540977,2.6711916736244707
2024-12-16,510300.SSE,3.5986257112014233,3.6418092197358405,3.536685864388514,3.5796415631462692
2024-12-16,510500.SSE,4.158806990873134,4.224476490595657,4.1089013069826565,4.174383883987803
2024-12-16,511010.SSE,101.14569374564545,102.35944207059319,99.86361835573167,101.07653679729927
2024-12-16,511260.SSE,104.76120292393671,106.01833735902395,103.48118983606588,104.73804639277924
2024-12-16,513100.SSE,6.753664775747757,6.834708753056731,6.642770669529021,6.723452094665001
2024-12-16,518880.SSE,8.514265878036401,8.616437068572838,8.330028606235324,8.431203042748303
2024-12-17,159915.SZSE,2.671167040183131,2.703221044665329,2.6329652572428293,2.6649445923510418
2024-12-17,510300.SSE,3.5805092864191908,3.64418257949863,3.5375431749821606,3.60097092835833
2024-12-17,510500.SSE,4.16879720724445,4.249216492874623,4.118771640757516,4.198830526555952
2024-12-17,511010.SSE,101.1021357791117,102.31536140846104,99.85739705006978,101.07023992922042
2024-12-17,511260.SSE,104.72769696944566,105.984429333079,103.3659985883781,104.62145606111145
2024-12-17,513100.SSE,6.736854074546842,6.817696323441404,6.636809428660933,6.717418450061673
2024-12-17,518880.SSE,8.420996157547016,8.52204811143758,8.311925593763046,8.412880155630614
2024-12-18,159915.SZSE,2.6657961323249357,2.697785685912835,2.6218119097222874,2.653655779071141
2024-12-18,510300.SSE,3.594376583568663,3.6406765092536992,3.5512440645658394,3.5975064320688728
2024-12-18,510500.SSE,4.199266211966491,4.264454027977359,4.148875017422894,4.213887379424268
2024-12-18,511010.SSE,101.02355701018901,102.2582420820096,99.81127432606674,101.04569375692648
2024-12-18,511260.SSE,104.6334018797294,105.90163895914313,103.37780105717265,104.64588829954855
2024-12-18,513100.SSE,6.721821449635629,6.802483307031257,6.620830546645024,6.701245492555692
2024-12-18,518880.SSE,8.414535796195102,8.515510225749443,8.266694952774346,8.367100154629904
2024-12-19,159915.SZSE,2.652724795792821,2.684557493342335,2.602651423276927,2.63426257416693
2024-12-19,510300.SSE,3.60074257953628,3.6498363825028552,3.557533668581845,3.6065576902202126
2024-12-19,510500.SSE,4.206693590030355,4.282674224378371,4.15621326694999,4.231891526065584
2024-12-19,511010.SSE,101.06149178412976,102.27422968553931,99.80077585247513,101.0129310247724
2024-12-19,511260.SSE,104.6831868061806,106.0593018943107,103.42698856450643,104.80168171374575
2024-12-19,513100.SSE,6.696879211804216,6.7772417623458665,6.615454590764857,6.695804241664836
2024-12-19,518880.SSE,8.378179275324142,8.495554536653957,8.277641124020251,8.394816735824069
2024-12-20,159915.SZSE,2.6285764590495195,2.661063333137322,2.597033541540925,2.6295092224677097
2024-12-20,510300.SSE,3.611895353251802,3.6576093752804346,3.5685526090127806,3.614238513122959
2024-12-20,510500.SSE,4.226822914008032,4.292960841516621,4.176101039039936,4.242056167506542
2024-12-20,511010.SSE,101.01278542103353,102.26333582273244,99.80063199598112,101.0507270975617
2024-12-20,511260.SSE,104.77322081185277,106.06112218640261,103.51594216211053,104.80348042134645
2024-12-20,513100.SSE,6.704449577170232,6.784902972096274,6.618618381579142,6.699006459088201
2024-12-20,518880.SSE,8.38823761312368,8.488896464481165,8.254421695621287,8.354677829576202
2024-12-23,159915.SZSE,2.628510248393835,2.660052371374561,2.586779345011799,2.6181977176232785
2024-12-23,510300.SSE,3.610625939815127,3.6539534510929084,3.566776572736028,3.610097745684239
2024-12-23,510500.SSE,4.238342540687519,4.300182977989476,4.187482430199268,4.249192665997506
2024-12-23,511010.SSE,101.01115713043139,102.32800600728093,99.7990232448662,101.11463044197721
2024-12-23,511260.SSE,104.78876561274184,106.05573342727784,103.53130042538893,104.79815556055122
2024-12-23,513100.SSE,6.694075911941671,6.774404822884971,6.604262155101864,6.684475865487717
2024-12-23,518880.SSE,8.35206499825135,8.452289778230366,8.195655144465874,8.295197514641574
2024-12-24,159915.SZSE,2.6171981330987304,2.648604510695915,2.575929643514891,2.6072162383753956
2024-12-24,510300.SSE,3.610060118387938,3.653380839808593,3.5629113575106737,3.6061855845249733
2024-12-24,510500.SSE,4.25337846264681,4.334109756203377,4.202337921095048,4.282717150398594
2024-12-24,511010.SSE,101.12214923176305,102.3356150225442,99.89913268938133,101.1124824791309
2024-12-24,511260.SSE,104.79401790435983,106.10178656020078,103.53648968950752,104.84366260889405
2024-12-24,513100.SSE,6.685751503367386,6.765980521407794,6.5833767130259035,6.663336754074801
2024-12-24,518880.SSE,8.282593469183388,8.389681520548718,8.183202347553188,8.290199130976994
2024-12-25,159915.SZSE,2.6067658777028178,2.6380470682352515,2.57448103188336,2.605750032270607
2024-12-25,510300.SSE,3.598933946487022,3.6547701767353447,3.5557467391291775,3.6114329809637793
2024-12-25,510500.SSE,4.280905746753489,4.356584591074212,4.229534877792447,4.304925485251197
2024-12-25,511010.SSE,101.13187838319828,102.35948546253887,99.9182958425999,101.14573662306212
2024-12-25,511260.SSE,104.83637468597846,106.17288606068026,103.57833818974672,104.91391903229274
2024-12-25,513100.SSE,6.653292039242612,6.752022098393421,6.573452534771701,6.671958595250415
2024-12-25,518880.SSE,8.286443831044743,8.38588115701728,8.156127772196893,8.255190052830864
2024-12-26,159915.SZSE,2.604037618555908,2.635286069978579,2.5431134862639406,2.5740015043157296
2024-12-26,510300.SSE,3.6061330959492057,3.675403191271797,3.562859498797815,3.631821335248811
2024-12-26,510500.SSE,4.302676702690579,4.387974449968672,4.251044582258292,4.335943132380111
2024-12-26,511010.SSE,101.15187107892248,102.38224692333465,99.93804862597541,101.16822818511329
2024-12-26,511260.SSE,104.9081007254166,106.23560939666774,103.64920351671161,104.97589861330805
2024-12-26,513100.SSE,6.663920430046506,6.743887475207064,6.566450847431141,6.646205311165122
2024-12-26,518880.SSE,8.280017876757142,8.379378091278229,8.105467694751605,8.20391467080122
2024-12-27,159915.SZSE,2.5726714817810703,2.6035435395624433,2.523817459436328,2.5544711127898054
2024-12-27,510300.SSE,3.6362646833486694,3.683945552840663,3.5926295071484855,3.64026240399275
2024-12-27,510500.SSE,4.34584242381743,4.421028515135696,4.293692314731621,4.368605252110371
2024-12-27,511010.SSE,101.17808966168332,102.39222673762352,99.9415452120614,101.15541013366538
2024-12-27,511260.SSE,104.95308226753556,106.21251925474598,103.62750012768328,104.88613373247296
2024-12-27,513100.SSE,6.64660377053135,6.726363015777726,6.566593624553789,6.646349822422864
2024-12-27,518880.SSE,8.21136383085754,8.316251371684148,8.11282746488725,8.217639695340067
2024-12-30,159915.SZSE,2.554352782220805,2.585005015607455,2.4992933071436436,2.5296490962992344
2024-12-30,510300.SSE,3.6382820846229147,3.6826691394508413,3.5946226996074397,3.6390011259395663
2024-12-30,510500.SSE,4.370402019275116,4.4370347245586474,4.317957195043815,4.384421664583644
2024-12-30,511010.SSE,101.14846982743366,102.36225146536286,99.91956398441494,101.13316192754549
2024-12-30,511260.SSE,104.91067919115426,106.16960734144811,103.63688705826996,104.89563467436231
2024-12-30,513100.SSE,6.649204607219105,6.728995062505735,6.546634680967892,6.62614846251811
2024-12-30,518880.SSE,8.215102051506614,8.313683276124694,8.035534492883055,8.133132077816859
2024-12-31,159915.SZSE,2.530955230755152,2.561326693524214,2.4828413349238674,2.512997302554522
2024-12-31,510300.SSE,3.634296744910791,3.6872994247546553,3.5906851839718614,3.6435765066745605
2024-12-31,510500.SSE,4.386156018212464,4.4638660312138105,4.333522145993914,4.410934813452382
2024-12-31,511010.SSE,101.101792088501,102.32400666988691,99.88857058343899,101.11067852755623
2024-12-31,511260.SSE,104.87076671728788,106.2723402225275,103.61231751668042,105.01219389577817
2024-12-31,513100.SSE,6.613001181053319,6.692357195225958,6.503901996019217,6.582896757104471
2024-12-31,518880.SSE,8.127330052143613,8.224858012769337,7.979714026468694,8.076633630029043
2025-01-01,159915.SZSE,2.512104933459974,2.542250192661494,2.474502318934868,2.504557002970514
2025-01-01,510300.SSE,3.6445520363705635,3.68828666080701,3.593649131781303,3.637296692086339
2025-01-01,510500.SSE,4.409032710151591,4.506761401604279,4.356124317629772,4.453321543087232
2025-01-01,511010.SSE,101.12233833991824,102.33580639999727,99.8913580891963,101.10461345060355
2025-01-01,511260.SSE,105.00868982317776,106.32487974838712,103.74858554529963,105.06411042330743
2025-01-01,513100.SSE,6.586717055174985,6.665757659837085,6.474107043737234,6.552739922810966
2025-01-01,518880.SSE,8.076231916649554,8.17314669964935,7.957697945186912,8.054350146950316
2025-01-02,159915.SZSE,2.5033603016849213,2.5334006253051404,2.4514083315025355,2.4811825217637
2025-01-02,510300.SSE,3.6350805036739553,3.6889860961264067,3.5914595376298677,3.6452431779905203
2025-01-02,510500.SSE,4.450224146817452,4.541457528916942,4.396821457055642,4.487606253870496
2025-01-02,511010.SSE,101.13410244921201,102.34771167860255,99.91767319701883,101.13124817512028
2025-01-02,511260.SSE,105.08242522957259,106.34341433232747,103.73736510954109,104.99733310682296
2025-01-02,513100.SSE,6.546478493788724,6.625036235714189,6.442797900061949,6.521050506135576
2025-01-02,518880.SSE,8.055572293007778,8.152264635529928,7.958905425491684,8.055597465938664
2025-01-03,159915.SZSE,2.481449874596377,2.5112272730915337,2.4381636251324386,2.467776948514614
2025-01-03,510300.SSE,3.6432414251388,3.7042402581131726,3.5995225280371344,3.660316460586139
2025-01-03,510500.SSE,4.476173821287489,4.5690338410822084,4.422459735432039,4.514855574191905
2025-01-03,511010.SSE,101.15028928772085,102.38851676686197,99.9364858162682,101.17442368266993
2025-01-03,511260.SSE,104.99680488656824,106.29349784562305,103.73684322792943,105.03310063796744
2025-01-03,513100.SSE,6.53079350587185,6.609163027942312,6.420763659102322,6.498748642816116
2025-01-03,518880.SSE,8.051659928894132,8.182708778564644,7.955040009747402,8.085680611229884
2025-01-06,159915.SZSE,2.4622526835727077,2.49179971577558,2.4212312234372595,2.4506388901186837
2025-01-06,510300.SSE,3.6634750176841044,3.7336518374010343,3.619513317471895,3.6893792859694017
2025-01-06,510500.SSE,4.519961136316924,4.6105636325572315,4.465721602681121,4.555892917546672
2025-01-06,511010.SSE,101.14090886968161,102.3545997761178,99.8827764669578,101.09592759813542
2025-01-06,511260.SSE,105.01595723616839,106.27614872300241,103.69666423564901,104.95613789033301
2025-01-06,513100.SSE,6.496080640881474,6.574033608572052,6.363073191622535,6.440357481399326
2025-01-06,518880.SSE,8.090682361873501,8.18903233241621,7.993594173531019,8.091929182229455
2025-01-07,159915.SZSE,2.4520031506907856,2.4978731401224255,2.422579112882496,2.4682540910300648
2025-01-07,510300.SSE,3.6843822522911287,3.7318284741259453,3.640169665263635,3.6875775436027127
2025-01-07,510500.SSE,4.558276400321983,4.644177619044226,4.5035770835181195,4.589108319213661
2025-01-07,511010.SSE,101.07040587761193,102.28325074814327,99.8330525270737,101.04559972375881
2025-01-07,511260.SSE,104.93254857693344,106.30386333905479,103.67335799401025,105.04334322040987
2025-01-07,513100.SSE,6.431920395392928,6.509103440137643,6.3381525095454165,6.415134118973094
2025-01-07,518880.SSE,8.082933085422207,8.179928282447273,7.983573082427877,8.080539557113235
2025-01-08,159915.SZSE,2.468252469519357,2.5067055711556017,2.4386334398851246,2.4769817896794484
2025-01-08,510300.SSE,3.6836845614659555,3.727888776203547,3.6338442220256124,3.6779799818073
2025-01-08,510500.SSE,4.588149171952682,4.677146414727602,4.53309138188925,4.6216861805608715
2025-01-08,511010.SSE,101.03135384177598,102.29224101185567,99.81897759567467,101.07928953740678
2025-01-08,511260.SSE,105.03931665017123,106.29978844997329,103.73382006559113,104.99374500565904
2025-01-08,513100.SSE,6.415701489868644,6.492689907747067,6.32362490068753,6.4004300614246254
2025-01-08,518880.SSE,8.071509601897485,8.168367717120255,7.896118769063277,7.992023045610604
2025-01-09,159915.SZSE,2.477096499168451,2.5068216571584725,2.437963481684925,2.4675743741750256
2025-01-09,510300.SSE,3.6786411948831885,3.728082035836207,3.6344975005445903,3.683875529482418
2025-01-09,510500.SSE,4.620946317910923,4.705175343543938,4.565494962095992,4.649382750537488
2025-01-09,511010.SSE,101.05245696172294,102.26550000983659,99.83982747818226,101.05286562236817
2025-01-09,511260.SSE,104.98049861313608,106.26073350288235,103.72073262977844,105.0007248052197
2025-01-09,513100.SSE,6.393592035746571,6.486093203663439,6.316868931317612,6.409183007572569
2025-01-09,518880.SSE,7.9954755035008835,8.091421209542894,7.887795110461918,7.983598289941213
2025-01-10,159915.SZSE,2.470341722036267,2.4999858227007024,2.433579650281786,2.463137297856059
2025-01-10,510300.SSE,3.6880442689217516,3.7396937556429855,3.6437877376946908,3.695349560912041
2025-01-10,510500.SSE,4.653377518222383,4.7400539062605995,4.597536988003714,4.68384773345909
2025-01-10,511010.SSE,101.05360987810934,102.31777825510822,99.84096655957202,101.10452396749824
2025-01-10,511260.SSE,105.00431643554244,106.26436823276894,103.72132084633729,104.9810939740256
2025-01-10,513100.SSE,6.418678419757678,6.49570256079477,6.335178321378738,6.4121238070635
2025-01-10,518880.SSE,7.972720746241891,8.1137284933708,7.8770480972869885,8.017518274081818
2025-01-13,159915.SZSE,2.4575319573324452,2.4870223408204346,2.4176090391255984,2.4469727116655853
2025-01-13,510300.SSE,3.7006914258469936,3.7450997229571574,3.635804398653464,3.679963966248445
2025-01-13,510500.SSE,4.6753597375429905,4.7475985615827305,4.6192554206924745,4.6913029264651485
2025-01-13,511010.SSE,101.11115353779469,102.36352572707179,99.89781969534116,101.14972897931995
2025-01-13,511260.SSE,104.9565758584423,106.21605476874362,103.68648396680706,104.94583397450107
2025-01-13,513100.SSE,6.41212777344713,6.489073306728496,6.254151267545747,6.330112618973428
2025-01-13,518880.SSE,8.024340235449742,8.12225299379173,7.928048152624345,8.025941693470088
2025-01-14,159915.SZSE,2.4413442908475744,2.470640422337745,2.39438755602993,2.4234691862651117
2025-01-14,510300.SSE,3.6771097699907247,3.7212350872306135,3.6190054533065013,3.662960985128038
2025-01-14,510500.SSE,4.6880755064530195,4.775559965427916,4.631818600375583,4.718932772161972
2025-01-14,511010.SSE,101.12562023090686,102.33912767367775,99.86929847888378,101.0822859098014
2025-01-14,511260.SSE,104.96005572362162,106.26801175362603,103.70053505493816,105.00791675259488
2025-01-14,513100.SSE,6.328992566286252,6.404940477081687,6.240400766410315,6.316195107702748
2025-01-14,518880.SSE,8.025807976661147,8.12211767238108,7.910710316559852,8.006791818380417
2025-01-15,159915.SZSE,2.4242434576368996,2.4533343791285422,2.3884072514588737,2.417416246415864
2025-01-15,510300.SSE,3.6669690141330027,3.7109726423025986,3.615551663743731,3.659465246704181
2025-01-15,510500.SSE,4.712681090674366,4.842429997999293,4.6561289175862735,4.7850098794459415
2025-01-15,511010.SSE,101.09537907789074,102.30852362682543,99.80401200349931,101.01620648127461
2025-01-15,511260.SSE,105.0099390411859,106.27005830968014,103.74602338665014,105.00609654519245
2025-01-15,513100.SSE,6.320557532664436,6.396404223056409,6.204436268291382,6.279793793817189
2025-01-15,518880.SSE,7.989735042143784,8.08561186264951,7.850630603829917,7.945982392540403
2025-01-16,159915.SZSE,2.417396174697779,2.4464049287941525,2.378379457134281,2.407266657018503
2025-01-16,510300.SSE,3.6561189791916613,3.6999924069419614,3.597958754863629,3.6416586587688555
2025-01-16,510500.SSE,4.794909577063626,4.860115450663361,4.737370662138862,4.80248562318514
2025-01-16,511010.SSE,101.02632719492053,102.33453044027802,99.81401126858148,101.12107751015614
2025-01-16,511260.SSE,105.00941892754346,106.269531954674,103.7252112196071,104.98503159879262
2025-01-16,513100.SSE,6.272435435131829,6.347994321742676,6.197166209910247,6.2727216618010635
2025-01-16,518880.SSE,7.946997548525917,8.042361519108228,7.8172825582755125,7.912229309995458
2025-01-17,159915.SZSE,2.4077446426278377,2.4366375783393717,2.370938656516389,2.3997354823040373
2025-01-17,510300.SSE,3.649425766304304,3.6932188754999555,3.5762689762171047,3.619705441515288
2025-01-17,510500.SSE,4.807394340412719,4.8732783116134915,4.7497056083277664,4.81549240278013
2025-01-17,511010.SSE,101.11183952526117,102.34042560897079,99.89849745095803,101.12690277566284
2025-01-17,511260.SSE,105.01024987564412,106.27037287415185,103.64096224534599,104.89975935763765
2025-01-17,513100.SSE,6.263294500460471,6.338454034465997,6.165634251584107,6.240520497554765
2025-01-17,518880.SSE,7.89668911344778,8.022347418658887,7.801928844086407,7.9272207694257775
2025-01-20,159915.SZSE,2.398442017823699,2.4272233220375834,2.35795874810843,2.38659792318667
2025-01-20,510300.SSE,3.614920703336292,3.6582997517763274,3.569652589676341,3.6130086940043937
2025-01-20,510500.SSE,4.803133398424026,4.8901219768366335,4.7454957976429375,4.832136340747661
2025-01-20,511010.SSE,101.12399504844974,102.34338321561077,99.91050710786834,101.12982531186834
2025-01-20,511260.SSE,104.89210552980414,106.15081079616179,103.55609050110655,104.81385678249652
2025-01-20,513100.SSE,6.243494253330942,6.318416184370913,6.146633720868625,6.221289191162576
2025-01-20,518880.SSE,7.933635869745912,8.028839500182864,7.775734556195358,7.870176676311091
2025-01-21,159915.SZSE,2.3884484428594988,2.4171098241738127,2.349341872806844,2.3778763894806114
2025-01-21,510300.SSE,3.6186128088441762,3.6620361625503066,3.5686431868472455,3.6119870312219082
2025-01-21,510500.SSE,4.823610052250084,4.898913224226661,4.765726731623083,4.84082334409749
2025-01-21,511010.SSE,101.09696680907201,102.31013041078089,99.87505054001132,101.08810783401955
2025-01-21,511260.SSE,104.80117827485267,106.0587924141509,103.4843393085818,104.74123411799776
2025-01-21,513100.SSE,6.213312711227934,6.287872463762669,6.121265536041577,6.195612890730341
2025-01-21,518880.SSE,7.867893344268607,7.9623080643998305,7.715931591516547,7.809647359834562
2025-01-22,159915.SZSE,2.380465114125322,2.410885683214949,2.351899532755818,2.3822981059436255
2025-01-22,510300.SSE,3.6092216678322915,3.652532327846279,3.554239744085584,3.597408647859903
2025-01-22,510500.SSE,4.840075962768783,4.952252308030324,4.781995051215557,4.893529948646565
2025-01-22,511010.SSE,101.08251003023518,102.3086246237732,99.86951990987237,101.09547887724624
2025-01-22,511260.SSE,104.73167231473208,106.02596069260817,103.47489224695529,104.76873586226104
2025-01-22,513100.SSE,6.18766688062121,6.261918883188664,6.110363484216024,6.184578425319863
2025-01-22,518880.SSE,7.826531285312166,7.920449660735912,7.728247110892642,7.822112460417654
2025-01-23,159915.SZSE,2.3836436409025716,2.4122473645934024,2.3505995425778994,2.3791493345930155
2025-01-23,510300.SSE,3.6058681273052584,3.6491385448329217,3.5090291175630623,3.551648904416055
2025-01-23,510500.SSE,4.890833474788553,4.949523476486016,4.828550850088641,4.887197216688908
2025-01-23,511010.SSE,101.09560330857218,102.30875054827504,99.79945327345551,101.01159238203999
2025-01-23,511260.SSE,104.76537412197854,106.04018693366994,103.5081896325148,104.78279341271734
2025-01-23,513100.SSE,6.190618853733952,6.264906279978759,6.103064984434302,6.177191279791804
2025-01-23,518880.SSE,7.83189515714299,7.9258778990287055,7.67061912655833,7.763784541050942
2025-01-24,159915.SZSE,2.3784254699057668,2.410335332557143,2.3498843642668974,2.3817542811829475
2025-01-24,510300.SSE,3.5540999406607447,3.5967491399486735,3.4696074727691335,3.511748454219771
2025-01-24,510500.SSE,4.879651777585146,4.95183206316541,4.821095956254124,4.893114686922342
2025-01-24,511010.SSE,101.01443333254088,102.27155419077397,99.80226013255039,101.05884801459878
2025-01-24,511260.SSE,104.78120483212967,106.03857929011524,103.48662482641448,104.74354739515636
2025-01-24,513100.SSE,6.180976430699238,6.255148147867629,6.078810669200157,6.152642377732953
2025-01-24,518880.SSE,7.754182997013129,7.847233192977287,7.6079768320701495,7.700381408977885
2025-01-27,159915.SZSE,2.3759048113757912,2.404415669112301,2.3396546466647683,2.3680715047214256
2025-01-27,510300.SSE,3.507588260132644,3.5496793192542357,3.4342815254268366,3.475993446788296
2025-01-27,510500.SSE,4.904229226429647,4.963079977146803,4.815605958467565,4.874095099663527
2025-01-27,511010.SSE,101.0652296934639,102.27801244978548,99.79594178143998,101.00803824032387
2025-01-27,511260.SSE,104.72904669436366,106.05890991092926,103.47229813403129,104.80129437838859
2025-01-27,513100.SSE,6.1436488649567345,6.219432187279684,6.069925078577254,6.145683979525379
2025-01-27,518880.SSE,7.68224891236721,7.7942691894025256,7.590061925418803,7.701847025101309
2025-01-28,159915.SZSE,2.370197666034308,2.4041426534006387,2.341755294041896,2.375635033004584
2025-01-28,510300.SSE,3.473876244715045,3.5155627596516252,3.4016889245940307,3.4430049844069135
2025-01-28,510500.SSE,4.875872664527538,4.934383136501869,4.815159130038194,4.873642844168213
2025-01-28,511010.SSE,101.01215005390303,102.2787406065437,99.80000425325619,101.06594921595227
2025-01-28,511260.SSE,104.76596334300544,106.02315490312151,103.49700538032015,104.75405402866411
2025-01-28,513100.SSE,6.141246398869937,6.216056262421655,6.067551442083498,6.142348085396892
2025-01-28,518880.SSE,7.6950650594015855,7.787405840114404,7.5902602170987,7.682449612448076
2025-01-29,159915.SZSE,2.379023559005863,2.4075718417139336,2.34475135407751,2.373230115463067
2025-01-29,510300.SSE,3.4461442939857707,3.4874980255136,3.386998713192874,3.4281363493855
2025-01-29,510500.SSE,4.876343358113799,4.934859478411165,4.804222301600398,4.862573179757488
2025-01-29,511010.SSE,101.06149662292367,102.27884513651917,99.84875866344858,101.06605250644186
2025-01-29,511260.SSE,104.74426122194964,106.00740184031345,103.48733008728624,104.75039707540854
2025-01-29,513100.SSE,6.135875292211429,6.2151900324351494,6.062244788704891,6.141492126912203
2025-01-29,518880.SSE,7.671511439368974,7.763569576641402,7.5585276240052295,7.650331603244159
2025-01-30,159915.SZSE,2.3750154196466657,2.410824636300482,2.346515234610906,2.3822377829056145
2025-01-30,510300.SSE,3.4323489789461297,3.4735371666934833,3.358045102903533,3.3988310758132925
2025-01-30,510500.SSE,4.858648961860006,4.946855635235579,4.800345174317687,4.888197268019347
2025-01-30,511010.SSE,101.07087338693212,102.2837238675753,99.81475354599021,101.02707848784435
2025-01-30,511260.SSE,104.75667924401736,106.01375939494557,103.439632332776,104.69598414248583
2025-01-30,513100.SSE,6.154232783526789,6.2280835769291105,6.012432306174445,6.085457799771706
2025-01-30,518880.SSE,7.666644389169536,7.758644121839571,7.502963316656204,7.594092425765388
2025-01-31,159915.SZSE,2.3797942666185117,2.4150228223187424,2.3512367354190897,2.3863861880619983
2025-01-31,510300.SSE,3.398550678637568,3.4393332867812187,3.334331069926068,3.3748290181437937
2025-01-31,510500.SSE,4.8923180589060955,5.009577306909443,4.833610242199223,4.950175204455971
2025-01-31,511010.SSE,101.04395195759075,102.25647938108185,99.80614118373599,101.01836152199999
2025-01-31,511260.SSE,104.69836178572866,106.00618835273913,103.44198144429991,104.74919797701494
2025-01-31,513100.SSE,6.091893603460879,6.1649963267024095,6.018351355251119,6.091448740132712
2025-01-31,518880.SSE,7.59400104076001,7.713784934855847,7.50287302827089,7.622317129304197
2025-02-03,159915.SZSE,2.3882628481542207,2.4169220023320714,2.351532525047106,2.3800936488331033
2025-02-03,510300.SSE,3.375004855797353,3.4155049140669216,3.309991551510297,3.3501938780468596
2025-02-03,510500.SSE,4.947978615000103,5.016941760744131,4.888602871620102,4.957452332751117
2025-02-03,511010.SSE,101.01675369164637,102.22895473594613,99.68967761647465,100.90048341748447
2025-02-03,511260.SSE,104.77014213202374,106.1208451436454,103.51290042643944,104.86249520123063
2025-02-03,513100.SSE,6.088458660294442,6.1615201642179755,5.992330703822989,6.065112048403836
2025-02-03,518880.SSE,7.630622267080241,7.722189734285204,7.505107702699165,7.59626285698296
2025-02-04,159915.SZSE,2.3824843468791808,2.41295939297397,2.3538945347166305,2.3843472262588636
2025-02-04,510300.SSE,3.3531592576246947,3.393397168716191,3.290799058244337,3.33076827757524
2025-02-04,510500.SSE,4.955813833259288,5.0152835992583995,4.884204225910291,4.943526544443614
2025-02-04,511010.SSE,100.90582447184349,102.12604644026759,99.69495457818137,100.91506565243833
2025-02-04,511260.SSE,104.89667697081602,106.15543709446581,103.52272425128014,104.78008527457504
2025-02-04,513100.SSE,6.069190552001973,6.142020838625997,5.9940942629495275,6.06689702727685
2025-02-04,518880.SSE,7.593737245578223,7.70277501634969,7.502612398631284,7.611437763191393
2025-02-05,159915.SZSE,2.3886873906780948,2.420183058805306,2.3600231419899576,2.3914852359736227
2025-02-05,510300.SSE,3.3312804719759828,3.3712558376396946,3.286922655755877,3.3268447932751792
2025-02-05,510500.SSE,4.947051722538886,5.0256342587383305,4.887687101868419,4.966041757646572
2025-02-05,511010.SSE,100.9119344568482,102.12287767033038,99.69691751353874,100.90781124852099
2025-02-05,511260.SSE,104.7933466232607,106.05086678273983,103.49500034304612,104.75202463871065
2025-02-05,513100.SSE,6.057305468312849,6.1299931339326035,5.952394001993596,6.02469028541862
2025-02-05,518880.SSE,7.60984248116978,7.701160590943817,7.511010577908254,7.602237427032646
2025-02-06,159915.SZSE,2.3890420801885686,2.4351820851661343,2.3603735752263058,2.406306408266931
2025-02-06,510300.SSE,3.3218280746739226,3.3617210899058785,3.2819661377778355,3.3218587844919747
2025-02-06,510500.SSE,4.9566127721116615,5.029310235527601,4.897133418846321,4.969674145778262
2025-02-06,511010.SSE,100.89693466363097,102.19041634795049,99.6861714476674,100.97867228058348
2025-02-06,511260.SSE,104.77616439247902,106.09564237631065,103.51885041976927,104.83759128093938
2025-02-06,513100.SSE,6.0199642411971475,6.092203812091514,5.919298012975341,5.991192320825244
2025-02-06,518880.SSE,7.6019480544398865,7.693171431093165,7.480382089013468,7.5712369321998665
2025-02-07,159915.SZSE,2.40567075326874,2.4443098493714053,2.3768027042295152,2.415325938114037
2025-02-07,510300.SSE,3.318709595793546,3.3585341109430686,3.269323520373042,3.309031903211581
2025-02-07,510500.SSE,4.97894227002048,5.067619187690265,4.919194962780234,5.007528841591171
2025-02-07,511010.SSE,100.98747261312546,102.19932228448297,99.70122125725267,100.91216726442578
2025-02-07,511260.SSE,104.85098993204241,106.10920181122692,103.52341446239576,104.78078386882163
2025-02-07,513100.SSE,5.991925330988658,6.0967120853062235,5.920022227016794,6.024419056626703
2025-02-07,518880.SSE,7.581017427216369,7.671989636342966,7.449835596552334,7.54031942970884
2025-02-10,159915.SZSE,2.4174325794464955,2.4676600495261543,2.3884233884931376,2.438399258425054
2025-02-10,510300.SSE,3.309939717007345,3.3496589936114334,3.2500413052156736,3.2895154911089812
2025-02-10,510500.SSE,5.008594494094517,5.075399914875244,4.948491360165383,5.015217307188976
2025-02-10,511010.SSE,100.90282952092095,102.20713601225988,99.69199556666989,100.99519368800384
2025-02-10,511260.SSE,104.81064888819617,106.08320482434755,103.55292110153782,104.82530120982959
2025-02-10,513100.SSE,6.027598394066546,6.099929574795344,5.922604344112861,5.99453880983083
2025-02-10,518880.SSE,7.543061303332787,7.649562730508165,7.452544567692794,7.558856453071309
2025-02-11,159915.SZSE,2.4385625840161955,2.4877598983621785,2.409299833008001,2.4582607691325875
2025-02-11,510300.SSE,3.294183539731107,3.33371374220788,3.231751975350348,3.2710040236339557
2025-02-11,510500.SSE,5.022717826138049,5.082990440051705,4.956649123132632,5.016851339203068
2025-02-11,511010.SSE,101.00169372734204,102.2767214649725,99.78967340261394,101.06395401677123
2025-02-11,511260.SSE,104.85764224606848,106.16640250168683,103.59935053911566,104.90751235344548
2025-02-11,513100.SSE,5.993857255650068,6.082841133063606,5.921930968582267,6.0107125820786615
2025-02-11,518880.SSE,7.549537927844883,7.670585928551888,7.458943472710744,7.579630364181707
2025-02-12,159915.SZSE,2.4550583937669903,2.4967269290447307,2.4255976930417864,2.4671214713880736
2025-02-12,510300.SSE,3.2771767063713946,3.3165028268478514,3.2210706851057718,3.260193001119202
2025-02-12,510500.SSE,5.01056086166825,5.0842104051281565,4.950434131328231,5.023923325225451
2025-02-12,511010.SSE,101.06442995115306,102.36429334348274,99.85165679173922,101.15048749356002
2025-02-12,511260.SSE,104.9241444003799,106.18498756960908,103.66505466757535,104.92587704506826
2025-02-12,513100.SSE,6.012452027971011,6.084601452306663,5.931985243319802,6.004033647084819
2025-02-12,518880.SSE,7.593991686069887,7.685119586302726,7.41990638036831,7.510026700777642
2025-02-13,159915.SZSE,2.4683151535972194,2.5203527912268395,2.438695371754053,2.4904671850067586
2025-02-13,510300.SSE,3.2631593355380284,3.302317247564485,3.2199988964390496,3.259108194776366
2025-02-13,510500.SSE,5.018515342084468,5.117741791693395,4.958293157979455,5.057057106416398
2025-02-13,511010.SSE,101.14536376655161,102.41370702218671,99.93161940135299,101.19931523931493
2025-02-13,511260.SSE,104.93823069831707,106.25865459067333,103.67897192993726,104.99867054414361
2025-02-13,513100.SSE,6.0045823960251274,6.076637384777429,5.9272127157252505,5.999203153568067
2025-02-13,518880.SSE,7.507461578030325,7.61070472869393,7.417372039093961,7.520459218077006
2025-02-14,159915.SZSE,2.4921490801162585,2.5487694458284045,2.4622432911548633,2.5185468832296487
2025-02-14,510300.SSE,3.260200741481146,3.2993231503789198,3.1940406572619238,3.2328346733420283
2025-02-14,510500.SSE,5.0502066554626435,5.119684386968969,4.9896041755970915,5.058976666965385
2025-02-14,511010.SSE,101.19378075233917,102.48307501350115,99.97945538331109,101.26786068527781
2025-02-14,511260.SSE,104.99507908803311,106.36108658384865,103.73513813897671,105.09988792870419
2025-02-14,513100.SSE,5.998058373062928,6.0700350735396835,5.915784095579093,5.987635724270337
2025-02-14,518880.SSE,7.516463605951656,7.6066611692230754,7.4044783384336865,7.494411273718306
2025-02-17,159915.SZSE,2.5188053582836734,2.5775406357596036,2.4885796939842693,2.5469769128059325
2025-02-17,510300.SSE,3.235660164103142,3.2744880860723797,3.177999124789687,3.216598304443003
2025-02-17,510500.SSE,5.06045417444806,5.121179624541436,4.993130561699324,5.053775872165308
2025-02-17,511010.SSE,101.25928499409513,102.47439641402427,99.99261777415548,101.20710301027883
2025-02-17,511260.SSE,105.09916384059908,106.47029690471507,103.83797387451189,105.20780326552872
2025-02-17,513100.SSE,5.985567334359952,6.057394142372272,5.877569892528172,5.948957381101389
2025-02-17,518880.SSE,7.46971234033353,7.559348888417532,7.353671818240919,7.442987670284331
2025-02-18,159915.SZSE,2.547629487087973,2.578201040933029,2.51565679283281,2.546211328778148
2025-02-18,510300.SSE,3.2140971627615165,3.2526663287146547,3.137649803558128,3.1757589104839354
2025-02-18,510500.SSE,5.054164929429097,5.114814908582247,4.9895116326664235,5.0501129885287686
2025-02-18,511010.SSE,101.17934568924582,102.46470300140031,99.96519354097487,101.24970652312284
2025-02-18,511260.SSE,105.2018795783851,106.46537248710143,103.93945702344448,105.2029372402188
2025-02-18,513100.SSE,5.945999646462344,6.017351642219892,5.863491195169179,5.934707687418197
2025-02-18,518880.SSE,7.448498509133433,7.537880491243034,7.332787213862408,7.421849406743329
2025-02-19,159915.SZSE,2.5454429381958588,2.5782484992677364,2.5148976229375086,2.5476763826756286
2025-02-19,510300.SSE,3.175191232541883,3.2132935273323855,3.1213236940512217,3.1592345081490096
2025-02-19,510500.SSE,5.047377508802293,5.1079460389079205,4.964527444599919,5.024825348785344
2025-02-19,511010.SSE,101.25616806529742,102.47124208208099,99.99812865324724,101.21268082312473
2025-02-19,511260.SSE,105.21383071988029,106.47639668851886,103.90703763136058,105.16906642850262
2025-02-19,513100.SSE,5.936313799578397,6.007549565173338,5.826320294763019,5.897085318586052
2025-02-19,518880.SSE,7.4227241089830125,7.511796798290809,7.268754715953233,7.357039186187483
2025-02-20,159915.SZSE,2.552074046206825,2.6012994133291376,2.5214491576523432,2.5704539657402545
2025-02-20,510300.SSE,3.1561984087164516,3.1940727896210492,3.1104521344326796,3.1482309052962343
2025-02-20,510500.SSE,5.01888408995593,5.086957832278354,4.958657480876458,5.026638174188096
2025-02-20,511010.SSE,101.21658681097958,102.43118585271134,99.91416947942685,101.12770190225389
2025-02-20,511260.SSE,105.15644079798967,106.41831808756555,103.85034173581828,105.11168191884441
2025-02-20,513100.SSE,5.899912379692053,5.970711328248358,5.802526706033852,5.87300273890066
2025-02-20,518880.SSE,7.3578969193169605,7.446191682348764,7.226114564126543,7.313881137779902
2025-02-21,159915.SZSE,2.567754331958317,2.602733340917566,2.536941279974817,2.5718708902347487
2025-02-21,510300.SSE,3.143647692911135,3.1813714652260687,3.089860980672864,3.127389656551482
2025-02-21,510500.SSE,5.01921581817613,5.079446407994244,4.931369690985878,4.991264869418905
2025-02-21,511010.SSE,101.14202378297043,102.35572806836608,99.86225043224896,101.07515225936129
2025-02-21,511260.SSE,105.1083340563053,106.42233588660261,103.84703404762963,105.16041095514092
2025-02-21,513100.SSE,5.874362020764879,5.949874530370009,5.803869676515701,5.8793226584683875
2025-02-21,518880.SSE,7.310444698283491,7.398170034662893,7.178833168595628,7.266025474287073
2025-02-24,159915.SZSE,2.570109228487166,2.604599438142704,2.53926791774532,2.5737148598248063
2025-02-24,510300.SSE,3.12860688739014,3.170486507793538,3.0910636047414584,3.1328918061200968
2025-02-24,510500.SSE,4.990982548749641,5.050874339334637,4.923546063978387,4.983346218601606
2025-02-24,511010.SSE,101.06619980796732,102.3059966659476,99.85340541027172,101.0928820809759
2025-02-24,511260.SSE,105.11914061672658,106.3805703041273,103.83863953065094,105.09983758163051
2025-02-24,513100.SSE,5.871243969562468,5.9488529336414455,5.800789041927719,5.878313175535025
2025-02-24,518880.SSE,7.261150971352677,7.34828478300891,7.146742710532096,7.233545253574996
2025-02-25,159915.SZSE,2.573747845878831,2.6156206351221303,2.542862871728285,2.584605370674042
2025-02-25,510300.SSE,3.133569938140062,3.171172777397743,3.073377711986901,3.1107061862215595
2025-02-25,510500.SSE,4.980640076831636,5.057813840783981,4.920872395909656,4.997839763620535
2025-02-25,511010.SSE,101.1248220911494,102.3383199562432,99.86223978863516,101.07514148647284
2025-02-25,511260.SSE,105.13002466069048,106.39158495661877,103.84403322605708,105.10529678750717
2025-02-25,513100.SSE,5.871466486722788,5.941924084563461,5.775100380292913,5.845243299891612
2025-02-25,518880.SSE,7.230426986353417,7.317192110189659,7.129364153877916,7.215955621333924
2025-02-26,159915.SZSE,2.587257104230944,2.6343401220888913,2.5562100189801726,2.603102887439616
2025-02-26,510300.SSE,3.113202786527594,3.150561219965925,3.0626461084801955,3.0998442393524246
2025-02-26,510500.SSE,4.99384371579922,5.061667320746098,4.933917591209629,5.001647550144366
2025-02-26,511010.SSE,101.06874471145603,102.32675460173006,99.85591977491856,101.11339387522733
2025-02-26,511260.SSE,105.10143468405944,106.38654780720486,103.84021746785072,105.12504724032101
2025-02-26,513100.SSE,5.847964087655885,5.929061205841976,5.777788518604015,5.858756132254917
2025-02-26,518880.SSE,7.219855847998104,7.306494118174081,7.086608413720554,7.172680580688819
2025-02-27,159915.SZSE,2.598559404687354,2.64590785629235,2.567376691831106,2.614533454834338
2025-02-27,510300.SSE,3.101819873869273,3.139041712355704,3.046609693639222,3.083613050242128
2025-02-27,510500.SSE,5.010683364627076,5.070811565002601,4.944507301057149,5.004562045604402
2025-02-27,511010.SSE,101.09864739966285,102.31183116845881,99.81558862988997,101.02792371446354
2025-02-27,511260.SSE,105.13302969587085,106.3946260522213,103.83840457694345,105.09959977423426
2025-02-27,513100.SSE,5.86882397692307,5.939249864646147,5.779473734694197,5.849669771957689
2025-02-27,518880.SSE,7.178030794013163,7.274244576991289,7.091894424485005,7.187988712441985
2025-02-28,159915.SZSE,2.6105397243764004,2.6578526749717057,2.5792132476838834,2.6263366353475353
2025-02-28,510300.SSE,3.0844860983582607,3.12149993153856,3.036416809569609,3.0732963659611428
2025-02-28,510500.SSE,5.004081397395218,5.065045573566974,4.944032420626476,5.004985744631397
2025-02-28,511010.SSE,101.01119344584006,102.22332776719014,99.74175445709892,100.95319277034304
2025-02-28,511260.SSE,105.1251383429525,106.40539561732292,103.86363668283707,105.14367155861949
2025-02-28,513100.SSE,5.850710041248906,5.920918561743893,5.771958547779934,5.8420633074695685
2025-02-28,518880.SSE,7.1860515456649345,7.277305155492477,7.099818927116956,7.191012999498494
2025-03-03,159915.SZSE,2.620100330019849,2.669183395218214,2.588659126059611,2.637532999227484
2025-03-03,510300.SSE,3.075292770081375,3.1121962833223513,3.0259374365918226,3.062689713149618
2025-03-03,510500.SSE,5.0124072127730415,5.085409907606851,4.952258326219765,5.025108604354596
2025-03-03,511010.SSE,100.92402281831181,102.26504845356818,99.71293454449207,101.05241942052191
2025-03-03,511260.SSE,105.14893401606808,106.56929815625418,103.88714680787527,105.30563058918396
2025-03-03,513100.SSE,5.839258156070349,5.930777096290664,5.769187058197504,5.860451676176545
2025-03-03,518880.SSE,7.198978533481562,7.3127189315568035,7.112590791079784,7.22600684936443
2025-03-04,159915.SZSE,2.6376336083377536,2.6773370515673673,2.6059820050377005,2.645589971904513
2025-03-04,510300.SSE,3.062537204353854,3.0992876508061005,3.0150193299711416,3.0516389979464997
2025-03-04,510500.SSE,5.021983318131984,5.0949658953012955,4.961719518314401,5.034551279941992
2025-03-04,511010.SSE,101.07823534366482,102.32667579576238,99.86529651954083,101.11331600371777
2025-03-04,511260.SSE,105.33098322794463,106.59495502667997,104.04773310659772,105.31147075566571
2025-03-04,513100.SSE,5.8619857360540975,5.9323295648867465,5.784290311730316,5.85454484992947
2025-03-04,518880.SSE,7.22534110073301,7.312045193941806,7.11797658440011,7.204429741295658
2025-03-05,159915.SZSE,2.6421405475106705,2.682332954422836,2.6104348609405426,2.650526634805174
2025-03-05,510300.SSE,3.053109346787299,3.0897466589487466,3.010628711823717,3.047195052453155
2025-03-05,510500.SSE,5.035989213794328,5.09642108435986,4.971225732988603,5.0316049929034445
2025-03-05,511010.SSE,101.13642417224611,102.35006126231306,99.85450608913055,101.0673138553953
2025-03-05,511260.SSE,105.28967813825481,106.556314245509,104.02620200059576,105.29280063785474
2025-03-05,513100.SSE,5.846785162865849,5.91694658482024,5.755625198481575,5.825531577410501
2025-03-05,518880.SSE,7.200192879844443,7.286595194402576,7.083430819042893,7.169464391743819
2025-03-06,159915.SZSE,2.6493377644863823,2.721085494830128,2.6175457113125455,2.6888196589230513
2025-03-06,510300.SSE,3.0446146580521,3.08994867675061,3.008079282155475,3.053308969121156
2025-03-06,510500.SSE,5.031279347807984,5.103956769520249,4.970903995634288,5.043435543004198
2025-03-06,511010.SSE,101.07743364532547,102.30652096950264,99.86450444158156,101.09340016749273
2025-03-06,511260.SSE,105.33488012654372,106.63553910794177,104.0708615650252,105.37108607504128
2025-03-06,513100.SSE,5.834434544849353,5.937729817160005,5.764421330311161,5.867321953715419
2025-03-06,518880.SSE,7.171124206146251,7.289912961424845,7.085070715672496,7.203471305755776
2025-03-07,159915.SZSE,2.6908951740207767,2.7399917848597704,2.6586044319325275,2.7075017636954253
2025-03-07,510300.SSE,3.054626217335982,3.091281731944014,3.007382925839089,3.0439098439666896
2025-03-07,510500.SSE,5.0334566047291425,5.109609693342571,4.973055125472393,5.04902143610926
2025-03-07,511010.SSE,101.0783031841356,102.37910584496834,99.86536354592597,101.1651243527355
2025-03-07,511260.SSE,105.39017946842392,106.66758705557177,104.12549731480283,105.40275400748199
2025-03-07,513100.SSE,5.868599368659885,5.9396014406596604,5.798176176235967,5.8691713840510475
2025-03-07,518880.SSE,7.1920560089625605,7.278360681070112,7.090070065865797,7.176184277192102
2025-03-10,159915.SZSE,2.7054760474910196,2.759137598543352,2.6730103349211274,2.7264205519203086
2025-03-10,510300.SSE,3.0462844734396914,3.0828398871209677,3.001370521735189,3.03782441471173
2025-03-10,510500.SSE,5.057442112760162,5.118131418113284,4.962530503921393,5.022804153766592
2025-03-10,511010.SSE,101.19566848284335,102.41001650463747,99.96560590248056,101.17976305919085
2025-03-10,511260.SSE,105.40642915802806,106.73601179831844,104.14155200813173,105.47036738964273
2025-03-10,513100.SSE,5.864589154749358,5.93496422460635,5.788631506407779,5.858938771667793
2025-03-10,518880.SSE,7.178132909427265,7.264270504340392,7.059831390720722,7.14557833068899
2025-03-11,159915.SZSE,2.7271563185848926,2.769441287948383,2.694430442761874,2.7366020631901016
2025-03-11,510300.SSE,3.035451904623227,3.0718773274787057,2.9850191062215266,3.0212743990096422
2025-03-11,510500.SSE,5.0220122244216965,5.082276371114757,4.92842584234982,4.988285265536255
2025-03-11,511010.SSE,101.17383208945783,102.41718954993088,99.95974610438434,101.20275647226372
2025-03-11,511260.SSE,105.49542097159868,106.76136602325786,104.22841255223761,105.49434468849961
2025-03-11,513100.SSE,5.8577987640973435,5.928092349266512,5.782299842561038,5.852530205021293
2025-03-11,518880.SSE,7.132733475924317,7.23576628133034,7.0471406742132245,7.149966681156463
2025-03-12,159915.SZSE,2.7356465331899162,2.783577392940402,2.7028187747916372,2.7505705463837966
2025-03-12,510300.SSE,3.021457103359747,3.058354981738646,2.98519961811943,3.0220899029038004
2025-03-12,510500.SSE,4.992631062309139,5.052542635056848,4.925956202001207,4.985785629555878
2025-03-12,511010.SSE,101.19821888137818,102.49408420907001,99.98384025480165,101.2787393370257
2025-03-12,511260.SSE,105.47379929415702,106.76838634037068,104.20811370262713,105.50235804384455
2025-03-12,513100.SSE,5.848932733088324,5.9523085218387495,5.778745540291264,5.881727788378211
2025-03-12,518880.SSE,7.1413989028546005,7.227095689688856,7.023647980527606,7.108955445878144
2025-03-13,159915.SZSE,2.7527282063652265,2.7884290305567716,2.719695467888844,2.755364654700367
2025-03-13,510300.SSE,3.019892022530509,3.056130726800875,2.967177013621392,3.0032156008313686
2025-03-13,510500.SSE,4.981413184958277,5.041190143177777,4.9179522951107035,4.97768450922136
2025-03-13,511010.SSE,101.30300287428665,102.51863890877809,100.02823361199572,101.24315142914546
2025-03-13,511260.SSE,105.49728324085471,106.76325063974497,104.14512984935097,105.41005045480867
2025-03-13,513100.SSE,5.8907353787392776,5.961424203284149,5.798040974394168,5.868462524690454
2025-03-13,518880.SSE,7.092232560827846,7.192587624242366,7.007125770097911,7.107300023954907
2025-03-14,159915.SZSE,2.7568924210243977,2.7899751300766904,2.7118131331217095,2.7447501347385725
2025-03-14,510300.SSE,3.0013714186452733,3.0445483574067262,2.96535496162153,3.0084469934849074
2025-03-14,510500.SSE,4.9767273007233435,5.044580806878104,4.917006573114663,4.984763643160181
2025-03-14,511010.SSE,101.25427040368226,102.47861416592745,100.03921915883807,101.2634527331299
2025-03-14,511260.SSE,105.43542659333667,106.70065171245672,104.08090350887096,105.34504403731879
2025-03-14,513100.SSE,5.867078043245278,5.937482979764221,5.7726160577840355,5.842728803425137
2025-03-14,518880.SSE,7.105848128764406,7.197773575748349,7.0205779512192334,7.112424481964772
2025-03-17,159915.SZSE,2.7425353128661754,2.7754457366205694,2.707705246988938,2.7405923552519615
2025-03-17,510300.SSE,3.0045012445607826,3.0564656975339943,2.968447229626053,3.0202230212786505
2025-03-17,510500.SSE,4.979724961653172,5.03948166119301,4.886652602560468,4.946004658462012
2025-03-17,511010.SSE,101.3006080985545,102.51621539573716,100.0392225439468,101.25427382990567
2025-03-17,511260.SSE,105.31226821428999,106.57601543286147,103.97832346754853,105.2412180845633
2025-03-17,513100.SSE,5.843787952652829,5.913913408084663,5.754110015518873,5.8239979914158635
2025-03-17,518880.SSE,7.125793495420965,7.211303017366017,7.0358226137527895,7.1212779491425
2025-03-18,159915.SZSE,2.740053168308601,2.773933029162718,2.7071725302888976,2.7410405426509072
2025-03-18,510300.SSE,3.0246863924112963,3.060982629120232,2.9819428195680513,3.018160748550659
2025-03-18,510500.SSE,4.9531419331565365,5.012579636354415,4.864684841970788,4.923770082966384
2025-03-18,511010.SSE,101.25847128221406,102.49236391027858,100.04336962682748,101.27703943703418
2025-03-18,511260.SSE,105.2510490868649,106.56481743337059,103.98803649782252,105.30120299740177
2025-03-18,513100.SSE,5.827897575044964,5.936959925068241,5.757962804144424,5.866561190778895
2025-03-18,518880.SSE,7.120305324216753,7.231013891129111,7.034861660326152,7.145270643408212
2025-03-19,159915.SZSE,2.7443803424738853,2.777312906583572,2.7036844115196814,2.736522683724374
2025-03-19,510300.SSE,3.021915559602849,3.058178546318083,2.958759767288985,2.994696120737839
2025-03-19,510500.SSE,4.925559267328422,4.984665978536364,4.864799514543905,4.92388614832379
2025-03-19,511010.SSE,101.27033797476942,102.50757218749203,100.05509391907218,101.2920673789447
2025-03-19,511260.SSE,105.31054320992187,106.57426972844094,104.00498229244101,105.26820070085122
2025-03-19,513100.SSE,5.861493336273873,5.97010795141925,5.7911554162385865,5.899316157528903
2025-03-19,518880.SSE,7.150637681746604,7.265746860278752,7.064830029565645,7.179591759168727
2025-03-20,159915.SZSE,2.737778870809529,2.7706322172592435,2.7038362497438926,2.736676366137543
2025-03-20,510300.SSE,2.9965744024482173,3.032533295277596,2.9480844487645435,2.9838911424742345
2025-03-20,510500.SSE,4.925995151264796,4.985107093079973,4.846464236308225,4.9053281744010375
2025-03-20,511010.SSE,101.28173940859917,102.52148266190528,100.06635853569597,101.30581290702102
2025-03-20,511260.SSE,105.30275584753338,106.61207927552134,104.03912277736298,105.34790442245192
2025-03-20,513100.SSE,5.900649520470169,5.971457314715811,5.82901541980251,5.899813177937763
2025-03-20,518880.SSE,7.199322249681884,7.285714116678066,7.080367871071169,7.166364241974867
2025-03-21,159915.SZSE,2.732219793538182,2.795725189839488,2.699433156015724,2.762574298260364
2025-03-21,510300.SSE,2.990764668110734,3.0305688302743135,2.954875492093405,2.994633231496357
2025-03-21,510500.SSE,4.913107064576497,4.972064349351415,4.8005383961898636,4.858844530556542
2025-03-21,511010.SSE,101.27463246491928,102.54311048170393,100.05933687534025,101.32718427045843
2025-03-21,511260.SSE,105.32011458240929,106.63810351015458,104.05627320742038,105.37362006932271
2025-03-21,513100.SSE,5.901702452057576,6.010405609426457,5.830882022632885,5.939135977694128
2025-03-21,518880.SSE,7.169743251620999,7.255780170640451,7.054675717009716,7.140360037459227
2025-03-24,159915.SZSE,2.7646881657991287,2.798766815331125,2.731511907809539,2.765579857046566
2025-03-24,510300.SSE,2.9939721294531223,3.0298997950065596,2.9531765133610657,2.9890450540091758
2025-03-24,510500.SSE,4.8654038503858335,4.923788696590464,4.776297695329898,4.834309408228642
2025-03-24,511010.SSE,101.32247949215221,102.53834924605803,100.03335842890208,101.24833849079158
2025-03-24,511260.SSE,105.40189263676261,106.66671534840377,104.07419005728325,105.33824904583325
2025-03-24,513100.SSE,5.928377533987419,6.017895593434852,5.85723700357957,5.946537147662897
2025-03-24,518880.SSE,7.133988344284705,7.251705417219639,7.048380484153289,7.1657168154344255
2025-03-25,159915.SZSE,2.7620825633757984,2.818543753552113,2.7289375726152887,2.785122286118689
2025-03-25,510300.SSE,2.999636193889255,3.035631828215926,2.949685310957357,2.9855114483374057
2025-03-25,510500.SSE,4.838627888986773,4.896691423654614,4.721812855832256,4.7791628095468175
2025-03-25,511010.SSE,101.26765502883204,102.49846067997159,100.05244316848605,101.2830639130154
2025-03-25,511260.SSE,105.3284272256795,106.59236835238767,104.0290315751545,105.2925420801159
2025-03-25,513100.SSE,5.948290520008835,6.019670006248941,5.871162483796651,5.942472149591752
2025-03-25,518880.SSE,7.160472260233275,7.246397927356075,7.026308634781293,7.1116484157705395
2025-03-26,159915.SZSE,2.7897157618491297,2.83200273435135,2.75623917270694,2.7984216742602275
2025-03-26,510300.SSE,2.9847190465605076,3.029683934613308,2.9489024180017815,2.9937588286692765
2025-03-26,510500.SSE,4.771242269318471,4.828497176550292,4.687125166475438,4.744053812222103
2025-03-26,511010.SSE,101.29317304411185,102.5086911206412,100.02638592333068,101.2412812989177
2025-03-26,511260.SSE,105.2846979119263,106.60272265987254,104.02128153698318,105.33865875481476
2025-03-26,513100.SSE,5.942154894964955,6.018709910904786,5.870849036225375,5.9473418091944525
2025-03-26,518880.SSE,7.11165387687568,7.196993723398188,6.983704143649876,7.068526461184086
2025-03-27,159915.SZSE,2.801767176223309,2.8458716925163294,2.7681459701086295,2.8121261783758196
2025-03-27,510300.SSE,2.994650279941424,3.030586083300721,2.958539842563354,2.9944735248616943
2025-03-27,510500.SSE,4.740204978630532,4.79920292138236,4.683322518886965,4.7422953768600395
2025-03-27,511010.SSE,101.24162396759841,102.45652345520959,100.01011893595135,101.22481673679287
2025-03-27,511260.SSE,105.31720688889263,106.58101337155934,104.03303889817981,105.29659807508078
2025-03-27,513100.SSE,5.948243657188501,6.029142703179235,5.876864733302239,5.9576508924696
2025-03-27,518880.SSE,7.063309149621085,7.153792337167698,6.978549439825632,7.068964760047133
2025-03-28,159915.SZSE,2.8130773995096026,2.8483827714507868,2.7793204707154873,2.814607481670738
2025-03-28,510300.SSE,2.9930841892599758,3.0462023463821164,2.957167178988856,3.0100813699428026
2025-03-28,510500.SSE,4.73674443838797,4.815234715793063,4.679903505127315,4.758137070941762
2025-03-28,511010.SSE,101.20803278561885,102.44771198200357,99.99353639219143,101.2329169782644
2025-03-28,511260.SSE,105.27750861921598,106.54083872264657,104.01187245771794,105.2751745523461
2025-03-28,513100.SSE,5.95789854524355,6.029393327786472,5.885704991634072,5.957191287079021
2025-03-28,518880.SSE,7.064363644549106,7.1970136325091465,6.979591280814517,7.111673549910224
2025-03-31,159915.SZSE,2.815123835889281,2.8688048291712214,2.7813423498586096,2.8347873806039736
2025-03-31,510300.SSE,3.011389172567646,3.064363045709058,2.975252502496834,3.0280267250089508
2025-03-31,510500.SSE,4.7621774412884355,4.819323570583896,4.673602953988326,4.730367362336363
2025-03-31,511010.SSE,101.23674488686757,102.50993923276195,100.02190394822516,101.29440635648415
2025-03-31,511260.SSE,105.28225493802859,106.65455641747415,104.01886787877224,105.3898778828796
2025-03-31,513100.SSE,5.958992804683611,6.055860202347987,5.887484891027407,5.984051583347814
2025-03-31,518880.SSE,7.119852854774189,7.216096578377006,7.034414620516899,7.130530215787555
2025-04-01,159915.SZSE,2.8340961425587308,2.8796676219273354,2.800086988848026,2.8455213655408453
2025-04-01,510300.SSE,3.030980139449103,3.078161888024708,2.9946083777757138,3.0416619446884465
2025-04-01,510500.SSE,4.731309243532836,4.78808495445523,4.642685100180512,4.699073988036956
2025-04-01,511010.SSE,101.31150652688704,102.52724460520969,99.964443923684,101.1785869672915
2025-04-01,511260.SSE,105.37034160639354,106.67209391591173,104.10589750711681,105.40720742679025
2025-04-01,513100.SSE,5.993395390035259,6.067138852309729,5.921474645354835,5.995196494377203
2025-04-01,518880.SSE,7.139071872488117,7.2289749954255775,7.053403010018259,7.143255924333575
2025-04-02,159915.SZSE,2.8477748041477384,2.8819481017975113,2.809512529651344,2.8436361636147205
2025-04-02,510300.SSE,3.0412577271992274,3.0814828229323425,3.0047626344728364,3.044943500921287
2025-04-02,510500.SSE,4.691457027128706,4.747754511454251,4.619544095444602,4.675651918466197
2025-04-02,511010.SSE,101.18585048895814,102.43475121848186,99.97162028309064,101.22010989968564
2025-04-02,511260.SSE,105.42021344650517,106.68525600786323,104.13439421041386,105.39918442349581
2025-04-02,513100.SSE,5.986952226294738,6.058795653010275,5.8959963682204375,5.967607660142143
2025-04-02,518880.SSE,7.129544230975595,7.215098761747303,7.000023343236974,7.085043869673051
2025-04-03,159915.SZSE,2.842406345048071,2.890202325973717,2.808297468907494,2.8559311521479414
2025-04-03,510300.SSE,3.0512617271378093,3.095459242677197,3.0146465864121557,3.0587541923687716
2025-04-03,510500.SSE,4.674622445867494,4.742732032839221,4.618526976517084,4.686494103596068
2025-04-03,511010.SSE,101.22292276413481,102.43759783730442,99.9847737698373,101.19916373465314
2025-04-03,511260.SSE,105.38753905343955,106.72089866031662,104.12288858479828,105.45543345881089
2025-04-03,513100.SSE,5.965225999478731,6.051419370564791,5.893643287484986,5.979663409649003
2025-04-03,518880.SSE,7.078284201594668,7.163223612013804,6.989198304091418,7.074087352319249
2025-04-04,159915.SZSE,2.8567161599028483,2.906710554078172,2.822435565984014,2.8722436305120276
2025-04-04,510300.SSE,3.059607726790957,3.102207041090977,3.0228924340694654,3.0654219773626252
2025-04-04,510500.SSE,4.678332046004119,4.7344720305561685,4.6115744063151025,4.667585431493019
2025-04-04,511010.SSE,101.18572271932558,102.51156777488605,99.97149404669368,101.29601558783206
2025-04-04,511260.SSE,105.43411544620668,106.76754842874263,104.1689060608522,105.5015300679275
2025-04-04,513100.SSE,5.984315732715319,6.071843451526299,5.912503943922736,5.999845307832311
2025-04-04,518880.SSE,7.070258913161038,7.155102020118971,6.957147239826142,7.0416470038726136
2025-04-07,159915.SZSE,2.8751669263833874,2.909668929499988,2.832368602535444,2.866769840622919
2025-04-07,510300.SSE,3.0663894738308892,3.10318614751686,3.0225525858148266,3.0592637508247233
2025-04-07,510500.SSE,4.667295975944348,4.72330352765568,4.577444323317246,4.633040813074135
2025-04-07,511010.SSE,101.31065698962963,102.5263848735052,100.04534838966117,101.26047407860443
2025-04-07,511260.SSE,105.49224969736805,106.78571860027384,104.22634270099964,105.51948478287929
2025-04-07,513100.SSE,6.0032126466969045,6.100592978980936,5.931174094936542,6.028253931799344
2025-04-07,518880.SSE,7.046570392605004,7.136164439871479,6.962011547893743,7.051545889201066
2025-04-08,159915.SZSE,2.864891457876883,2.899270155371406,2.825437831136913,2.859754889814689
2025-04-08,510300.SSE,3.0560211295450546,3.1210666368149913,3.019348875990514,3.08405794151679
2025-04-08,510500.SSE,4.62410180456227,4.695181180688272,4.568612582907522,4.639507095541771
2025-04-08,511010.SSE,101.2076315101763,102.48523545274391,99.99313993205418,101.26999550666395
2025-04-08,511260.SSE,105.52540647726696,106.79171135499416,104.23291939627552,105.49890627153393
2025-04-08,513100.SSE,6.031485780036005,6.103863609396437,5.935271345067675,6.007359660999671
2025-04-08,518880.SSE,7.06095602072159,7.145687492970249,6.933114301120635,7.0173221671261485
2025-04-09,159915.SZSE,2.8576997750373674,2.8919921723378157,2.82237962112765,2.8566595355543014
2025-04-09,510300.SSE,3.085564097136412,3.1366360179430504,3.048537327970775,3.0994427054773226
2025-04-09,510500.SSE,4.642370394121556,4.698078838851015,4.567937812524263,4.623418838587311
2025-04-09,511010.SSE,101.27645751002703,102.62078352761142,100.0611400199067,101.40393629210615
2025-04-09,511260.SSE,105.49402963994984,106.92508285085911,104.22810128427045,105.65719649294378
2025-04-09,513100.SSE,6.026689376266562,6.10152231118154,5.954369103751363,6.0291722442505336
2025-04-09,518880.SSE,7.039477745308987,7.123951478252694,6.919784347143122,7.003830310873606
2025-04-10,159915.SZSE,2.8526817627686887,2.8877308182736985,2.8184495816154644,2.8534889508633383
2025-04-10,510300.SSE,3.098958098725581,3.14637000803065,3.061770601540874,3.1090612727575593
2025-04-10,510500.SSE,4.625458014261117,4.6809635104322505,4.550542685882522,4.6058124351037675
2025-04-10,511010.SSE,101.4473857257622,102.66475435447136,100.15356180169533,101.37000182357828
2025-04-10,511260.SSE,105.65779891886032,106.92569250588664,104.34939242133298,105.61679394871759
2025-04-10,513100.SSE,6.033493642520358,6.105895566230602,5.952010097857146,6.024301718478893
2025-04-10,518880.SSE,7.000026264770026,7.089932776440209,6.916025949592786,7.00586242731246
2025-04-11,159915.SZSE,2.849947445633225,2.8873490780545787,2.8157480762856264,2.853111737208082
2025-04-11,510300.SSE,3.106855825005782,3.1507272363689,3.0695735551057126,3.1133668343566203
2025-04-11,510500.SSE,4.616076115746291,4.671469029135247,4.500435502507841,4.555096662457329
2025-04-11,511010.SSE,101.34452105775081,102.63543853855633,100.1283868050578,101.41841752821772
2025-04-11,511260.SSE,105.62904985976562,106.96368892632817,104.36150126144842,105.69534478886183
2025-04-11,513100.SSE,6.032255593533166,6.125716802671583,5.959868526410768,6.053079844537137
2025-04-11,518880.SSE,7.0024652900037205,7.1095473480632325,6.918435706523676,7.025244415082246
2025-04-14,159915.SZSE,2.8470321716148663,2.8811965576742447,2.8095027130379844,2.843626227771239
2025-04-14,510300.SSE,3.1105477534850956,3.1511863591954006,3.0732211804432743,3.113820513038933
2025-04-14,510500.SSE,4.559604727335659,4.614319984063687,4.475897031924827,4.530260153770068
2025-04-14,511010.SSE,101.41433772559067,102.63642217849595,100.19736567288358,101.41938950444263
2025-04-14,511260.SSE,105.71441432700578,106.98298729892986,104.42771507152142,105.69606788615529
2025-04-14,513100.SSE,6.050911712622448,6.140196526650707,5.978300772070979,6.067387872184493
2025-04-14,518880.SSE,7.030070061278302,7.114430902013641,6.938366481126807,7.022638138792315
2025-04-15,159915.SZSE,2.8460485125398347,2.880201094690313,2.807010445061114,2.8411036893331114
2025-04-15,510300.SSE,3.1235416126677307,3.1610241120197435,3.0836404877739847,3.121093611107272
2025-04-15,510500.SSE,4.528025474908755,4.582361780607661,4.427913269910502,4.481693593026824
2025-04-15,511010.SSE,101.41925578323266,102.6545955417918,100.20222471383386,101.43734737331206
2025-04-15,511260.SSE,105.69060538484987,107.01660830264625,104.42231812023168,105.74763666269392
2025-04-15,513100.SSE,6.060363492904517,6.194213230084754,5.987639130989662,6.120764061348571
2025-04-15,518880.SSE,7.017050907905928,7.122377245527296,6.932846297011056,7.037922179374798
2025-04-16,159915.SZSE,2.847105886700694,2.8818463191092616,2.8129406160602857,2.8476742283688354
2025-04-16,510300.SSE,3.1201343651902795,3.187503533963599,3.082692752807996,3.149707049371145
2025-04-16,510500.SSE,4.485973030960374,4.539804707331899,4.39685052829778,4.4502535711516
2025-04-16,511010.SSE,101.42952714584145,102.67640569681238,100.21237282009135,101.45889890989366
2025-04-16,511260.SSE,105.72923426237328,107.08757987698408,104.4604834512248,105.81776667686174
2025-04-16,513100.SSE,6.118519966203851,6.23436797193631,6.045097726609405,6.160442660016116
2025-04-16,518880.SSE,7.036764849495373,7.14927424007594,6.9523236713014285,7.064500237229189
2025-04-17,159915.SZSE,2.852413518970604,2.8866424811982516,2.817691966965428,2.8519149463212834
2025-04-17,510300.SSE,3.1443576736781282,3.2052640777334562,3.106625381593991,3.167256993807763
2025-04-17,510500.SSE,4.443002865829692,4.498882954718875,4.389686831439736,4.445536516520627
2025-04-17,511010.SSE,101.47642532176167,102.72825657415983,100.25870821790052,101.51013495470339
2025-04-17,511260.SSE,105.81910871000784,107.17072082821774,104.54927940548774,105.89992176701358
2025-04-17,513100.SSE,6.165561773855217,6.247417241279253,6.091575032568954,6.173337194939974
2025-04-17,518880.SSE,7.0610803556474115,7.153249478461237,6.976347391379642,7.068428338400431
2025-04-18,159915.SZSE,2.8465097113075926,2.892020088165798,2.8123515947719016,2.857727359847626
2025-04-18,510300.SSE,3.1646780230859552,3.2026541593629867,3.1148678750780188,3.152700278419047
2025-04-18,510500.SSE,4.440547493137075,4.493834063054719,4.363516208662986,4.416514381237841
2025-04-18,511010.SSE,101.51812836377823,102.73634590414358,100.23289619686476,101.45029979439752
2025-04-18,511260.SSE,105.90822905188568,107.17912780050831,104.57239620579348,105.84250628116749
2025-04-18,513100.SSE,6.17626795685189,6.259984423889719,6.102152741369667,6.185755359574821
2025-04-18,518880.SSE,7.046841898975886,7.131404001763597,6.949926377526443,7.034338438791946
2025-04-21,159915.SZSE,2.8601450585149326,2.902237423139812,2.825823317812753,2.867823540651988
2025-04-21,510300.SSE,3.15251060985905,3.2019134768609687,3.114680482540741,3.163946123380404
2025-04-21,510500.SSE,4.418231265111566,4.4712500402929045,4.343091250661177,4.395841346823054
2025-04-21,511010.SSE,101.45287498015648,102.67030947991836,100.19506326329741,101.4120073515156
2025-04-21,511260.SSE,105.81674161299124,107.19621020076568,104.54694071363534,105.92510889403722
2025-04-21,513100.SSE,6.188666194284776,6.277160113348182,6.114402199953359,6.202727384731405
2025-04-21,518880.SSE,7.035349853119209,7.146056952909518,6.950925654881779,7.061321099712963
2025-04-22,159915.SZSE,2.872585565033162,2.90705659181356,2.8163221248095764,2.850528466406454
2025-04-22,510300.SSE,3.165964662880629,3.2321980201558507,3.1279730869260614,3.193871561418825
2025-04-22,510500.SSE,4.384786726576439,4.437404167295356,4.310870965643802,4.36322972231154
2025-04-22,511010.SSE,101.42548374866499,102.64258955364897,100.15652488891241,101.37300089970893
2025-04-22,511260.SSE,105.90938709742257,107.30221082507656,104.63847445225349,106.02985259394917
2025-04-22,513100.SSE,6.2011764722259235,6.313241024754168,6.1267623545592125,6.238380459243249
2025-04-22,518880.SSE,7.059818932010426,7.16602587020666,6.975101104826301,7.081053231429506
2025-04-23,159915.SZSE,2.849009696323373,2.900025400725305,2.8148215799674925,2.8656377477522774
2025-04-23,510300.SSE,3.1959395042362906,3.2477950931179373,3.157588230185455,3.2092836888517167
2025-04-23,510500.SSE,4.363040561863809,4.415397048606175,4.296642542069359,4.348828483875869
2025-04-23,511010.SSE,101.37328391171162,102.61777095703403,100.15680450477109,101.40095944370951
2025-04-23,511260.SSE,106.01714414218264,107.32685753565396,104.74493841247646,106.05420705104146
2025-04-23,513100.SSE,6.235660475604659,6.3153572030065135,6.160832549897403,6.24047154447284
2025-04-23,518880.SSE,7.0915629535284,7.209869770715089,7.006464198086059,7.124377243789614
2025-04-24,159915.SZSE,2.865976931341772,2.9003686545178735,2.817062439511904,2.8512777727853282
2025-04-24,510300.SSE,3.211818045061883,3.2503598616026257,3.161693158156394,3.2000942896319775
2025-04-24,510500.SSE,4.343655121688293,4.395778983148553,4.280843280496337,4.332837328437589
2025-04-24,511010.SSE,101.45471390512117,102.67217047198262,100.16473849281631,101.38131426398412
2025-04-24,511260.SSE,106.05053371175322,107.3343126857169,104.77792730721218,106.06157380011551
2025-04-24,513100.SSE,6.239162222163194,6.314599947189009,6.164292275497235,6.239723267973329
2025-04-24,518880.SSE,7.1244228789593675,7.223455064350695,7.038929804411855,7.1378014469868525
2025-04-25,159915.SZSE,2.844606352246957,2.8861053233504324,2.8104710760199936,2.8518827305834313
2025-04-25,510300.SSE,3.1976876456334917,3.2716756019820097,3.15931539388589,3.232881029626492
2025-04-25,510500.SSE,4.333349463523918,4.385349657086205,4.275617807116119,4.327548387769352
2025-04-25,511010.SSE,101.38387158807824,102.62513273456939,100.1672651290213,101.40823392744011
2025-04-25,511260.SSE,106.04812191098988,107.32069937392176,104.76643553358358,106.0389023619267
2025-04-25,513100.SSE,6.24499944480528,6.342385016145532,6.170059451467616,6.267178869709024
2025-04-25,518880.SSE,7.127360263036092,7.212888586192525,7.029548735594731,7.114927870035153
2025-04-28,159915.SZSE,2.8527703523363366,2.8870035965643726,2.811879642659975,2.84603202698378
2025-04-28,510300.SSE,3.2341653220176663,3.296316771121383,3.1953553381534543,3.257230010989509
2025-04-28,510500.SSE,4.3221105248804275,4.373975851178993,4.223177072358152,4.2744707210102755
2025-04-28,511010.SSE,101.41153451660622,102.70175991155361,100.19459610240695,101.48395248177233
2025-04-28,511260.SSE,106.05139873526839,107.32401552009162,104.77275446248656,106.04529803895402
2025-04-28,513100.SSE,6.273329039444027,6.39676860374109,6.198049090970699,6.320917592629535
2025-04-28,518880.SSE,7.11278577855097,7.235013099007383,7.027432349208358,7.149222429849193
2025-04-29,159915.SZSE,2.842502804439646,2.876612838092922,2.8014436561286646,2.83546928757962
2025-04-29,510300.SSE,3.2539025966624107,3.313699386693578,3.214855765502462,3.2744065085904923
2025-04-29,510500.SSE,4.276586920295671,4.3279059633392185,4.1991976175693395,4.250200017782732
2025-04-29,511010.SSE,101.45502576210997,102.67248607125529,100.22974662535096,101.4471119689787
2025-04-29,511260.SSE,106.01693236189055,107.43829282242365,104.74472917354787,106.16432097077436
2025-04-29,513100.SSE,6.313501514225158,6.38926353239586,6.2253751220259765,6.300986965613337
2025-04-29,518880.SSE,7.131802468236662,7.254943173779402,7.046220838617822,7.168916179623915
2025-04-30,159915.SZSE,2.836129766614251,2.870163323813622,2.7757318172980554,2.809445159208558
2025-04-30,510300.SSE,3.272040240481698,3.3267780200935793,3.2327757575959177,3.287330059381007
2025-04-30,510500.SSE,4.250295855182381,4.30129940544457,4.188744721647968,4.239620163611304
2025-04-30,511010.SSE,101.43792380739352,102.65517889308224,100.19997374570619,101.41697747541112
2025-04-30,511260.SSE,106.13637302295835,107.41000949923385,104.85998179178041,106.13358480949435
2025-04-30,513100.SSE,6.306593554111381,6.434324081172416,6.230914431462044,6.358027748194086
2025-04-30,518880.SSE,7.158795533677282,7.26063143713954,7.072889987273155,7.174536993220889
2025-05-01,159915.SZSE,2.804332683571227,2.8379846757740816,2.75834597124017,2.791848149028512
2025-05-01,510300.SSE,3.2838123285174876,3.3486995938708954,3.2444065805752778,3.3089916935483155
2025-05-01,510500.SSE,4.246552347673291,4.297510975845371,4.164369542968835,4.2149489301304
2025-05-01,511010.SSE,101.43637325929463,102.65360973840616,100.10041456210898,101.31620907096051
2025-05-01,511260.SSE,106.12767883774178,107.40121098379468,104.79675824883704,106.06959336926826
2025-05-01,513100.SSE,6.353202725695096,6.4418968754423656,6.276964292986754,6.365510746484551
2025-05-01,518880.SSE,7.179858336919684,7.2660166369627195,7.081181456665598,7.167187709175706
2025-05-02,159915.SZSE,2.793616883087016,2.8271402856840604,2.734482056273571,2.7676943889408614
2025-05-02,510300.SSE,3.304407108783216,3.360912533632229,3.2647542234778175,3.3210598158421236
2025-05-02,510500.SSE,4.21498204693069,4.265561831493858,4.159029983249075,4.209544517458578
2025-05-02,511010.SSE,101.29366100947448,102.64388925741639,100.07813707736078,101.42676804092528
2025-05-02,511260.SSE,106.06648817780324,107.45260082117674,104.7936903196696,106.17845930946318
2025-05-02,513100.SSE,6.368994112679136,6.445422042031286,6.275070921078296,6.351286357366696
2025-05-02,518880.SSE,7.1651198162948635,7.2557344756075866,7.079138378499325,7.169698098426469
2025-05-05,159915.SZSE,2.771004494420079,2.80425654835312,2.7291904213820897,2.762338483180253
2025-05-05,510300.SSE,3.32518573056464,3.3870510497407604,3.2852835017978643,3.3468883890718977
2025-05-05,510500.SSE,4.205771300737606,4.256240556346457,4.144453224713972,4.194790713273251
2025-05-05,511010.SSE,101.39030225589407,102.64101233992766,100.17361862882333,101.42392523708266
2025-05-05,511260.SSE,106.15272045545076,107.48243776577219,104.87888780998536,106.20794245629664
2025-05-05,513100.SSE,6.349864082337642,6.426062451325693,6.224949111448641,6.3005557808184625
2025-05-05,518880.SSE,7.177418708870748,7.285394592069872,7.091289684364299,7.1990065139030355
2025-05-06,159915.SZSE,2.7598156600701076,2.799174603367427,2.7266978721492663,2.7659828096516077
2025-05-06,510300.SSE,3.349578293693119,3.411577320329164,3.3093833541688014,3.3711238343173555
2025-05-06,510500.SSE,4.193582647018905,4.243905638783132,4.128529094355226,4.178673172424318
2025-05-06,511010.SSE,101.424471498876,102.66755539159432,100.20737784088949,101.45015354900625
2025-05-06,511260.SSE,106.19720274163735,107.614198138954,104.9228363087377,106.33814045351185
2025-05-06,513100.SSE,6.312075860898443,6.387820771229225,6.216672527339411,6.292178671396165
2025-05-06,518880.SSE,7.182505838109682,7.268695908166999,7.095679441557142,7.181861782952573
2025-05-07,159915.SZSE,2.7623164153907998,2.7954642123754896,2.7084473584808855,2.741343480243811
2025-05-07,510300.SSE,3.374967226789416,3.426061257212118,3.334467620067943,3.3854360249131603
2025-05-07,510500.SSE,4.1721249964414895,4.222190496398787,4.1019058699480615,4.151726589016256
2025-05-07,511010.SSE,101.47333323681787,102.69101323565968,100.14049521369037,101.35677653207527
2025-05-07,511260.SSE,106.33103298208434,107.60700537786936,105.02748394339388,106.30312140019623
2025-05-07,513100.SSE,6.289110386100018,6.380244192459342,6.213641061466817,6.30458912298354
2025-05-07,518880.SSE,7.179830525308204,7.265988491611902,7.07580849329952,7.161749487145263
2025-05-08,159915.SZSE,2.734456678938467,2.7672701590857285,2.7002774911458127,2.7330743837508225
2025-05-08,510300.SSE,3.385591302322348,3.4472819638729373,3.34496420669448,3.4064051026412425
2025-05-08,510500.SSE,4.153694254458093,4.203538585511589,4.089265565949602,4.138932759058302
2025-05-08,511010.SSE,101.35749247205815,102.57757720743042,100.14120256239346,101.36124229983243
2025-05-08,511260.SSE,106.29615349533583,107.60613567653138,105.0205996533918,106.33017359341045
2025-05-08,513100.SSE,6.305903013187553,6.406175496842567,6.230232177029302,6.330212941544039
2025-05-08,518880.SSE,7.1577775040482,7.261099470354163,7.071884173999622,7.174999476634548
2025-05-09,159915.SZSE,2.7322250330804168,2.765011733477382,2.6780416686868818,2.710568490573767
2025-05-09,510300.SSE,3.4094936439587906,3.4596402291478294,3.3685797202312853,3.418616827221175
2025-05-09,510500.SSE,4.141781981563025,4.191483365341781,4.091108013008304,4.140797584016502
2025-05-09,511010.SSE,101.3555641243335,102.58733570069128,100.13929735484149,101.37088507973446
2025-05-09,511260.SSE,106.33286522489169,107.60885960759039,105.01814909595761,106.29367317404616
2025-05-09,513100.SSE,6.3346943682575665,6.438274509903694,6.258678035838476,6.361931333896931
2025-05-09,518880.SSE,7.1830051882095995,7.313739015151974,7.096809125951085,7.227014837106694
2025-05-12,159915.SZSE,2.708729922511324,2.74123468158146,2.6550189362477434,2.6872661298054084
2025-05-12,510300.SSE,3.4115993370627877,3.4849736222266903,3.3706601450180345,3.443649824334674
2025-05-12,510500.SSE,4.152743296414179,4.202576215971149,4.064450716772332,4.113816514951753
2025-05-12,511010.SSE,101.33949051432744,102.55556440049936,100.1178291429692,101.33383516494858
2025-05-12,511260.SSE,106.28195354522632,107.56689217929987,105.0065701026836,106.29139543409077
2025-05-12,513100.SSE,6.35544789588382,6.440087988751128,6.279182521133214,6.363723309042617
2025-05-12,518880.SSE,7.232689474723529,7.348716347305675,7.1458972010268464,7.26157741828624
2025-05-13,159915.SZSE,2.6824078577852966,2.715585374859909,2.650218963491873,2.6833847577667083
2025-05-13,510300.SSE,3.4471191037549582,3.4954692603823236,3.405753674509899,3.4540210082829286
2025-05-13,510500.SSE,4.110833124908167,4.160163122407065,4.057840402959162,4.107125913926277
2025-05-13,511010.SSE,101.34147356027337,102.61290377482078,100.12537587755008,101.39614997511934
2025-05-13,511260.SSE,106.31757887228653,107.59338981875398,104.94611872714604,106.22076794245551
2025-05-13,513100.SSE,6.363182416198704,6.444675301867115,6.2868242272043195,6.368256227141417
2025-05-13,518880.SSE,7.2670205149334635,7.354224761112665,7.158730436144628,7.245678579093753
2025-05-14,159915.SZSE,2.6848033601781767,2.717021000500315,2.6380690417860424,2.670110366180205
2025-05-14,510300.SSE,3.4547348202474946,3.4961916380904645,3.4118356993436345,3.4532749993356626
2025-05-14,510500.SSE,4.1058429373163055,4.155113052564102,4.053151634324843,4.102380196685064
2025-05-14,511010.SSE,101.40732571598049,102.73139647245992,100.19043780738872,101.51323762100783
2025-05-14,511260.SSE,106.22941120604845,107.54758861510167,104.95465827157587,106.27232076591075
2025-05-14,513100.SSE,6.366275907452479,6.461213289365329,6.28988059656305,6.3845981120210755
2025-05-14,518880.SSE,7.258720290754137,7.389939337891484,7.171615647265087,7.302311598707
2025-05-15,159915.SZSE,2.668709018364039,2.702563936301573,2.6366845101436707,2.6705177236181554
2025-05-15,510300.SSE,3.4558024360158535,3.517727428731837,3.4143328067836634,3.4760152457824476
2025-05-15,510500.SSE,4.099625478222499,4.163324295281373,4.050429972483829,4.1139568135191436
2025-05-15,511010.SSE,101.48309719065163,102.70089435693946,100.23338949098168,101.45079907994098
2025-05-15,511260.SSE,106.25802608955784,107.56516834020789,104.98292977648315,106.28969203577854
2025-05-15,513100.SSE,6.380772017547924,6.4811452794834805,6.304202753337349,6.4042937544303165
2025-05-15,518880.SSE,7.29917640404089,7.4405175424676075,7.211586287192399,7.352290061726885
2025-05-16,159915.SZSE,2.667168258622017,2.699174277725481,2.6247491624821215,2.65662870696571
2025-05-16,510300.SSE,3.477556715382029,3.549768077835235,3.4358260347974445,3.5076759662403507
2025-05-16,510500.SSE,4.114975003871364,4.16435470391782,4.060402776117673,4.109719409025985
2025-05-16,511010.SSE,101.46998409763633,102.68762390680797,100.20080054390337,101.41781431569167
2025-05-16,511260.SSE,106.29136631521904,107.59735293886766,105.01586991943641,106.32149499888108
2025-05-16,513100.SSE,6.401009129207997,6.5216126764067806,6.324197019657501,6.444281300797214
2025-05-16,518880.SSE,7.363750870204635,7.45211588064709,7.267933683249127,7.356208181426242
2025-05-19,159915.SZSE,2.654910421090376,2.6867693461434605,2.618585794264672,2.650390480024972
2025-05-19,510300.SSE,3.503638976529772,3.5719259818058244,3.461595308811415,3.529571128266625
2025-05-19,510500.SSE,4.1115498977232825,4.164428494983792,4.062211298950603,4.115047919944458
2025-05-19,511010.SSE,101.43075766934098,102.64792676137307,100.14486849129693,101.3612029264139
2025-05-19,511260.SSE,106.32369260393854,107.5995769151858,105.02734212798795,106.30297786233598
2025-05-19,513100.SSE,6.452647217080567,6.5300789836855335,6.369217562693383,6.44657648045889
2025-05-19,518880.SSE,7.347252007119183,7.435419031204613,7.221633697056719,7.309345847223399
2025-05-20,159915.SZSE,2.6537051556022693,2.6855496174694964,2.605590239383581,2.637237084396337
2025-05-20,510300.SSE,3.523407838069941,3.5951407962661777,3.4811269440131016,3.552510668247211
2025-05-20,510500.SSE,4.114791681206317,4.176991631178525,4.065414181031842,4.127462086144787
2025-05-20,511010.SSE,101.38033354918777,102.65519827675737,100.1637695465975,101.4379429612227
2025-05-20,511260.SSE,106.3245014593625,107.60039547687485,104.99006180481601,106.26524474171661
2025-05-20,513100.SSE,6.442076348279676,6.568500204348712,6.36477143210032,6.490612850146949
2025-05-20,518880.SSE,7.300134395534867,7.417861103854476,7.212532782788449,7.3299022765360435
2025-05-21,159915.SZSE,2.639092839292236,2.670761953363743,2.5996966459500457,2.6312719088563217
2025-05-21,510300.SSE,3.549560717031118,3.6100677612350527,3.5069659884267446,3.567260633631475
2025-05-21,510500.SSE,4.132696466293389,4.18228882388891,4.073683751854845,4.1231616921607745
2025-05-21,511010.SSE,101.44780870512099,102.70761850119652,100.23043500065954,101.48974160197285
2025-05-21,511260.SSE,106.25461197607805,107.59311061992739,104.97955663236512,106.31730298411797
2025-05-21,513100.SSE,6.4949033242451675,6.579839183211308,6.416964484354225,6.501817374714731
2025-05-21,518880.SSE,7.336342255873785,7.472435712341541,7.2483061488033,7.383829755278203
2025-05-22,159915.SZSE,2.6308727828866605,2.6624432562813003,2.5798032135769433,2.611136855847109
2025-05-22,510300.SSE,3.5696124836052814,3.6349660072206236,3.526777133802018,3.5918636434986397
2025-05-22,510500.SSE,4.12019486943183,4.169637207865012,4.063820475671004,4.113178619100206
2025-05-22,511010.SSE,101.5007992191775,102.71880880980763,100.24954009314895,101.46714584326817
2025-05-22,511260.SSE,106.33090075040995,107.60687155941487,104.97784166751643,106.25287618169679
2025-05-22,513100.SSE,6.504204158487487,6.582254608389337,6.422175987923328,6.50017812542847
2025-05-22,518880.SSE,7.370878585682052,7.532139353570553,7.282428042653867,7.442825448192246
2025-05-23,159915.SZSE,2.6130235330482696,2.644379815444849,2.567027379895942,2.5982058500971075
2025-05-23,510300.SSE,3.594756641237233,3.6538179714026464,3.551619561542386,3.6104920666034057
2025-05-23,510500.SSE,4.117913704198307,4.167328668648687,4.0584269642688255,4.107719599462374
2025-05-23,511010.SSE,101.47595223596407,102.69366366279564,100.25315343107874,101.47080306789347
2025-05-23,511260.SSE,106.25361737735415,107.57151768524359,104.9785739688259,106.29596609213793
2025-05-23,513100.SSE,6.489592697701733,6.592382445769495,6.411717585329312,6.514211902934283
2025-05-23,518880.SSE,7.447800603966968,7.537411265578124,7.3584269967193645,7.448034847409213
2025-05-26,159915.SZSE,2.5946892291429906,2.6258254998927066,2.550734429176195,2.5817150092876466
2025-05-26,510300.SSE,3.604734559925167,3.6622929873487458,3.561477745206065,3.6188665882892743
2025-05-26,510500.SSE,4.110301074832467,4.159624687730457,4.050018103671644,4.099208606955106
2025-05-26,511010.SSE,101.4854915615645,102.70331746030328,100.19773852490484,101.41471510617899
2025-05-26,511260.SSE,106.32239396088828,107.68146770700932,105.04652523335761,106.40461235870485
2025-05-26,513100.SSE,6.518158741133662,6.635780229925441,6.439940836240058,6.557095088859131
2025-05-26,518880.SSE,7.44891524766951,7.603429338623991,7.359528264697476,7.513270097454536
2025-05-27,159915.SZSE,2.581812509899412,2.612794260018205,2.5286584497600617,2.559370900566864
2025-05-27,510300.SSE,3.6147267456653194,3.673149220716704,3.5713500247173355,3.6295940916172964
2025-05-27,510500.SSE,4.099151075349109,4.157377504152337,4.04996126244492,4.108080537699938
2025-05-27,511010.SSE,101.38397829814791,102.6643769326637,100.16737055857013,101.44701277931196
2025-05-27,511260.SSE,106.42750762232743,107.76141707890055,105.1503775308595,106.48361371432861
2025-05-27,513100.SSE,6.546290702777432,6.651902986947099,6.467735214344103,6.573026666943774
2025-05-27,518880.SSE,7.522671279858803,7.612943335217109,7.385942250052767,7.475650050660695
2025-05-28,159915.SZSE,2.5598108329392932,2.5905285629345647,2.5254935748969425,2.5561675859280797
2025-05-28,510300.SSE,3.6265328226753435,3.7216796884986696,3.5830144288032395,3.6775490993069857
2025-05-28,510500.SSE,4.106571399033449,4.167015174428348,4.057292542245047,4.117603927300739
2025-05-28,511010.SSE,101.42163628782197,102.66089647586968,100.2045766523681,101.4435735927566
2025-05-28,511260.SSE,106.48710961640998,107.7649549318069,105.15598729037403,106.4331855165729
2025-05-28,513100.SSE,6.577844973817812,6.668764217381977,6.4989108341319985,6.589687961839898
2025-05-28,518880.SSE,7.475131622644832,7.593088436585021,7.385430043173094,7.503051814807333
2025-05-29,159915.SZSE,2.554766825542039,2.5854240274485436,2.515176236532826,2.5457249357619696
2025-05-29,510300.SSE,3.676016410731332,3.720128607660108,3.622387319392627,3.666383926510756
2025-05-29,510500.SSE,4.129277844064386,4.178829178193158,4.066781247866697,4.1161753520917985
2025-05-29,511010.SSE,101.43113047736017,102.64830404308849,100.19022213944392,101.40710742858697
2025-05-29,511260.SSE,106.42853302245261,107.70567541872204,105.11619875683613,106.39291372149405
2025-05-29,513100.SSE,6.585789841482579,6.70391835797363,6.506760363384788,6.624425254914654
2025-05-29,518880.SSE,7.503542458688457,7.5979429008545765,7.413499949184196,7.5078487162594625
2025-05-30,159915.SZSE,2.5470185810108874,2.577582803983018,2.5005346169089084,2.5309054827013244
2025-05-30,510300.SSE,3.6605624515846373,3.7214774415232097,3.6166357021656217,3.677349250517006
2025-05-30,510500.SSE,4.112253778682624,4.161600824026816,4.040235496302853,4.0893071824927665
2025-05-30,511010.SSE,101.40491333764096,102.62177229769266,100.17564826591352,101.39235654444688
2025-05-30,511260.SSE,106.40189731389034,107.67872008165703,105.10323491365527,106.379792422728
2025-05-30,513100.SSE,6.6244899215147015,6.756433779036681,6.544996042456525,6.676317963474981
2025-05-30,518880.SSE,7.51231077362107,7.6323532284393645,7.4221630443376165,7.541851016244431
2025-06-02,159915.SZSE,2.528602127608635,2.567452652084356,2.4982589020773314,2.5370085494904706
2025-06-02,510300.SSE,3.6712533641412524,3.721591581373859,3.6271983237715575,3.6774620369306907
2025-06-02,510500.SSE,4.090728826546055,4.139817572464608,4.036350781534135,4.085375284953578
2025-06-02,511010.SSE,101.39891577615396,102.61925718734982,100.18212878684011,101.40242805074092
2025-06-02,511260.SSE,106.37659309810002,107.68543962420915,105.10007398092282,106.40853717807228
2025-06-02,513100.SSE,6.666244375690233,6.795705670207398,6.58624944318195,6.7151241800468355
2025-06-02,518880.SSE,7.536022731219521,7.708190346468732,7.445590458444887,7.616788879909814
2025-06-03,159915.SZSE,2.538517987756044,2.5760938814582746,2.5080557719029715,2.5455473136939473
2025-06-03,510300.SSE,3.673937747305283,3.7458134024853975,3.6298504943376195,3.701396642772132
2025-06-03,510500.SSE,4.081801101821108,4.181208249200038,4.032819488599254,4.131628704743121
2025-06-03,511010.SSE,101.40791545054125,102.64241043204524,100.19102046513476,101.42530675103285
2025-06-03,511260.SSE,106.43834118806116,107.71560128231789,105.10549715757423,106.38208214329376
2025-06-03,513100.SSE,6.716083029747712,6.866972970189704,6.63549003339074,6.785546413230933
2025-06-03,518880.SSE,7.610515936018866,7.784371675812113,7.51918974478664,7.692066873332127
2025-06-04,159915.SZSE,2.5471867544511544,2.5777529955045684,2.498898417792771,2.529249410721428
2025-06-04,510300.SSE,3.7017691311166057,3.751910802787199,3.6573479015432064,3.707421741884584
2025-06-04,510500.SSE,4.140244785171677,4.189927722593737,4.081203342206702,4.130772613569536
2025-06-04,511010.SSE,101.4441923090089,102.66152261671701,100.19572414937136,101.41267626454591
2025-06-04,511260.SSE,106.38347345410884,107.67660458106114,105.10687177265953,106.39980689828175
2025-06-04,513100.SSE,6.792888558499288,6.909109203639297,6.711373895797297,6.8271830075487125
2025-06-04,518880.SSE,7.696325618640933,7.788681526064624,7.58643186670974,7.678574763876255
2025-06-05,159915.SZSE,2.520656112968878,2.5509039863245047,2.485240004547554,2.5154251058173625
2025-06-05,510300.SSE,3.7023188023397524,3.7467466279678296,3.6403784915790984,3.684593614958602
2025-06-05,510500.SSE,4.135048649477803,4.184669233271537,4.0651905607114855,4.114565344849682
2025-06-05,511010.SSE,101.43209011953111,102.64927520096549,100.19801347538352,101.41499339613716
2025-06-05,511260.SSE,106.39261375847667,107.66932512357839,105.09353030058189,106.36996993986021
2025-06-05,513100.SSE,6.820758514789456,6.90260761696693,6.734825752425502,6.816625255491399
2025-06-05,518880.SSE,7.67831239828792,7.803197062336805,7.586172649508465,7.7106690339296495
2025-06-06,159915.SZSE,2.5189206780472597,2.549147726183827,2.468296803734612,2.4982761171402954
2025-06-06,510300.SSE,3.6840958448990753,3.7446566302841484,3.6398866947602864,3.7002535872373006
2025-06-06,510500.SSE,4.111310332321008,4.188756591121148,4.061974608333156,4.139087540633546
2025-06-06,511010.SSE,101.40024897973116,102.70475465990262,100.18344599197438,101.48691171927136
2025-06-06,511260.SSE,106.36182204479056,107.7473881291106,105.08548018025307,106.46975111572193
2025-06-06,513100.SSE,6.81179832972167,6.915916747910678,6.7300567497650094,6.833909829951263
2025-06-06,518880.SSE,7.70700579777192,7.8415251146265135,7.614521728198657,7.748542603385883
2025-06-09,159915.SZSE,2.489409091226168,2.519282000320882,2.457565612596443,2.487414587648222
2025-06-09,510300.SSE,3.704826142990749,3.749818426302294,3.66036822927486,3.7053541761880373
2025-06-09,510500.SSE,4.141563569068777,4.197762367723618,4.091864806239951,4.147986529371164
2025-06-09,511010.SSE,101.4909471916046,102.72352628378148,100.27305582530535,101.50546075472478
2025-06-09,511260.SSE,106.44822802534303,107.73159993838965,105.17084928903891,106.45415013674867
2025-06-09,513100.SSE,6.837535436956786,6.919585862200268,6.737681885699404,6.8195160786431215
2025-06-09,518880.SSE,7.747794274046543,7.840767805335101,7.63498658209426,7.727719212646012
2025-06-10,159915.SZSE,2.4856274657270503,2.5154549953157748,2.4423297448959165,2.4719936689229924
2025-06-10,510300.SSE,3.6997309665565252,3.7441277381552034,3.6436068518537392,3.6878611860867805
2025-06-10,510500.SSE,4.149233788296808,4.212466112710746,4.099442982837246,4.162515921650934
2025-06-10,511010.SSE,101.4911185127501,102.75514673536075,100.27322509059711,101.53670626023789
2025-06-10,511260.SSE,106.46402526624638,107.79359260890337,105.18645696305143,106.51540771630768
2025-06-10,513100.SSE,6.8233330387905555,6.913006841199365,6.741453042325069,6.831034428062613
2025-06-10,518880.SSE,7.74210861911081,7.835013922540139,7.604862426724071,7.697229176846226
2025-06-11,159915.SZSE,2.474952534483208,2.5046519648970063,2.4439383613829517,2.473621823262097
2025-06-11,510300.SSE,3.686973059195871,3.747937935373593,3.6427293824855203,3.703495983570744
2025-06-11,510500.SSE,4.160007808986065,4.2127812907881985,4.110087715278232,4.162827362438931
2025-06-11,511010.SSE,101.53352064617208,102.75192289392615,100.28409771118805,101.5021231894616
2025-06-11,511260.SSE,106.50085140642824,107.77886162330537,105.1536781387909,106.43084831861427
2025-06-11,513100.SSE,6.811662658102618,6.906172086348759,6.729922706205387,6.8242807177359275
2025-06-11,518880.SSE,7.693251854876481,7.834982428069248,7.600932832617963,7.742077498092142
2025-06-12,159915.SZSE,2.472706337451804,2.5023788135012257,2.4403255766960212,2.4699651585992117
2025-06-12,510300.SSE,3.7079263442563524,3.7785148058921023,3.663431228125276,3.733710282502077
2025-06-12,510500.SSE,4.166511115924783,4.219795796706871,4.116512982533686,4.169758692398093
2025-06-12,511010.SSE,101.50756708664063,102.72565789168033,100.25174808155096,101.46938064934308
2025-06-12,511260.SSE,106.45032957634564,107.72773353126179,105.11079815884646,106.38744752919683
2025-06-12,513100.SSE,6.84034557896615,6.9224297259137435,6.754041355766619,6.836074246727347
2025-06-12,518880.SSE,7.737815190639518,7.863064700752774,7.644961408351843,7.769826779399974
2025-06-13,159915.SZSE,2.465743770402124,2.4953326956469497,2.4321829157396215,2.4617235989267425
2025-06-13,510300.SSE,3.731888751818364,3.808961590617277,3.6871060867965437,3.7637960381593647
2025-06-13,510500.SSE,4.171652983677564,4.229533554664453,4.121593147873433,4.179380982870013
2025-06-13,511010.SSE,101.41175037077676,102.72304062859858,100.19480936632743,101.50498085829899
2025-06-13,511260.SSE,106.36452465573171,107.71300211503967,105.08815035986294,106.43577284094829
2025-06-13,513100.SSE,6.840290982709568,6.922374474502083,6.756378287420063,6.838439562166055
2025-06-13,518880.SSE,7.754364548198491,7.8602359666773065,7.661312173620109,7.767031587625797
